,selling_price,km_driven,fuel,seller_type,transmission,owner,mileage,engine,max_power,seats,age
0,450000,145500,Diesel,Individual,Manual,1.0,23.4,1248 ,74,5.0,7
1,370000,120000,Diesel,Individual,Manual,2.0,21.14,1498 ,103.52,5.0,7
2,158000,140000,Petrol,Individual,Manual,3.0,17.7,1497 ,78,5.0,15
3,225000,127000,Diesel,Individual,Manual,1.0,23.0,1396 ,90,5.0,11
4,130000,120000,Petrol,Individual,Manual,1.0,16.1,1298 ,88.2,5.0,14
5,440000,45000,Petrol,Individual,Manual,1.0,20.14,1197 ,81.86,5.0,4
6,96000,175000,LPG,Individual,Manual,1.0,17.3,1061 ,57.5,5.0,14
7,45000,5000,Petrol,Individual,Manual,2.0,16.1,796 ,37,4.0,20
8,350000,90000,Diesel,Individual,Manual,1.0,23.59,1364 ,67.1,5.0,10
9,200000,169000,Diesel,Individual,Manual,1.0,20.0,1399 ,68.1,5.0,8
10,500000,68000,Diesel,Individual,Manual,2.0,19.01,1461 ,108.45,5.0,7
11,92000,100000,Petrol,Individual,Manual,2.0,17.3,993 ,60,5.0,16
12,280000,140000,Diesel,Individual,Manual,2.0,19.3,1248 ,73.9,5.0,12
14,180000,90000,Petrol,Individual,Manual,2.0,18.9,1061 ,67,5.0,12
15,400000,40000,Petrol,Individual,Manual,1.0,18.15,1198 ,82,5.0,5
16,778000,70000,Diesel,Individual,Manual,2.0,24.52,1248 ,88.5,7.0,5
17,500000,53000,Diesel,Individual,Manual,2.0,23.0,1396 ,90,5.0,9
18,150000,80000,Petrol,Individual,Manual,2.0,19.7,796 ,46.3,5.0,19
19,680000,100000,Diesel,Individual,Manual,1.0,22.54,1396 ,88.73,5.0,5
20,174000,100000,Diesel,Individual,Manual,2.0,21.0,1461 ,64.1,5.0,10
21,950000,50000,Diesel,Individual,Manual,1.0,25.5,1498 ,98.6,5.0,4
22,525000,40000,Diesel,Individual,Manual,1.0,26.59,1248 ,74,5.0,6
23,600000,72000,Diesel,Individual,Manual,1.0,21.5,1248 ,88.8,5.0,9
24,500000,35000,Petrol,Individual,Manual,1.0,20.3,1199 ,83.81,5.0,3
25,575000,45000,Petrol,Individual,Manual,1.0,21.4,1197 ,83.1,5.0,5
26,275000,28000,Petrol,Individual,Manual,1.0,24.7,796 ,47.3,5.0,4
27,300000,70000,Diesel,Individual,Manual,1.0,18.2,1248 ,73.8,7.0,8
28,220000,120000,Petrol,Individual,Manual,1.0,18.9,1061 ,67,5.0,12
29,254999,25000,Petrol,Individual,Manual,1.0,16.8,796 ,34.2,8.0,3
30,670000,70000,Diesel,Individual,Manual,1.0,24.3,1248 ,88.5,5.0,4
32,150000,35000,Petrol,Individual,Manual,2.0,14.0,796 ,35,5.0,9
33,730000,2388,Petrol,Individual,Manual,1.0,18.6,1197 ,81.83,5.0,3
34,650000,16200,Diesel,Individual,Manual,1.0,24.3,1248 ,88.5,5.0,4
35,330000,10000,CNG,Individual,Manual,2.0,33.44,796 ,40.3,4.0,2
36,366000,15000,Petrol,Individual,Manual,1.0,23.95,998 ,67.1,5.0,2
37,1149000,5000,Petrol,Individual,Manual,1.0,17.0,1591 ,121.3,5.0,2
38,150000,42000,Petrol,Individual,Manual,1.0,20.63,1198 ,67,5.0,5
39,425000,60000,Diesel,Individual,Manual,2.0,13.93,2179 ,138.03,7.0,10
40,150000,76000,Petrol,Individual,Manual,1.0,16.1,796 ,37,4.0,9
41,2100000,5000,Petrol,Individual,Automatic,1.0,16.0,1368 ,160.77,5.0,2
42,925000,28900,Petrol,Dealer,Manual,1.0,17.8,1497 ,117.3,5.0,3
43,425000,86300,Petrol,Dealer,Manual,1.0,16.8,1497 ,116.3,5.0,8
44,675000,23300,Petrol,Dealer,Automatic,1.0,18.5,1197 ,83.14,5.0,3
45,819999,32600,Diesel,Dealer,Manual,1.0,24.3,1248 ,88.5,5.0,3
46,390000,10300,Petrol,Dealer,Manual,1.0,23.95,998 ,67.05,5.0,3
47,1500000,77000,Diesel,Dealer,Manual,1.0,12.55,2982 ,168.5,7.0,7
48,700000,99000,Diesel,Dealer,Manual,1.0,12.99,2494 ,100,7.0,8
49,1450000,27800,Diesel,Dealer,Automatic,2.0,14.8,2143 ,120.7,5.0,7
50,425000,49800,Diesel,Dealer,Manual,1.0,24.7,1498 ,98.63,5.0,6
51,1090000,151000,Diesel,Dealer,Manual,1.0,13.5,2477 ,175.56,7.0,8
52,600000,54700,Diesel,Dealer,Manual,1.0,26.0,1498 ,98.6,5.0,6
53,850000,64000,Petrol,Dealer,Manual,1.0,20.65,1462 ,103.25,5.0,3
54,525000,63000,Diesel,Dealer,Manual,1.0,27.3,1498 ,98.6,5.0,6
55,1650000,127700,Diesel,Dealer,Automatic,2.0,11.36,2755 ,171.5,7.0,5
56,950000,99000,Diesel,Dealer,Manual,1.0,12.99,2494 ,100.6,7.0,5
57,1750000,33900,Diesel,Dealer,Automatic,2.0,17.68,1968 ,174.33,5.0,8
58,1590000,25000,Petrol,Dealer,Automatic,1.0,14.28,1798 ,138.03,5.0,3
59,1689999,50000,Diesel,Dealer,Automatic,1.0,18.53,1968 ,187.74,5.0,8
60,1425000,59000,Diesel,Dealer,Automatic,1.0,14.84,2143 ,170,5.0,8
61,265000,120000,Diesel,Individual,Manual,1.0,21.12,1248 ,88.8,5.0,10
62,190000,110000,Petrol,Individual,Manual,3.0,20.36,1197 ,78.9,5.0,10
63,425000,60000,Diesel,Individual,Manual,1.0,21.27,1396 ,88.76,5.0,8
64,630000,147000,Diesel,Individual,Manual,2.0,26.59,1248 ,74,5.0,6
65,600000,25000,Petrol,Individual,Manual,3.0,18.16,1196 ,86.8,5.0,4
66,650000,30000,Petrol,Individual,Manual,1.0,21.4,1197 ,83.1,5.0,2
67,540000,40000,Diesel,Individual,Manual,1.0,22.0,1498 ,108.495,5.0,5
68,630000,135000,Diesel,Individual,Manual,1.0,25.1,1498 ,98.6,5.0,6
69,448000,30000,Petrol,Individual,Automatic,1.0,20.51,998 ,67,5.0,3
70,500000,80000,Diesel,Individual,Manual,1.0,21.66,1498 ,108.62,5.0,4
71,745000,70000,Diesel,Individual,Manual,1.0,24.3,1248 ,88.5,5.0,5
72,1025000,9850,Diesel,Individual,Automatic,1.0,24.3,1248 ,88.5,5.0,2
73,235000,60000,Petrol,Individual,Manual,2.0,20.36,1197 ,78.9,5.0,10
74,630000,70000,Diesel,Individual,Manual,1.0,25.2,1248 ,74,5.0,5
75,1700000,78000,Diesel,Individual,Manual,2.0,12.55,2982 ,168.5,7.0,6
76,450000,120000,Diesel,Individual,Manual,2.0,22.9,1248 ,74,5.0,8
77,450000,120000,Petrol,Individual,Manual,2.0,16.02,1373 ,93.7,7.0,9
79,450000,170000,Diesel,Individual,Manual,1.0,20.54,1598 ,103.6,5.0,8
80,1200000,140000,Diesel,Individual,Manual,1.0,12.99,2494 ,100.6,8.0,5
81,610000,90000,Diesel,Individual,Manual,1.0,22.77,1498 ,98.59,5.0,6
82,2500000,30000,Petrol,Individual,Automatic,2.0,15.71,1998 ,189,5.0,5
83,484999,10000,Petrol,Dealer,Manual,1.0,23.1,998 ,67.04,5.0,4
84,275000,49000,Petrol,Dealer,Manual,1.0,19.02,1198 ,67.05,5.0,5
85,315000,32000,Petrol,Dealer,Manual,1.0,24.7,796 ,47.3,5.0,5
86,275000,38000,Petrol,Dealer,Manual,1.0,24.7,796 ,47.3,5.0,5
88,290000,28000,Petrol,Dealer,Manual,1.0,19.81,1086 ,68.05,5.0,9
89,280000,32000,Petrol,Dealer,Manual,1.0,14.0,796 ,35,5.0,4
90,225000,44000,LPG,Dealer,Manual,1.0,26.2,998 ,58.2,5.0,11
91,455000,42000,Petrol,Dealer,Manual,1.0,16.47,1198 ,74,5.0,6
92,351000,45000,Petrol,Dealer,Manual,2.0,19.81,1086 ,68.05,5.0,6
93,535000,12000,Petrol,Dealer,Manual,2.0,15.04,1598 ,103.6,5.0,9
94,175000,55500,Petrol,Dealer,Manual,1.0,18.2,998 ,67.1,5.0,12
95,525000,61500,Petrol,Dealer,Manual,1.0,18.5,1197 ,82.85,5.0,8
96,600000,150000,Diesel,Individual,Manual,1.0,26.59,1248 ,74,5.0,5
97,565000,72000,Petrol,Dealer,Automatic,1.0,19.1,1197 ,82,5.0,5
98,120000,68000,Petrol,Dealer,Manual,3.0,19.7,796 ,46.3,5.0,13
99,725000,110000,Diesel,Individual,Manual,1.0,22.54,1396 ,88.73,5.0,4
100,185000,77000,Petrol,Dealer,Manual,2.0,21.79,998 ,67.05,5.0,12
101,200000,100000,Diesel,Individual,Manual,2.0,18.8,1248 ,90,5.0,11
102,615000,10000,Petrol,Individual,Manual,1.0,21.21,1197 ,81.80,5.0,2
103,270000,100000,Petrol,Individual,Manual,3.0,15.37,1196 ,73,7.0,5
104,610000,35000,Petrol,Individual,Manual,1.0,21.4,1197 ,83.1,5.0,3
105,625000,70000,Diesel,Individual,Automatic,2.0,11.79,2179 ,120,8.0,7
106,400000,5000,Petrol,Individual,Manual,2.0,19.0,1194 ,94.68,5.0,1
107,866000,37800,Petrol,Individual,Manual,1.0,17.0,1591 ,121.3,5.0,4
108,700000,114000,Petrol,Individual,Manual,1.0,14.3,1798 ,160,5.0,11
109,300000,48000,Petrol,Individual,Manual,1.0,15.8,1172 ,65,5.0,11
110,1700000,32000,Diesel,Individual,Manual,1.0,15.1,2179 ,155,7.0,2
111,375000,100000,Diesel,Individual,Manual,1.0,19.09,1405 ,69.01,5.0,5
112,522000,150000,Diesel,Individual,Manual,2.0,22.32,1582 ,126.32,5.0,8
113,451999,69000,Diesel,Individual,Manual,1.0,21.9,1396 ,88.76,5.0,8
114,300000,100000,Petrol,Individual,Manual,2.0,14.53,1798 ,138.1,5.0,12
115,475000,13000,Petrol,Individual,Manual,1.0,21.63,998 ,67.04,5.0,1
116,780000,60000,Diesel,Individual,Manual,1.0,24.3,1248 ,88.5,5.0,5
117,595000,40000,Petrol,Individual,Manual,1.0,20.85,1197 ,83.14,5.0,4
118,440000,35000,Petrol,Individual,Manual,1.0,20.51,998 ,67.04,5.0,4
120,400000,70000,Diesel,Individual,Manual,3.0,20.45,1461 ,83.8,5.0,7
121,1140000,50000,Diesel,Individual,Manual,1.0,19.67,1582 ,126.2,5.0,5
122,850000,76139,Diesel,Individual,Manual,1.0,23.0,1498 ,98.96,5.0,4
123,370000,175000,Diesel,Individual,Manual,4.0,19.3,1248 ,73.9,5.0,9
124,350000,25000,Petrol,Individual,Manual,1.0,23.01,999 ,67,5.0,3
125,360000,40000,Petrol,Individual,Manual,2.0,23.1,998 ,67.04,5.0,6
126,105000,65000,Petrol,Individual,Manual,4.0,19.7,796 ,46.3,5.0,13
127,625000,90000,Diesel,Individual,Manual,2.0,20.77,1248 ,88.76,7.0,8
128,135000,80000,Petrol,Individual,Manual,2.0,17.92,1086 ,62.1,5.0,12
129,700000,110000,Diesel,Individual,Manual,2.0,20.77,1248 ,88.76,7.0,6
130,690000,1303,Petrol,Dealer,Manual,1.0,17.8,1198 ,86.7,5.0,2
131,3975000,31800,Diesel,Dealer,Automatic,1.0,17.01,1968 ,188,5.0,3
132,5150000,20000,Petrol,Dealer,Automatic,1.0,22.37,2487 ,214.56,5.0,2
133,3200000,45000,Diesel,Dealer,Automatic,1.0,19.33,1999 ,177,5.0,4
134,4100000,17000,Petrol,Individual,Automatic,1.0,9.5,3604 ,280,5.0,4
135,4500000,21000,Diesel,Dealer,Automatic,1.0,12.83,1999 ,148.31,7.0,2
136,6000000,37000,Diesel,Dealer,Automatic,1.0,13.5,2987 ,254.79,5.0,4
137,3790000,29500,Diesel,Dealer,Automatic,1.0,22.48,1995 ,187.74,5.0,3
139,5800000,7500,Diesel,Dealer,Automatic,1.0,16.78,1995 ,190,5.0,2
140,1864999,50000,Petrol,Dealer,Automatic,1.0,14.67,1798 ,177.46,5.0,3
141,2700000,35000,Diesel,Dealer,Automatic,1.0,15.0,2143 ,204,5.0,5
142,1750000,19000,Petrol,Dealer,Automatic,1.0,13.96,1451 ,141,5.0,2
143,795000,41000,Petrol,Dealer,Automatic,1.0,18.0,1497 ,117.6,5.0,4
144,625000,39000,Petrol,Dealer,Automatic,1.0,14.28,1798 ,138.03,5.0,8
145,3400000,22000,Diesel,Dealer,Automatic,1.0,18.0,1969 ,190,5.0,3
146,2650000,53000,Diesel,Dealer,Automatic,1.0,12.07,2967 ,241.4,7.0,6
147,535000,40000,Diesel,Dealer,Manual,1.0,26.21,1248 ,88.5,5.0,6
148,5850000,47000,Diesel,Dealer,Automatic,1.0,13.5,2987 ,282,5.0,4
149,975000,72200,Petrol,Dealer,Automatic,2.0,10.8,2497 ,150,5.0,11
150,805000,49900,Petrol,Dealer,Manual,1.0,16.3,1797 ,147.5,5.0,5
151,2625000,9000,Diesel,Dealer,Automatic,1.0,13.6,1999 ,177,5.0,4
152,811000,11000,Petrol,Dealer,Manual,1.0,17.0,1198 ,108.5,5.0,3
153,375000,49000,Petrol,Individual,Manual,1.0,15.04,1598 ,103.6,5.0,10
154,550000,95000,Petrol,Individual,Manual,1.0,16.3,1797 ,147.5,5.0,9
155,645000,11000,Petrol,Dealer,Automatic,1.0,14.3,1598 ,103.5,5.0,5
156,2550000,18000,Petrol,Dealer,Automatic,1.0,15.04,1991 ,183,5.0,3
157,599000,46100,Petrol,Dealer,Manual,1.0,16.02,1373 ,93.7,7.0,7
158,2700000,16000,Petrol,Dealer,Automatic,1.0,14.74,1991 ,181.04,5.0,4
159,875000,18000,Petrol,Dealer,Automatic,1.0,15.6,1497 ,116.3,5.0,4
160,894999,9654,Petrol,Dealer,Automatic,1.0,19.56,1197 ,81.80,5.0,2
161,175000,11000,Petrol,Dealer,Manual,1.0,23.95,998 ,67.05,5.0,10
162,340000,24300,Petrol,Dealer,Manual,1.0,21.21,1197 ,81.80,5.0,9
163,1525000,42163,Diesel,Dealer,Automatic,2.0,11.36,2755 ,171.5,7.0,5
164,1025000,8000,Diesel,Dealer,Automatic,1.0,21.5,1497 ,108.5,5.0,3
165,2150000,30000,Diesel,Dealer,Automatic,1.0,22.69,1995 ,190,5.0,5
166,1900000,41000,Petrol,Dealer,Automatic,1.0,19.16,2494 ,157.7,5.0,5
167,2900000,12000,Diesel,Dealer,Automatic,1.0,18.12,1995 ,190,5.0,5
168,450000,71000,Petrol,Dealer,Automatic,1.0,12.1,2362 ,164.7,5.0,12
169,850000,20000,Petrol,Individual,Manual,1.0,17.5,1373 ,91.1,7.0,5
170,10000000,30000,Petrol,Individual,Automatic,1.0,42.0,1969 ,400,4.0,4
171,300000,100000,Diesel,Individual,Manual,2.0,20.54,1598 ,103.6,5.0,10
172,575000,9500,Petrol,Individual,Manual,1.0,18.16,1196 ,86.8,5.0,3
173,160000,120000,Diesel,Individual,Manual,1.0,20.0,1399 ,68,5.0,10
174,515000,36600,Petrol,Individual,Manual,1.0,20.4,1197 ,81.80,5.0,6
175,390000,50000,Petrol,Individual,Automatic,2.0,20.51,998 ,67,5.0,6
176,550000,14000,Petrol,Individual,Manual,2.0,18.6,1197 ,81.83,5.0,5
177,40000,40000,Petrol,Individual,Manual,2.0,16.1,796 ,37,4.0,22
178,220000,120000,Diesel,Individual,Manual,1.0,21.1,1248 ,73.9,5.0,11
179,425000,70000,Petrol,Individual,Manual,1.0,18.9,1197 ,82,5.0,6
180,480000,13000,Petrol,Individual,Manual,1.0,19.44,999 ,75,5.0,2
181,400000,60000,Petrol,Individual,Manual,2.0,18.9,1197 ,82,5.0,7
182,487000,35000,Petrol,Individual,Manual,1.0,19.1,1197 ,85.8,5.0,7
183,386000,44000,Petrol,Individual,Manual,2.0,19.1,1197 ,82,5.0,5
184,100000,120000,Petrol,Individual,Manual,2.0,13.0,1493 ,100,5.0,16
185,300000,60000,Diesel,Individual,Manual,1.0,21.43,1364 ,87.2,5.0,11
186,100000,60000,Petrol,Individual,Manual,1.0,18.5,796 ,53,5.0,21
187,1750000,30000,Diesel,Individual,Manual,2.0,13.0,2982 ,168.5,7.0,7
188,450000,15000,Petrol,Individual,Manual,2.0,18.15,1198 ,82,6.0,5
189,490000,90000,Diesel,Individual,Manual,1.0,22.95,1248 ,74,5.0,4
190,345000,47000,Petrol,Individual,Manual,2.0,17.0,1497 ,118,5.0,12
191,85000,90000,Petrol,Individual,Manual,1.0,17.3,993 ,60,5.0,16
192,215000,120600,Petrol,Individual,Manual,2.0,18.9,998 ,67.1,5.0,11
193,320000,100000,Petrol,Individual,Manual,3.0,16.2,1599 ,103.2,5.0,11
194,459999,60000,Petrol,Individual,Manual,2.0,20.85,1197 ,83.14,5.0,5
195,65000,86000,Petrol,Individual,Manual,1.0,15.3,1341 ,83,5.0,16
196,720000,5000,Petrol,Individual,Manual,1.0,18.6,1197 ,81.86,5.0,1
197,800000,37000,Diesel,Individual,Manual,1.0,28.09,1248 ,88.5,5.0,4
198,520000,14000,Petrol,Individual,Manual,1.0,20.3,1199 ,84,5.0,2
199,580000,70000,Diesel,Individual,Manual,1.0,20.77,1248 ,88.76,7.0,6
201,600000,50000,Petrol,Individual,Manual,1.0,17.4,1497 ,117.3,5.0,6
202,290000,60000,Petrol,Individual,Manual,2.0,19.4,1198 ,86.8,5.0,7
203,360000,50000,CNG,Individual,Manual,1.0,26.6,998 ,58.16,5.0,5
204,550000,50000,Petrol,Individual,Manual,1.0,20.85,1197 ,83.14,5.0,4
205,375000,70000,Petrol,Individual,Manual,1.0,18.5,1197 ,82.85,5.0,8
207,420000,35000,Petrol,Individual,Automatic,1.0,20.51,998 ,67,5.0,3
208,550000,20000,Petrol,Individual,Manual,1.0,21.21,1197 ,81.80,5.0,4
209,270000,20000,Petrol,Individual,Manual,1.0,24.7,796 ,47.3,5.0,3
210,700000,7800,Petrol,Individual,Automatic,1.0,22.0,1197 ,81.80,5.0,3
211,500000,20000,Petrol,Individual,Manual,1.0,20.4,1197 ,81.80,5.0,4
212,1250000,15000,Diesel,Individual,Manual,1.0,17.6,2179 ,147.94,7.0,2
213,320000,31377,Petrol,Individual,Manual,2.0,18.5,1197 ,82.85,5.0,8
214,700000,50000,Diesel,Individual,Manual,1.0,28.4,1248 ,74.02,5.0,3
215,290000,60000,Petrol,Individual,Manual,1.0,20.51,998 ,67.04,5.0,6
216,550000,100000,Petrol,Individual,Automatic,1.0,14.53,1794 ,138.1,5.0,9
217,265000,60000,Petrol,Individual,Manual,1.0,19.4,1198 ,86.8,5.0,9
218,830000,5000,Petrol,Individual,Automatic,1.0,21.4,1197 ,83.1,5.0,3
219,800000,60000,Diesel,Individual,Manual,1.0,14.1,2179 ,147.94,7.0,4
220,160000,25000,Petrol,Individual,Manual,2.0,19.7,796 ,46.3,5.0,10
221,335000,30000,Petrol,Individual,Manual,1.0,25.17,799 ,53.3,5.0,3
222,329000,80000,Petrol,Individual,Manual,2.0,20.63,1198 ,67,5.0,4
223,775000,75000,Diesel,Individual,Manual,1.0,24.3,1248 ,88.5,5.0,4
224,524000,32000,Petrol,Individual,Manual,1.0,20.14,1197 ,81.86,5.0,1
225,245000,40000,Petrol,Individual,Manual,1.0,22.74,796 ,47.3,5.0,6
226,275000,93000,Petrol,Individual,Manual,2.0,17.0,1197 ,80,5.0,9
227,520000,60000,Petrol,Individual,Manual,1.0,17.57,1193 ,88.7,5.0,3
229,550000,37000,Petrol,Individual,Manual,1.0,16.95,1498 ,97.7,5.0,7
230,910000,15000,Petrol,Individual,Manual,1.0,17.0,1497 ,121.36,5.0,3
231,300000,80000,Petrol,Individual,Manual,1.0,19.49,1198 ,67.04,5.0,6
232,350000,140000,Petrol,Individual,Manual,1.0,20.51,998 ,67.04,5.0,5
233,900000,70000,Diesel,Individual,Manual,1.0,12.83,2696 ,162,7.0,8
234,300000,120000,Diesel,Individual,Manual,2.0,17.21,1493 ,100,7.0,8
235,250000,110000,Diesel,Individual,Manual,2.0,21.1,1248 ,73.9,5.0,11
236,1100000,37000,Diesel,Individual,Manual,1.0,19.67,1582 ,126.2,5.0,4
237,270000,44000,Petrol,Individual,Manual,1.0,25.17,799 ,53.3,5.0,5
238,640000,80000,Diesel,Individual,Manual,1.0,20.77,1248 ,88.76,7.0,6
239,650000,125000,Diesel,Individual,Manual,1.0,15.1,2179 ,140,7.0,6
240,409999,13500,Petrol,Individual,Manual,1.0,15.37,1196 ,73,5.0,4
241,165000,75000,Petrol,Individual,Manual,1.0,17.92,1086 ,62.1,5.0,10
242,80000,120000,Petrol,Individual,Manual,2.0,13.2,1495 ,94,5.0,14
243,535000,120000,Diesel,Individual,Manual,1.0,15.1,2179 ,140,7.0,9
244,700000,70000,Diesel,Individual,Manual,1.0,12.99,2494 ,100.57,7.0,8
245,550000,70000,Diesel,Individual,Manual,1.0,23.4,1248 ,74,5.0,8
246,680000,15000,Petrol,Individual,Automatic,1.0,19.0,1199 ,88.76,5.0,2
247,200000,53000,Petrol,Individual,Manual,2.0,20.36,1197 ,78.9,5.0,12
248,500000,120000,Diesel,Individual,Manual,2.0,23.4,1248 ,74,5.0,7
249,1000000,70000,Diesel,Individual,Manual,1.0,24.52,1248 ,88.5,7.0,5
250,110000,120000,Petrol,Individual,Manual,2.0,14.2,1341 ,82.9,5.0,13
251,320000,100000,Petrol,Individual,Manual,2.0,18.5,1197 ,80,5.0,9
253,350000,100000,Petrol,Individual,Manual,1.0,20.4,1197 ,83.11,5.0,6
254,170000,162500,Diesel,Individual,Manual,1.0,19.4,1405 ,70,5.0,8
255,800000,39000,Diesel,Individual,Manual,1.0,22.54,1396 ,88.73,5.0,4
256,500000,75000,Diesel,Individual,Manual,1.0,26.8,1248 ,74,5.0,4
257,1380000,50000,Diesel,Individual,Automatic,1.0,17.6,2179 ,153.86,7.0,4
258,1300000,40000,Diesel,Individual,Manual,1.0,17.3,1497 ,121,8.0,2
259,530000,92500,Diesel,Individual,Manual,1.0,22.32,1582 ,126.3,5.0,8
260,360000,158000,Diesel,Individual,Manual,1.0,23.4,1248 ,74,5.0,9
261,310000,120000,Diesel,Individual,Manual,1.0,19.3,1248 ,73.9,5.0,9
262,725000,50000,Diesel,Individual,Manual,2.0,26.0,1498 ,98.6,5.0,6
263,340000,110000,Diesel,Individual,Manual,1.0,19.3,1248 ,73.9,5.0,9
264,550000,2000,Diesel,Individual,Manual,2.0,25.4,1186 ,73.97,5.0,4
265,1150000,181000,Diesel,Individual,Manual,2.0,11.5,2982 ,171,7.0,10
266,380000,70000,Diesel,Individual,Manual,1.0,27.28,1047 ,69,5.0,5
267,350000,90000,Petrol,Individual,Automatic,2.0,17.97,1498 ,99.6,5.0,8
268,610000,2000,Petrol,Individual,Manual,1.0,18.6,1197 ,81.86,5.0,2
269,525000,20000,Petrol,Individual,Manual,1.0,20.85,1197 ,83.14,5.0,6
270,480000,120000,Diesel,Individual,Manual,1.0,12.8,2494 ,102,7.0,10
271,780000,35000,Diesel,Individual,Manual,1.0,16.55,2498 ,105,6.0,4
272,320000,193000,Diesel,Individual,Manual,1.0,19.3,1248 ,73.9,5.0,9
273,375000,80000,Petrol,Individual,Manual,1.0,20.4,1197 ,81.80,5.0,7
274,300000,40000,Petrol,Individual,Manual,1.0,19.02,1198 ,67.05,5.0,2
275,500000,70000,Diesel,Individual,Manual,4.0,22.54,1396 ,88.73,5.0,6
276,404000,122358,Diesel,Individual,Manual,1.0,12.05,2179 ,120,9.0,10
277,500000,75000,Diesel,Individual,Manual,1.0,14.07,2956 ,69.01,7.0,6
278,350000,120000,Diesel,Individual,Manual,1.0,27.28,1047 ,69,5.0,4
279,380000,40000,Petrol,Individual,Manual,1.0,17.57,1193 ,88.7,5.0,6
280,114999,95200,Petrol,Individual,Manual,3.0,13.2,1495 ,94,5.0,13
281,335000,33033,Petrol,Dealer,Manual,1.0,19.4,1198 ,86.8,5.0,7
282,465000,63063,Petrol,Dealer,Automatic,1.0,18.9,1197 ,82,5.0,6
283,290000,60000,Diesel,Individual,Manual,1.0,21.02,1248 ,88.76,5.0,9
284,110000,45000,Petrol,Individual,Manual,2.0,19.7,796 ,46.3,5.0,16
285,450000,80000,Diesel,Individual,Manual,3.0,11.57,2179 ,138.1,7.0,10
286,400000,170000,Diesel,Individual,Manual,2.0,13.6,2523 ,63,7.0,12
287,210000,207890,Diesel,Individual,Manual,2.0,13.6,2523 ,63,7.0,14
288,4600000,7976,Diesel,Individual,Automatic,1.0,17.9,2143 ,170,5.0,3
289,220000,35000,Petrol,Individual,Manual,1.0,16.8,796 ,34.2,8.0,5
290,450000,35000,Petrol,Individual,Manual,1.0,18.9,1197 ,82,5.0,4
291,450000,35000,Petrol,Individual,Manual,1.0,18.9,1197 ,82,5.0,4
292,290000,50000,Petrol,Individual,Automatic,1.0,16.95,1197 ,78.9,5.0,8
293,520000,20000,Petrol,Individual,Manual,1.0,20.4,1197 ,81.80,5.0,5
294,265000,20000,Petrol,Individual,Automatic,1.0,16.95,1197 ,78.9,5.0,10
295,330000,50000,Petrol,Individual,Manual,2.0,18.6,1197 ,85.8,5.0,9
296,330000,50000,Petrol,Individual,Manual,2.0,18.6,1197 ,85.8,5.0,9
297,509999,120000,Diesel,Individual,Manual,1.0,15.96,2523 ,62.1,7.0,7
298,500000,70000,Petrol,Individual,Manual,1.0,17.1,1591 ,121.3,5.0,7
299,525000,50000,Petrol,Individual,Manual,1.0,17.19,1197 ,81.86,5.0,6
300,675000,16500,Petrol,Individual,Manual,1.0,21.01,1197 ,81.80,5.0,2
301,300000,70000,Petrol,Individual,Manual,1.0,17.0,1197 ,80,5.0,11
302,90000,99361,Petrol,Individual,Manual,2.0,19.7,796 ,46.3,5.0,16
303,650000,25000,Diesel,Individual,Manual,1.0,26.59,1248 ,74,5.0,4
304,409000,70000,Petrol,Individual,Manual,2.0,19.1,1197 ,85.8,5.0,7
305,395000,80000,Diesel,Individual,Manual,2.0,24.0,1120 ,70,5.0,6
307,400000,70000,Petrol,Individual,Manual,2.0,19.1,1197 ,85.8,5.0,7
308,120000,60000,Petrol,Individual,Manual,3.0,18.6,1199 ,79.4,5.0,9
309,645000,10000,Petrol,Individual,Automatic,1.0,20.3,1199 ,84,5.0,3
310,81000,80000,Petrol,Individual,Manual,1.0,16.1,796 ,37,4.0,15
311,1300000,30000,Diesel,Individual,Manual,1.0,25.6,1498 ,97.9,5.0,4
312,1250000,33000,Diesel,Individual,Manual,1.0,25.6,1498 ,97.9,5.0,4
313,535000,90000,Petrol,Individual,Manual,3.0,16.02,1373 ,93.7,7.0,8
314,555000,80100,Diesel,Individual,Manual,2.0,19.01,1461 ,108.5,5.0,7
315,725000,120000,Petrol,Individual,Manual,1.0,17.4,1497 ,117.3,5.0,7
317,229999,40000,Petrol,Individual,Manual,1.0,25.17,799 ,53.3,5.0,5
318,800000,160000,Diesel,Individual,Manual,2.0,12.99,2494 ,100.6,8.0,8
319,409999,47000,Petrol,Individual,Manual,1.0,20.51,998 ,67.04,5.0,4
320,1210000,25000,Diesel,Individual,Manual,1.0,21.38,1396 ,88.7,5.0,3
321,400000,26000,Petrol,Individual,Manual,1.0,23.84,1199 ,84,5.0,4
322,520000,29000,Diesel,Individual,Manual,1.0,24.0,1186 ,73.97,5.0,3
323,650000,50000,Petrol,Individual,Automatic,1.0,21.4,1197 ,83.1,5.0,5
324,325000,58000,Petrol,Individual,Manual,3.0,16.1,1298 ,88.2,5.0,10
325,420000,120000,Petrol,Individual,Automatic,1.0,17.4,1197 ,85.8,5.0,9
326,400000,50000,Petrol,Individual,Manual,1.0,20.4,1197 ,81.80,5.0,7
327,254999,80000,Petrol,Individual,Manual,4.0,17.0,1197 ,80,5.0,11
328,65000,60000,Petrol,Individual,Manual,4.0,17.3,993 ,60,5.0,18
329,351000,36000,Petrol,Individual,Manual,1.0,23.1,998 ,67.04,5.0,4
330,404000,120000,Diesel,Individual,Manual,3.0,12.8,2494 ,102,8.0,14
331,185000,185000,Diesel,Individual,Manual,3.0,21.1,1248 ,73.9,5.0,10
332,250000,50000,Diesel,Individual,Manual,1.0,23.08,1461 ,63.1,5.0,10
333,60000,100000,Petrol,Individual,Manual,4.0,17.3,993 ,60,5.0,19
334,500000,50000,Petrol,Individual,Manual,2.0,17.1,1591 ,121.3,5.0,8
335,85000,80000,Petrol,Individual,Manual,2.0,18.2,998 ,67.1,5.0,14
337,85000,80000,Petrol,Individual,Manual,4.0,19.7,796 ,46.3,5.0,16
338,265000,90000,Diesel,Individual,Manual,4.0,19.3,1248 ,73.9,5.0,10
339,130000,162000,Petrol,Individual,Manual,2.0,19.0,998 ,66.1,5.0,11
340,480000,110000,Diesel,Individual,Manual,3.0,20.77,1248 ,88.76,7.0,8
341,170000,120000,Diesel,Individual,Manual,3.0,17.8,1248 ,75,5.0,13
342,275000,45000,Diesel,Individual,Manual,1.0,23.08,1461 ,63.1,5.0,10
343,89000,90000,Petrol,Individual,Manual,2.0,18.9,998 ,67.1,5.0,16
344,170000,90000,Diesel,Individual,Manual,2.0,20.0,1399 ,68,5.0,11
345,1090000,16500,Petrol,Dealer,Manual,1.0,17.0,1197 ,110,5.0,2
346,1100000,67000,Diesel,Individual,Automatic,1.0,17.01,1582 ,126.2,5.0,4
347,610000,52000,Petrol,Dealer,Manual,1.0,22.0,1197 ,81.80,5.0,3
348,335000,40000,Petrol,Dealer,Manual,1.0,20.63,1198 ,67,5.0,5
349,434999,40000,Petrol,Dealer,Manual,1.0,18.9,1197 ,82,5.0,6
350,3000000,35000,Diesel,Individual,Manual,1.0,14.24,2755 ,174.5,7.0,3
351,390000,13000,Petrol,Dealer,Manual,1.0,20.71,799 ,53.26,5.0,3
352,325000,40000,Petrol,Dealer,Manual,1.0,18.5,1198 ,86.8,5.0,9
353,640000,10000,Petrol,Dealer,Manual,1.0,17.0,1198 ,73.75,5.0,2
354,450000,9000,Petrol,Dealer,Manual,1.0,16.95,1498 ,97.7,5.0,9
355,400000,70000,Diesel,Dealer,Manual,2.0,23.59,1364 ,67.06,5.0,8
356,215000,60000,Petrol,Dealer,Manual,1.0,20.36,1197 ,78.9,5.0,12
357,570000,40000,Diesel,Dealer,Manual,1.0,20.45,1461 ,83.8,5.0,7
358,680000,93000,Diesel,Dealer,Manual,1.0,15.1,2179 ,140,7.0,9
359,325000,80000,Diesel,Individual,Manual,4.0,12.8,2494 ,102,7.0,13
360,150000,50000,Petrol,Individual,Manual,2.0,15.64,1193 ,64.08,5.0,10
361,690000,68000,Petrol,Dealer,Automatic,1.0,14.5,1797 ,147.5,5.0,8
362,1550000,25000,Diesel,Individual,Automatic,1.0,14.84,2143 ,170,5.0,8
363,64000,18000,Petrol,Dealer,Manual,1.0,25.4,624 ,37.5,4.0,9
364,250000,120000,Diesel,Individual,Manual,1.0,23.08,1461 ,63.1,5.0,8
365,65000,35000,Petrol,Individual,Manual,1.0,18.9,998 ,67.1,5.0,16
366,550000,60000,Diesel,Individual,Manual,2.0,26.59,1248 ,74,5.0,5
367,140000,70000,Petrol,Individual,Manual,4.0,20.36,1197 ,78.9,5.0,11
368,300000,30000,Petrol,Individual,Manual,1.0,25.17,799 ,53.3,5.0,5
369,800000,70000,Petrol,Individual,Automatic,1.0,16.34,1798 ,189.3,5.0,5
370,2625000,9000,Diesel,Dealer,Automatic,1.0,13.6,1999 ,177,5.0,4
371,5150000,20000,Petrol,Dealer,Automatic,1.0,22.37,2487 ,214.56,5.0,2
372,3200000,45000,Diesel,Dealer,Automatic,1.0,19.33,1999 ,177,5.0,4
373,503000,110000,Diesel,Individual,Manual,1.0,14.1,2179 ,147.94,7.0,6
374,3800000,20000,Diesel,Individual,Automatic,1.0,18.0,1969 ,190,5.0,2
375,2000000,68089,Petrol,Trustmark Dealer,Automatic,1.0,19.16,2494 ,157.7,5.0,5
376,225000,58343,Petrol,Trustmark Dealer,Manual,1.0,21.79,998 ,67.05,5.0,8
377,740000,38817,Diesel,Dealer,Manual,1.0,27.39,1248 ,74,5.0,3
378,550000,56494,Petrol,Trustmark Dealer,Manual,1.0,18.2,1199 ,88.7,5.0,5
379,750000,79328,Diesel,Trustmark Dealer,Manual,2.0,12.99,2494 ,100.6,7.0,8
380,650000,5621,Petrol,Trustmark Dealer,Automatic,1.0,22.0,1197 ,81.80,5.0,2
381,625000,25538,Petrol,Trustmark Dealer,Manual,1.0,16.78,1496 ,88.73,5.0,4
382,600000,69779,Petrol,Dealer,Automatic,1.0,22.0,1197 ,81.80,5.0,3
383,450000,56290,Diesel,Dealer,Manual,1.0,24.0,1186 ,73.97,5.0,4
384,5400000,7500,Diesel,Dealer,Automatic,1.0,16.78,1995 ,190,5.0,2
385,5500000,8500,Diesel,Dealer,Automatic,1.0,16.78,1995 ,190,5.0,2
386,779000,7032,Petrol,Trustmark Dealer,Automatic,1.0,19.0,1199 ,88.76,5.0,2
387,645000,11000,Petrol,Dealer,Automatic,1.0,14.3,1598 ,103.5,5.0,5
388,2475000,2000,Diesel,Dealer,Automatic,1.0,16.8,1984 ,150,5.0,3
389,150000,106000,Petrol,Individual,Manual,3.0,20.36,1197 ,78.9,5.0,11
391,500000,120000,Petrol,Individual,Automatic,2.0,11.1,2354 ,158.8,5.0,12
392,480000,90000,Diesel,Individual,Manual,1.0,26.59,1248 ,74,5.0,6
393,535000,70000,Diesel,Individual,Manual,3.0,22.32,1582 ,126.32,5.0,7
394,250000,240000,Diesel,Individual,Manual,3.0,12.8,2494 ,102,8.0,16
395,300000,100000,Diesel,Individual,Manual,2.0,21.5,1248 ,88.8,5.0,9
396,340000,214000,Petrol,Individual,Manual,2.0,13.9,1599 ,103.2,5.0,12
397,340000,214000,Diesel,Individual,Manual,2.0,16.8,1493 ,110,5.0,12
398,240000,50000,Petrol,Individual,Manual,1.0,22.74,796 ,47.3,5.0,5
399,1085000,1000,Petrol,Individual,Automatic,1.0,18.0,1497 ,117.6,5.0,3
400,750000,19000,Diesel,Individual,Automatic,1.0,28.4,1248 ,74.02,5.0,4
401,95000,265000,Diesel,Individual,Manual,2.0,17.0,1405 ,70,5.0,9
402,409999,35000,CNG,Individual,Manual,1.0,20.88,1196 ,61.7,5.0,1
403,215000,80000,Petrol,Individual,Manual,2.0,23.95,998 ,67.05,5.0,7
404,1290000,50000,Diesel,Individual,Automatic,1.0,16.0,2179 ,140,7.0,5
405,150000,80000,Petrol,Individual,Manual,1.0,20.92,998 ,67.1,5.0,11
406,219000,50000,Petrol,Individual,Manual,2.0,21.1,814 ,55.2,5.0,8
407,325000,100000,Petrol,Individual,Manual,1.0,23.84,1199 ,84,5.0,3
408,260000,120000,Petrol,Individual,Manual,2.0,15.1,1196 ,73,5.0,8
409,2625000,9000,Diesel,Dealer,Automatic,1.0,13.6,1999 ,177,5.0,4
410,5150000,20000,Petrol,Dealer,Automatic,1.0,22.37,2487 ,214.56,5.0,2
411,3200000,45000,Diesel,Dealer,Automatic,1.0,19.33,1999 ,177,5.0,4
412,503000,110000,Diesel,Individual,Manual,1.0,14.1,2179 ,147.94,7.0,6
413,3800000,20000,Diesel,Individual,Automatic,1.0,18.0,1969 ,190,5.0,2
414,2000000,68089,Petrol,Trustmark Dealer,Automatic,1.0,19.16,2494 ,157.7,5.0,5
415,225000,58343,Petrol,Trustmark Dealer,Manual,1.0,21.79,998 ,67.05,5.0,8
416,740000,38817,Diesel,Dealer,Manual,1.0,27.39,1248 ,74,5.0,3
417,550000,56494,Petrol,Trustmark Dealer,Manual,1.0,18.2,1199 ,88.7,5.0,5
418,750000,79328,Diesel,Trustmark Dealer,Manual,2.0,12.99,2494 ,100.6,7.0,8
419,650000,5621,Petrol,Trustmark Dealer,Automatic,1.0,22.0,1197 ,81.80,5.0,2
420,625000,25538,Petrol,Trustmark Dealer,Manual,1.0,16.78,1496 ,88.73,5.0,4
421,600000,69779,Petrol,Dealer,Automatic,1.0,22.0,1197 ,81.80,5.0,3
422,450000,56290,Diesel,Dealer,Manual,1.0,24.0,1186 ,73.97,5.0,4
423,5400000,7500,Diesel,Dealer,Automatic,1.0,16.78,1995 ,190,5.0,2
424,5500000,8500,Diesel,Dealer,Automatic,1.0,16.78,1995 ,190,5.0,2
425,779000,7032,Petrol,Trustmark Dealer,Automatic,1.0,19.0,1199 ,88.76,5.0,2
426,645000,11000,Petrol,Dealer,Automatic,1.0,14.3,1598 ,103.5,5.0,5
427,2475000,2000,Diesel,Dealer,Automatic,1.0,16.8,1984 ,150,5.0,3
428,700000,40000,Diesel,Individual,Automatic,1.0,23.8,1498 ,78.9,5.0,2
429,950000,45000,Diesel,Individual,Manual,1.0,21.38,1396 ,88.7,5.0,4
430,160000,80000,Petrol,Individual,Manual,2.0,19.7,796 ,46.3,5.0,11
431,409999,135000,Diesel,Individual,Manual,2.0,24.4,1120 ,71.01,5.0,6
432,840000,120000,Diesel,Individual,Manual,2.0,12.99,2494 ,100.6,7.0,6
433,450000,67000,Diesel,Individual,Manual,1.0,23.59,1364 ,67.1,5.0,8
434,900000,50000,Diesel,Individual,Manual,1.0,28.4,1248 ,74.02,5.0,4
435,570000,134000,Diesel,Individual,Manual,2.0,12.8,2494 ,102,7.0,13
436,254999,110000,Diesel,Individual,Manual,2.0,23.08,1461 ,63.1,5.0,10
437,130000,40000,Petrol,Individual,Manual,1.0,16.1,796 ,37,4.0,12
438,530000,120000,Diesel,Individual,Manual,2.0,23.4,1248 ,74,5.0,8
439,520000,110000,Diesel,Individual,Manual,2.0,20.14,1498 ,88.8,5.0,6
440,229999,170000,Diesel,Individual,Manual,2.0,21.0,1461 ,64.1,5.0,10
441,81000,80000,Petrol,Individual,Manual,2.0,16.1,796 ,37,4.0,17
442,600000,47000,Diesel,Individual,Manual,1.0,25.2,1248 ,74,5.0,5
443,409999,93000,Petrol,Individual,Manual,1.0,19.1,1197 ,81.86,5.0,6
444,120000,70000,Petrol,Individual,Manual,2.0,16.1,796 ,37,4.0,11
445,320000,50000,Petrol,Individual,Manual,1.0,23.1,998 ,67.04,5.0,7
446,292000,70000,Diesel,Individual,Manual,1.0,20.0,1399 ,68.05,5.0,6
447,390000,80000,Diesel,Individual,Manual,1.0,13.93,2179 ,138.03,7.0,9
448,550000,44000,Petrol,Individual,Manual,1.0,18.16,1196 ,86.8,5.0,5
449,385000,25000,Petrol,Individual,Manual,1.0,23.1,998 ,67.04,5.0,7
450,800000,25000,Petrol,Individual,Manual,1.0,15.29,1591 ,121.3,5.0,5
451,675000,10000,Petrol,Individual,Manual,1.0,21.21,1197 ,81.80,5.0,2
452,1525000,50000,Diesel,Individual,Manual,1.0,17.6,2179 ,153.86,7.0,3
453,950000,30000,Diesel,Individual,Manual,1.0,23.0,1498 ,98.96,5.0,3
454,610000,50000,Diesel,Individual,Manual,2.0,21.19,1396 ,88.73,5.0,6
455,525000,120000,Diesel,Individual,Manual,1.0,22.54,1396 ,88.73,5.0,9
456,700000,40000,Diesel,Individual,Automatic,1.0,23.8,1498 ,78.9,5.0,2
457,375000,80000,Diesel,Individual,Manual,1.0,15.96,2523 ,62.1,7.0,6
458,580000,90000,Diesel,Individual,Manual,1.0,20.45,1461 ,83.8,5.0,6
459,434999,50000,Petrol,Individual,Manual,2.0,20.4,1197 ,83.11,5.0,6
460,350000,2136,Petrol,Individual,Manual,1.0,22.5,999 ,67,5.0,1
461,730000,250000,Diesel,Individual,Manual,1.0,12.99,2494 ,100,7.0,9
462,600000,35000,Petrol,Individual,Manual,1.0,18.6,1197 ,81.83,5.0,6
463,1050000,120000,Diesel,Individual,Manual,1.0,12.99,2494 ,100.6,7.0,6
464,735000,70000,Diesel,Individual,Manual,1.0,27.39,1248 ,74,5.0,4
465,1050000,18000,Diesel,Dealer,Manual,1.0,19.6,1461 ,108.45,5.0,3
466,420000,110000,Diesel,Individual,Manual,2.0,18.2,1248 ,73.74,7.0,5
467,800000,60000,Diesel,Individual,Manual,1.0,23.65,1248 ,88.5,5.0,4
468,2000000,60000,Diesel,Individual,Automatic,1.0,12.55,2982 ,168.5,7.0,6
469,600000,147000,Diesel,Individual,Manual,2.0,26.59,1248 ,74,5.0,5
470,1900000,130000,Diesel,Individual,Automatic,1.0,12.55,2982 ,168.5,7.0,6
471,500000,99500,Diesel,Individual,Manual,3.0,11.5,1991 ,147.9,7.0,10
472,200000,110000,Diesel,Individual,Manual,2.0,17.0,1405 ,71,5.0,10
473,370000,35000,Petrol,Individual,Manual,1.0,19.49,1198 ,67.04,5.0,5
474,260000,110000,Diesel,Individual,Manual,2.0,16.2,1493 ,110,5.0,11
475,280000,100000,Diesel,Individual,Manual,1.0,25.32,1198 ,77,6.0,5
476,610000,21000,Petrol,Individual,Manual,1.0,16.02,1373 ,93.7,7.0,7
477,300000,60000,Diesel,Individual,Manual,2.0,23.5,1498 ,90,5.0,8
478,140000,40000,Diesel,Individual,Manual,1.0,16.6,1405 ,70,5.0,11
479,229999,50000,Petrol,Individual,Manual,1.0,19.81,1086 ,68.05,5.0,13
480,200000,65000,Petrol,Individual,Manual,2.0,19.0,998 ,66.1,5.0,11
481,200000,80000,Petrol,Individual,Manual,1.0,18.9,998 ,67.1,5.0,10
482,560000,119000,Diesel,Individual,Manual,1.0,23.9,1582 ,126.2,5.0,6
483,750000,80000,Diesel,Individual,Manual,1.0,24.52,1248 ,88.5,7.0,5
484,585000,90000,Diesel,Individual,Manual,1.0,25.2,1248 ,74,5.0,4
485,760000,20000,Petrol,Individual,Manual,1.0,17.01,1591 ,121.4,5.0,5
486,430000,80000,Diesel,Individual,Manual,2.0,25.2,1248 ,74,5.0,7
487,480000,44665,Diesel,Individual,Manual,1.0,25.32,1198 ,77,6.0,1
488,643000,10000,Diesel,Individual,Manual,1.0,20.8,1493 ,113.4,5.0,2
489,500000,60000,Petrol,Individual,Manual,1.0,20.14,1197 ,81.86,5.0,3
490,425000,22000,Petrol,Individual,Manual,1.0,18.5,1198 ,86.8,5.0,5
491,250000,25000,Petrol,Individual,Manual,1.0,22.74,796 ,47.3,5.0,7
492,285000,70000,Diesel,Individual,Manual,1.0,27.62,793 ,47,5.0,5
493,160000,123000,Petrol,Individual,Manual,3.0,17.5,1298 ,85.8,5.0,13
494,250000,70000,Diesel,Individual,Manual,2.0,20.54,1598 ,103.6,5.0,10
495,170000,70000,Petrol,Individual,Manual,2.0,18.6,1199 ,79.4,5.0,8
496,409999,45000,Diesel,Individual,Manual,1.0,23.59,1364 ,67.06,5.0,8
497,400000,40000,Petrol,Individual,Automatic,1.0,18.9,1197 ,82,5.0,6
498,700000,30000,Diesel,Individual,Manual,1.0,28.4,1248 ,74.02,5.0,2
499,350000,90000,Petrol,Individual,Automatic,1.0,12.9,1799 ,130,5.0,14
500,660000,34000,Petrol,Individual,Manual,2.0,17.5,1373 ,91.1,7.0,5
501,268000,25000,Petrol,Individual,Manual,1.0,24.7,796 ,47.3,5.0,4
502,270000,50000,Petrol,Individual,Manual,1.0,22.74,796 ,47.3,5.0,5
503,300000,50000,Diesel,Individual,Manual,1.0,25.44,936 ,57.6,5.0,8
504,450000,90000,Petrol,Individual,Manual,1.0,23.84,1199 ,84,5.0,4
505,220000,70000,Diesel,Individual,Manual,2.0,25.44,936 ,57.6,5.0,9
506,250000,146000,Diesel,Individual,Manual,2.0,13.93,2179 ,138,7.0,12
507,300000,85000,Petrol,Individual,Manual,2.0,15.6,1196 ,70,5.0,9
508,88000,201850,Diesel,Individual,Manual,2.0,17.88,1396 ,52.8,5.0,12
509,561000,30000,Diesel,Individual,Manual,1.0,26.59,1248 ,74,5.0,5
510,755000,15000,Diesel,Individual,Manual,1.0,28.4,1248 ,74.02,5.0,3
511,235000,25000,Petrol,Individual,Manual,1.0,22.7,799 ,53.64,5.0,4
512,165000,90000,Petrol,Individual,Manual,1.0,20.92,998 ,67.1,5.0,10
513,190000,80000,Diesel,Individual,Manual,2.0,19.3,1248 ,73.9,5.0,13
514,110000,50000,Diesel,Individual,Manual,1.0,17.2,1396 ,53.5,5.0,10
515,320000,80000,Diesel,Individual,Manual,2.0,13.6,2523 ,63,8.0,9
517,540000,38000,Petrol,Individual,Manual,1.0,18.6,1197 ,81.83,5.0,5
518,180000,60000,Petrol,Individual,Manual,1.0,21.1,814 ,55.2,5.0,8
519,270000,100000,Petrol,Individual,Manual,3.0,15.37,1196 ,73,7.0,5
520,450000,30000,Petrol,Individual,Manual,1.0,17.5,1197 ,85.8,5.0,9
521,450000,30000,Petrol,Individual,Manual,1.0,19.1,1197 ,85.8,5.0,7
522,200000,50000,Petrol,Individual,Manual,1.0,18.6,1199 ,76.8,5.0,6
523,425000,42000,Petrol,Individual,Manual,1.0,23.84,1199 ,84,5.0,4
524,400000,30000,Petrol,Individual,Manual,1.0,18.2,1199 ,82.4,5.0,5
525,125000,60000,Petrol,Individual,Manual,3.0,19.7,796 ,46.3,5.0,12
526,1600000,14000,Diesel,Individual,Manual,1.0,17.1,1956 ,170,5.0,3
527,900000,22000,Petrol,Individual,Manual,1.0,17.4,1497 ,117.3,5.0,6
528,450000,90000,Diesel,Individual,Manual,1.0,20.54,1598 ,103.6,5.0,9
529,210000,46000,Petrol,Individual,Manual,1.0,20.92,998 ,67.1,5.0,10
530,801000,20000,Petrol,Individual,Manual,1.0,18.6,1197 ,81.83,5.0,3
531,317000,15000,Diesel,Individual,Manual,1.0,15.42,1405 ,70,7.0,7
532,600000,40000,Petrol,Individual,Manual,2.0,16.02,1373 ,93.7,7.0,6
533,330000,30000,Petrol,Individual,Manual,2.0,18.5,1197 ,82.85,5.0,7
534,320000,15000,Petrol,Individual,Manual,2.0,21.1,814 ,55.2,5.0,4
536,120000,110000,Petrol,Individual,Manual,2.0,15.3,1341 ,83,5.0,14
537,130000,70000,Petrol,Individual,Manual,2.0,19.7,796 ,46.3,5.0,12
538,220000,80000,Petrol,Individual,Manual,1.0,18.2,1199 ,82.4,5.0,6
540,340000,110000,Petrol,Individual,Manual,1.0,17.57,1193 ,88.7,5.0,6
541,200000,70000,Diesel,Individual,Manual,2.0,19.68,1399 ,67,5.0,8
542,140000,50000,Petrol,Individual,Manual,2.0,19.7,796 ,46.3,5.0,19
543,1000000,190000,Diesel,Individual,Manual,1.0,12.99,2494 ,100.6,8.0,8
544,495000,100000,Diesel,Individual,Manual,2.0,13.6,2523 ,63,7.0,11
545,236000,60000,Petrol,Individual,Manual,1.0,22.74,796 ,47.3,5.0,6
546,390000,40000,Petrol,Individual,Manual,1.0,20.51,998 ,67.04,5.0,6
547,275000,90000,Diesel,Individual,Manual,2.0,19.3,1248 ,73.9,5.0,12
548,503000,110000,Diesel,Individual,Manual,1.0,14.1,2179 ,147.94,7.0,6
549,775000,32000,Diesel,Dealer,Manual,1.0,24.3,1248 ,88.5,5.0,4
550,1800000,30000,Diesel,Individual,Automatic,1.0,11.36,2755 ,171.5,7.0,5
551,850000,58000,Diesel,Individual,Manual,1.0,19.67,1582 ,126.2,5.0,5
552,750000,5000,Diesel,Individual,Manual,1.0,24.3,1248 ,88.5,5.0,3
553,570000,25000,Petrol,Individual,Manual,1.0,18.6,1197 ,81.83,5.0,3
554,580000,32000,Petrol,Individual,Manual,1.0,18.9,1197 ,81.86,5.0,3
555,484999,30000,Petrol,Individual,Manual,1.0,18.7,1199 ,88.7,5.0,5
556,700000,43000,Petrol,Dealer,Manual,1.0,15.4,1497 ,117.3,7.0,4
557,415000,60000,Petrol,Dealer,Manual,1.0,17.7,1497 ,113.42,5.0,9
558,325000,50000,Petrol,Individual,Automatic,1.0,19.34,1198 ,76,5.0,6
559,550000,14200,Petrol,Individual,Manual,1.0,18.16,1196 ,86.8,5.0,3
560,300000,10000,Petrol,Individual,Manual,1.0,21.1,814 ,55.2,5.0,4
561,217000,25000,Petrol,Individual,Manual,1.0,22.7,799 ,53.64,5.0,3
562,700000,19100,Petrol,Individual,Manual,1.0,19.0,1194 ,94.68,5.0,3
563,466000,25000,Petrol,Individual,Automatic,4.0,20.3,1086 ,68,5.0,2
564,484999,54000,Diesel,Dealer,Manual,1.0,23.0,1498 ,98.96,5.0,7
565,670000,35000,Diesel,Individual,Manual,1.0,22.71,1461 ,84.8,5.0,3
566,500000,20000,Petrol,Individual,Manual,2.0,18.9,1197 ,81.86,5.0,3
567,675000,52000,Diesel,Individual,Manual,1.0,23.65,1248 ,88.5,5.0,5
568,220000,120000,Diesel,Individual,Manual,2.0,23.0,1396 ,90,5.0,10
569,1650000,50000,Diesel,Individual,Manual,1.0,17.1,1956 ,170,5.0,4
570,630000,120000,Diesel,Individual,Manual,2.0,20.77,1248 ,88.8,7.0,8
571,250000,90000,Diesel,Individual,Manual,2.0,18.8,1248 ,90,5.0,11
572,120000,120000,Petrol,Individual,Manual,3.0,18.9,998 ,67.1,5.0,17
573,300000,101500,Diesel,Individual,Manual,2.0,21.14,1498 ,103.52,5.0,6
574,525000,75000,Diesel,Individual,Automatic,1.0,22.32,1582 ,126.3,5.0,8
577,1100000,100000,Diesel,Individual,Manual,1.0,15.4,1997 ,120,7.0,5
578,480000,55735,Diesel,Individual,Manual,2.0,19.01,1461 ,108.45,5.0,9
579,605000,80000,Diesel,Individual,Manual,2.0,15.1,2179 ,140,7.0,7
580,250000,50000,Petrol,Individual,Manual,2.0,24.7,796 ,47.3,5.0,5
581,245000,70000,Diesel,Individual,Manual,2.0,20.0,1399 ,68.1,5.0,8
582,210000,76000,Petrol,Individual,Manual,4.0,20.36,1197 ,78.9,5.0,9
583,730000,1500,Petrol,Individual,Manual,1.0,21.21,1197 ,81.80,5.0,1
584,500000,76000,Diesel,Individual,Manual,1.0,15.96,2523 ,62.1,7.0,9
585,400000,40000,Petrol,Individual,Manual,1.0,20.51,998 ,67.04,5.0,6
586,280000,60000,Petrol,Individual,Manual,2.0,21.1,814 ,55.2,5.0,6
587,561000,170000,Diesel,Individual,Manual,3.0,12.8,2494 ,102,8.0,12
588,950000,181491,Diesel,Dealer,Manual,1.0,13.5,2477 ,175.56,7.0,8
589,375000,53319,Diesel,Dealer,Manual,1.0,25.44,936 ,56.3,5.0,5
590,700000,40906,Diesel,Dealer,Manual,1.0,21.66,1498 ,108.62,5.0,4
591,375000,31711,Petrol,Dealer,Manual,2.0,17.6,1496 ,88.7,5.0,9
592,270000,43755,Petrol,Dealer,Manual,2.0,21.1,814 ,55.2,5.0,9
593,300000,66693,Petrol,Dealer,Manual,1.0,25.17,799 ,53.3,5.0,5
594,225000,59549,Petrol,Dealer,Manual,1.0,19.0,998 ,67.1,5.0,11
595,1350000,94385,Diesel,Dealer,Manual,1.0,12.99,2494 ,100.6,8.0,6
596,200000,73730,Petrol,Dealer,Manual,1.0,18.2,998 ,67.1,5.0,11
597,400000,221889,Diesel,Dealer,Manual,1.0,22.32,1582 ,126.32,5.0,10
598,500000,116104,Diesel,Dealer,Manual,1.0,25.8,1498 ,98.6,5.0,8
599,500000,150546,Petrol,Dealer,Manual,1.0,22.0,1197 ,81.80,5.0,6
600,1500000,148120,Diesel,Dealer,Manual,1.0,14.24,2755 ,174.5,7.0,8
601,555000,20000,Petrol,Individual,Manual,2.0,15.8,1499 ,110,5.0,6
602,580000,30000,Petrol,Individual,Automatic,1.0,18.9,1197 ,81.86,5.0,3
603,337000,142000,Diesel,Individual,Manual,3.0,13.7,2179 ,138.1,7.0,10
604,175000,20000,Diesel,Individual,Manual,1.0,12.2,1948 ,68,10.0,10
605,180000,120000,Diesel,Individual,Manual,2.0,18.8,1248 ,90,5.0,12
606,200000,80000,Petrol,Individual,Manual,1.0,19.81,1086 ,68.05,5.0,10
607,260000,60000,Diesel,Individual,Manual,1.0,19.09,1405 ,69.01,5.0,5
608,350000,25000,Petrol,Individual,Manual,1.0,23.01,999 ,67,5.0,5
609,409999,50000,Diesel,Individual,Manual,2.0,13.6,2523 ,63,7.0,10
610,655000,126000,Diesel,Individual,Manual,1.0,18.49,1493 ,100,7.0,4
611,370000,170000,Diesel,Individual,Manual,1.0,26.59,1248 ,74,5.0,6
612,200000,24000,Petrol,Individual,Manual,1.0,22.74,796 ,47.3,5.0,8
613,800000,100000,Diesel,Individual,Manual,2.0,24.52,1248 ,88.5,7.0,4
614,550000,10000,Petrol,Individual,Manual,1.0,24.0,1199 ,83.81,5.0,2
615,300000,70000,Diesel,Individual,Manual,2.0,20.0,1399 ,68,5.0,9
616,220000,40000,Petrol,Individual,Manual,1.0,16.8,796 ,34.2,8.0,4
617,196000,110000,Petrol,Individual,Manual,1.0,18.9,998 ,67.1,5.0,10
618,135000,80000,Petrol,Individual,Manual,2.0,19.81,1086 ,68.05,5.0,13
619,299000,16500,Petrol,Individual,Manual,1.0,17.57,1193 ,88.7,5.0,6
620,300000,30000,Petrol,Individual,Manual,1.0,23.95,998 ,67.05,5.0,4
621,720000,80000,Diesel,Individual,Manual,1.0,24.52,1248 ,88.5,7.0,4
622,650000,50000,Diesel,Individual,Manual,3.0,14.1,2179 ,147.94,7.0,5
623,300000,25000,Petrol,Individual,Manual,1.0,23.95,998 ,67.05,5.0,5
624,750000,20000,Diesel,Individual,Manual,1.0,24.0,1186 ,73.97,5.0,2
625,260000,60000,Petrol,Individual,Manual,1.0,25.17,799 ,53.3,5.0,5
626,300000,70000,Diesel,Individual,Manual,2.0,22.9,1248 ,74,5.0,10
627,600000,50000,Diesel,Individual,Manual,2.0,15.96,2523 ,62.1,7.0,7
628,275000,100000,Petrol,Individual,Automatic,2.0,9.0,2997 ,218,5.0,17
629,250000,52000,Petrol,Individual,Manual,1.0,23.95,998 ,67.05,5.0,6
630,420000,80000,Diesel,Individual,Manual,1.0,23.4,1248 ,74,5.0,7
631,235000,50000,Petrol,Individual,Manual,1.0,21.1,814 ,55.2,5.0,6
632,1100000,60000,Diesel,Individual,Manual,1.0,15.4,2179 ,120,7.0,5
633,360000,25000,Petrol,Individual,Manual,1.0,23.95,998 ,67.05,5.0,2
634,380000,50000,Diesel,Individual,Manual,2.0,24.0,1120 ,70,5.0,7
635,650000,125000,Diesel,Individual,Manual,1.0,22.77,1498 ,98.59,5.0,5
636,350000,80000,Petrol,Individual,Manual,1.0,20.51,998 ,67.04,5.0,5
637,700000,70000,Diesel,Individual,Manual,1.0,15.96,2523 ,63,9.0,4
638,270000,90000,Diesel,Individual,Manual,3.0,23.0,1396 ,90,5.0,11
639,450000,50000,Diesel,Individual,Manual,1.0,22.95,1248 ,74,5.0,4
640,630000,101000,Diesel,Individual,Manual,1.0,16.55,2498 ,105,6.0,5
641,229999,168000,Diesel,Individual,Manual,1.0,14.0,2498 ,112,7.0,11
642,229999,168000,Diesel,Individual,Manual,1.0,14.0,2498 ,112,7.0,11
643,270000,40000,Petrol,Individual,Manual,1.0,18.9,998 ,67.1,5.0,10
644,135000,28900,Petrol,Individual,Manual,2.0,0.0,1172 ,65,5.0,12
645,275000,20000,Petrol,Individual,Manual,1.0,18.9,998 ,67.1,5.0,9
646,2625000,9000,Diesel,Dealer,Automatic,1.0,13.6,1999 ,177,5.0,4
647,5150000,20000,Petrol,Dealer,Automatic,1.0,22.37,2487 ,214.56,5.0,2
648,3200000,45000,Diesel,Dealer,Automatic,1.0,19.33,1999 ,177,5.0,4
649,503000,110000,Diesel,Individual,Manual,1.0,14.1,2179 ,147.94,7.0,6
650,3800000,20000,Diesel,Individual,Automatic,1.0,18.0,1969 ,190,5.0,2
651,2000000,68089,Petrol,Trustmark Dealer,Automatic,1.0,19.16,2494 ,157.7,5.0,5
652,225000,58343,Petrol,Trustmark Dealer,Manual,1.0,21.79,998 ,67.05,5.0,8
653,740000,38817,Diesel,Dealer,Manual,1.0,27.39,1248 ,74,5.0,3
654,550000,56494,Petrol,Trustmark Dealer,Manual,1.0,18.2,1199 ,88.7,5.0,5
655,750000,79328,Diesel,Trustmark Dealer,Manual,2.0,12.99,2494 ,100.6,7.0,8
656,650000,5621,Petrol,Trustmark Dealer,Automatic,1.0,22.0,1197 ,81.80,5.0,2
657,625000,25538,Petrol,Trustmark Dealer,Manual,1.0,16.78,1496 ,88.73,5.0,4
658,600000,69779,Petrol,Dealer,Automatic,1.0,22.0,1197 ,81.80,5.0,3
659,450000,56290,Diesel,Dealer,Manual,1.0,24.0,1186 ,73.97,5.0,4
660,5400000,7500,Diesel,Dealer,Automatic,1.0,16.78,1995 ,190,5.0,2
661,5500000,8500,Diesel,Dealer,Automatic,1.0,16.78,1995 ,190,5.0,2
662,779000,7032,Petrol,Trustmark Dealer,Automatic,1.0,19.0,1199 ,88.76,5.0,2
663,645000,11000,Petrol,Dealer,Automatic,1.0,14.3,1598 ,103.5,5.0,5
664,2475000,2000,Diesel,Dealer,Automatic,1.0,16.8,1984 ,150,5.0,3
665,634000,165000,Diesel,Individual,Manual,1.0,18.49,1493 ,100,7.0,6
666,235000,98500,Petrol,Individual,Manual,2.0,19.0,998 ,66.1,5.0,9
667,275000,98000,Petrol,Individual,Manual,3.0,20.36,1197 ,78.9,5.0,13
668,700000,40000,Diesel,Individual,Manual,2.0,16.55,2498 ,105,6.0,7
669,400000,90000,Diesel,Individual,Manual,1.0,20.3,1248 ,92,5.0,8
670,215000,90000,Petrol,Individual,Manual,3.0,19.7,796 ,46.3,5.0,9
671,150000,110000,Diesel,Individual,Manual,2.0,17.1,1493 ,110,5.0,12
672,950000,77800,Diesel,Individual,Manual,1.0,25.1,1248 ,88.5,5.0,3
673,730000,100000,Diesel,Individual,Manual,1.0,18.49,1493 ,100,7.0,6
674,135000,120000,Diesel,Individual,Manual,2.0,19.0,1405 ,71,5.0,9
675,350000,80000,Petrol,Individual,Manual,2.0,19.1,1197 ,82,5.0,5
676,535000,21000,Petrol,Individual,Manual,2.0,18.15,1198 ,82,6.0,3
677,455000,100000,Petrol,Individual,Manual,2.0,19.0,1197 ,85.8,5.0,3
678,655000,25000,Petrol,Individual,Manual,1.0,21.21,1197 ,81.80,5.0,2
679,800000,30000,Diesel,Individual,Manual,3.0,23.0,1498 ,98.96,5.0,2
680,1100000,25000,Petrol,Individual,Automatic,1.0,17.8,1496 ,105.5,5.0,3
681,3000000,40000,Diesel,Individual,Automatic,1.0,13.0,2143 ,204,5.0,5
682,1225000,160000,Diesel,Individual,Automatic,1.0,11.5,2982 ,169,7.0,9
683,340000,51492,Petrol,Individual,Manual,1.0,18.15,1198 ,82,6.0,3
684,300000,72000,Diesel,Individual,Manual,2.0,20.54,1598 ,103.6,5.0,10
685,370000,60000,Petrol,Individual,Manual,1.0,18.16,1196 ,86.8,5.0,5
686,330000,136000,Diesel,Individual,Manual,2.0,15.96,2523 ,62.1,7.0,8
687,238000,60000,Petrol,Individual,Manual,1.0,17.92,1086 ,62.1,5.0,7
689,200000,90000,Petrol,Individual,Manual,1.0,17.92,1086 ,62.1,5.0,8
690,320000,91000,Diesel,Individual,Manual,4.0,22.71,1461 ,84.8,5.0,7
691,114999,90000,Petrol,Individual,Manual,4.0,17.92,1086 ,62.1,5.0,12
692,320000,50000,Petrol,Individual,Manual,2.0,20.51,998 ,67.04,5.0,6
693,210000,20000,Petrol,Individual,Manual,1.0,19.81,1086 ,68.05,5.0,11
694,200000,120000,Diesel,Individual,Manual,1.0,14.0,2489 ,95,8.0,10
695,135000,150000,Petrol,Individual,Manual,2.0,18.9,1061 ,67,5.0,12
696,350000,52000,Diesel,Individual,Manual,1.0,19.09,1405 ,69.01,5.0,6
697,350000,167000,Diesel,Individual,Manual,2.0,13.6,2523 ,63,8.0,7
698,680000,40000,Diesel,Individual,Manual,1.0,28.4,1248 ,74.02,5.0,4
699,200000,190000,Diesel,Individual,Manual,2.0,17.8,1248 ,75,5.0,11
700,300000,50000,Petrol,Individual,Manual,1.0,23.01,999 ,67,5.0,5
701,270000,70000,Diesel,Individual,Manual,2.0,14.0,2498 ,112,7.0,10
702,225000,80000,Petrol,Individual,Manual,2.0,18.9,998 ,67.1,5.0,9
703,250000,120000,Diesel,Individual,Manual,1.0,13.6,2523 ,63,8.0,13
704,590000,40000,Diesel,Individual,Manual,2.0,18.49,1493 ,100,7.0,6
705,290000,17000,Petrol,Individual,Manual,1.0,21.1,814 ,55.2,5.0,6
706,100000,180000,Petrol,Individual,Manual,2.0,19.0,998 ,67.1,5.0,11
707,395000,50000,Petrol,Individual,Manual,1.0,23.1,998 ,67.04,5.0,5
708,195000,65000,Petrol,Individual,Manual,2.0,21.1,814 ,55.2,5.0,7
709,45000,10000,Petrol,Individual,Manual,3.0,26.0,624 ,35,4.0,10
710,270000,70000,Diesel,Individual,Manual,2.0,13.6,2523 ,63,8.0,12
711,600000,90000,Diesel,Individual,Manual,2.0,13.58,2499 ,72.4,9.0,7
712,715000,50000,Diesel,Individual,Manual,1.0,22.54,1396 ,88.73,5.0,6
713,600000,10000,Petrol,Individual,Manual,1.0,18.6,1197 ,81.86,5.0,2
714,875000,25000,Diesel,Individual,Manual,1.0,18.49,1493 ,100,7.0,2
715,420000,100000,Diesel,Individual,Manual,2.0,13.5,2179 ,115,5.0,10
716,325000,70000,Petrol,Individual,Automatic,2.0,10.1,2354 ,152,5.0,14
717,385000,30000,Petrol,Individual,Manual,1.0,20.63,1198 ,67.06,5.0,4
718,300000,40000,Petrol,Individual,Manual,1.0,18.15,1198 ,82,6.0,5
719,335000,135000,Diesel,Individual,Manual,1.0,21.9,1396 ,88.76,5.0,9
720,300000,35000,Petrol,Individual,Manual,1.0,23.1,998 ,67.04,5.0,7
721,80000,120000,Petrol,Individual,Manual,2.0,13.2,1495 ,94,5.0,17
722,400000,120000,Diesel,Individual,Manual,1.0,15.96,2523 ,62.1,7.0,9
723,168000,190000,Diesel,Individual,Manual,2.0,19.09,1396 ,69,5.0,9
724,550000,120000,Diesel,Individual,Manual,1.0,15.96,2523 ,62.1,9.0,5
726,320000,175000,Diesel,Individual,Manual,3.0,13.6,2523 ,63,7.0,10
727,320000,175000,Diesel,Individual,Manual,3.0,15.96,2523 ,63,9.0,10
728,350000,25000,Petrol,Individual,Manual,2.0,16.95,1498 ,97.7,5.0,10
729,280000,80000,Diesel,Individual,Manual,1.0,21.02,1248 ,88.76,5.0,8
730,550000,70000,Diesel,Individual,Manual,2.0,24.4,1120 ,71,5.0,4
731,500000,10000,Petrol,Individual,Manual,1.0,20.14,1197 ,81.86,5.0,3
732,700000,6000,Petrol,Individual,Manual,1.0,19.0,1194 ,94.68,5.0,2
733,380000,90000,Diesel,Individual,Manual,2.0,20.5,1598 ,103.5,5.0,8
734,340000,110000,Diesel,Individual,Manual,2.0,15.96,2523 ,63,9.0,9
735,160000,120000,Diesel,Individual,Manual,3.0,13.6,2523 ,63,9.0,14
736,750000,50000,Diesel,Individual,Manual,1.0,12.99,2494 ,100.6,7.0,7
737,531000,20000,Petrol,Individual,Automatic,1.0,18.9,1197 ,81.86,5.0,3
738,300000,35000,Petrol,Individual,Manual,1.0,23.01,999 ,67,5.0,4
739,350000,60000,Diesel,Individual,Manual,2.0,20.14,1498 ,88.8,5.0,7
740,150000,68000,Petrol,Individual,Manual,4.0,18.6,1199 ,79.4,5.0,11
741,450000,30000,Petrol,Individual,Manual,1.0,20.4,1197 ,81.80,5.0,6
742,1625000,54000,Diesel,Individual,Manual,1.0,16.0,2179 ,140,7.0,4
745,85000,120000,Diesel,Individual,Manual,3.0,16.8,1405 ,68,5.0,15
746,450000,30000,Petrol,Individual,Manual,1.0,18.9,1197 ,81.86,5.0,3
748,360000,50000,Diesel,Individual,Manual,1.0,27.28,1047 ,69,5.0,4
749,390000,6000,Petrol,Individual,Manual,1.0,23.95,998 ,67.05,5.0,1
750,145000,50000,Petrol,Individual,Manual,2.0,15.37,1196 ,73,7.0,10
751,540000,90000,Diesel,Individual,Manual,3.0,12.05,2179 ,120,8.0,9
752,290000,126000,Diesel,Individual,Manual,3.0,12.8,2494 ,102,8.0,13
753,300000,90000,Diesel,Individual,Manual,1.0,25.0,1396 ,69,5.0,8
754,565000,80000,Petrol,Individual,Manual,1.0,18.16,1196 ,86.8,5.0,4
755,441000,70000,Diesel,Individual,Manual,2.0,10.5,2609 ,120,7.0,10
757,180000,80000,Petrol,Individual,Manual,2.0,21.1,814 ,55.2,5.0,10
758,200000,80000,Petrol,Individual,Manual,2.0,21.1,814 ,55.2,5.0,8
759,85000,150000,Petrol,Individual,Manual,2.0,19.7,796 ,46.3,5.0,16
760,67500,110000,Diesel,Individual,Manual,4.0,17.88,1396 ,52.8,5.0,15
761,700000,110000,Diesel,Individual,Manual,2.0,24.3,1248 ,88.5,5.0,5
762,275000,80000,Diesel,Individual,Manual,4.0,22.07,1199 ,73.9,5.0,11
763,600000,20000,Petrol,Individual,Manual,1.0,18.9,1197 ,81.86,5.0,2
764,250000,120000,Diesel,Individual,Manual,1.0,13.0,2489 ,95,8.0,10
765,600000,120000,Diesel,Individual,Manual,1.0,15.96,2523 ,63,9.0,5
766,200000,80000,Diesel,Individual,Manual,2.0,20.4,1248 ,91.2,5.0,11
767,425000,91500,Diesel,Individual,Manual,2.0,24.0,1120 ,70,5.0,6
768,420000,120000,Diesel,Individual,Manual,2.0,19.3,1248 ,73.9,5.0,9
769,321000,100000,Diesel,Individual,Manual,2.0,23.0,1396 ,90,5.0,9
770,350000,120000,Diesel,Individual,Manual,4.0,14.0,2498 ,112,8.0,9
771,490000,80000,Petrol,Individual,Manual,1.0,17.8,1198 ,86.7,5.0,4
772,680000,90000,Diesel,Individual,Manual,1.0,15.4,2523 ,75,7.0,6
773,298000,70000,Petrol,Individual,Manual,1.0,23.95,998 ,67.05,5.0,5
775,450000,150000,Diesel,Individual,Manual,4.0,13.5,2179 ,115,5.0,10
777,250000,40000,Diesel,Individual,Manual,1.0,22.3,1248 ,74,5.0,9
778,1075000,110000,Diesel,Individual,Automatic,3.0,12.8,2953 ,156,7.0,8
779,500000,20000,Petrol,Individual,Manual,1.0,18.9,1197 ,82,5.0,4
780,681000,10000,Petrol,Individual,Manual,1.0,19.0,1194 ,94.68,5.0,2
781,650000,90000,Diesel,Individual,Manual,2.0,15.1,2179 ,140,7.0,7
782,80000,70000,Petrol,Individual,Manual,2.0,15.26,1150 ,74.9,5.0,13
783,290000,120000,Diesel,Individual,Manual,1.0,13.6,2523 ,63,7.0,12
784,220000,120000,Diesel,Individual,Manual,2.0,10.5,2179 ,120,8.0,15
785,120000,90000,Petrol,Individual,Manual,2.0,0.0,1086 ,62,5.0,12
786,229999,80000,Petrol,Individual,Manual,1.0,22.7,799 ,53,5.0,4
787,150000,132478,Diesel,Individual,Manual,2.0,13.6,2523 ,63,7.0,18
788,500000,45000,Petrol,Individual,Manual,1.0,19.1,1197 ,85.8,5.0,7
789,175000,120000,Diesel,Individual,Manual,1.0,19.09,1396 ,69,5.0,8
790,720000,10000,Petrol,Individual,Manual,1.0,19.0,1194 ,94.68,5.0,2
791,100000,51000,Petrol,Individual,Manual,1.0,16.1,796 ,37,4.0,9
792,250000,105000,Petrol,Individual,Automatic,2.0,12.9,1799 ,130,5.0,12
793,810000,100000,Diesel,Individual,Manual,1.0,15.1,2179 ,140,7.0,7
794,165000,30000,Petrol,Individual,Manual,3.0,19.7,796 ,46.3,5.0,11
795,409999,60000,Diesel,Individual,Manual,2.0,12.2,1994 ,105.3,10.0,5
796,430000,86000,Diesel,Individual,Manual,2.0,22.9,1248 ,74,5.0,8
797,300000,15000,Petrol,Individual,Manual,1.0,20.62,1198 ,67,7.0,6
798,350000,137500,Diesel,Individual,Manual,3.0,19.3,1248 ,73.9,5.0,10
799,400000,60000,Petrol,Individual,Manual,1.0,23.01,999 ,67,5.0,3
800,420000,70000,Diesel,Individual,Manual,1.0,18.2,1248 ,73.74,7.0,5
801,430000,5000,Petrol,Individual,Manual,1.0,20.51,998 ,67.04,5.0,6
802,573000,30000,Petrol,Individual,Manual,1.0,20.4,1197 ,81.80,5.0,4
803,210000,40000,Petrol,Individual,Manual,1.0,21.1,814 ,55.2,5.0,6
804,600000,60000,Diesel,Individual,Manual,1.0,19.01,1461 ,108.45,5.0,6
805,150000,70000,Petrol,Individual,Manual,3.0,17.7,1497 ,78,5.0,13
806,550000,15000,Petrol,Individual,Manual,1.0,20.3,1199 ,84,5.0,2
807,320000,110000,Diesel,Individual,Manual,2.0,19.3,1248 ,73.9,5.0,10
808,80000,70000,Petrol,Individual,Manual,4.0,16.1,796 ,37,4.0,21
809,800000,10000,Diesel,Individual,Manual,1.0,27.4,1498 ,98.63,5.0,2
810,500000,60000,Petrol,Individual,Manual,1.0,16.02,1373 ,93.7,7.0,8
811,229999,110000,Diesel,Individual,Manual,2.0,18.8,1248 ,90,5.0,10
812,500000,60000,Petrol,Individual,Manual,1.0,16.02,1373 ,93.7,7.0,8
813,630000,35000,Petrol,Individual,Manual,1.0,18.6,1197 ,81.83,5.0,6
814,190000,70000,Petrol,Individual,Manual,2.0,16.8,796 ,34.2,8.0,5
815,229999,110000,Diesel,Individual,Manual,2.0,18.8,1248 ,90,5.0,10
816,450000,100000,Diesel,Individual,Manual,2.0,13.6,2523 ,63,7.0,10
817,95000,120000,Petrol,Individual,Manual,1.0,19.7,796 ,46.3,5.0,13
818,101000,90000,Petrol,Individual,Manual,4.0,19.7,796 ,35,8.0,12
819,500000,70000,Diesel,Individual,Manual,2.0,25.8,1498 ,98.6,5.0,5
820,1019999,88000,Diesel,Individual,Manual,2.0,12.99,2494 ,100.6,7.0,7
821,244000,38000,Petrol,Individual,Manual,1.0,21.1,814 ,55.2,5.0,9
822,250000,90000,Petrol,Individual,Manual,2.0,20.51,998 ,67.04,5.0,8
823,660000,60000,Petrol,Individual,Manual,1.0,21.4,1197 ,83.1,5.0,5
824,270000,60000,Petrol,Individual,Manual,1.0,18.5,1197 ,80,5.0,11
825,280000,156060,Diesel,Individual,Manual,1.0,23.2,1248 ,73.94,5.0,9
826,1050000,60000,Diesel,Individual,Manual,1.0,19.67,1582 ,126.2,5.0,4
827,525000,70000,Petrol,Individual,Manual,1.0,20.85,1197 ,83.14,5.0,4
828,850000,35000,Diesel,Individual,Manual,1.0,23.9,1582 ,126.2,5.0,4
829,1165000,50000,Diesel,Individual,Manual,1.0,16.0,1997 ,140,7.0,5
830,345000,50000,Petrol,Individual,Manual,2.0,18.6,1197 ,85.8,5.0,9
831,95000,100000,Petrol,Individual,Manual,2.0,17.8,1086 ,63,5.0,14
832,241000,15000,Petrol,Individual,Manual,1.0,22.74,796 ,47.3,5.0,6
833,235000,20000,Petrol,Individual,Manual,1.0,22.74,796 ,47.3,5.0,6
834,615000,80000,Diesel,Individual,Manual,1.0,22.77,1498 ,98.59,5.0,6
835,350000,110000,Diesel,Individual,Manual,2.0,20.8,1461 ,64.1,5.0,7
836,350000,35000,Petrol,Individual,Manual,1.0,20.51,998 ,67.04,5.0,7
837,380000,35000,Petrol,Individual,Manual,1.0,20.51,998 ,67.04,5.0,7
838,400000,140000,Diesel,Individual,Manual,1.0,14.07,2956 ,69.01,7.0,4
839,220000,40000,Petrol,Individual,Manual,1.0,19.0,998 ,67.1,5.0,11
840,270000,110000,Diesel,Individual,Manual,3.0,14.4,2179 ,120,7.0,13
841,275000,70000,Petrol,Individual,Manual,2.0,18.5,1197 ,85.80,5.0,9
842,125000,100000,Diesel,Individual,Manual,2.0,17.0,1405 ,71,5.0,12
843,360000,20000,Petrol,Individual,Manual,1.0,19.81,1086 ,68.05,5.0,6
844,550000,15000,Petrol,Individual,Manual,1.0,18.9,1197 ,81.86,5.0,2
845,200000,70000,Petrol,Individual,Manual,2.0,16.6,1388 ,68,5.0,10
846,327000,20000,Petrol,Individual,Manual,1.0,18.15,1198 ,82,6.0,5
847,425000,15000,Petrol,Individual,Manual,1.0,19.81,1086 ,68.05,5.0,5
848,620000,107000,Diesel,Individual,Manual,1.0,28.4,1248 ,74.02,5.0,4
849,130000,54000,Diesel,Individual,Manual,2.0,18.4,1248 ,75,5.0,10
850,120000,58000,Petrol,Individual,Manual,1.0,19.7,796 ,46.3,5.0,12
851,400000,110000,Diesel,Individual,Manual,2.0,12.05,2179 ,120,8.0,10
852,185000,90000,Diesel,Individual,Manual,4.0,16.8,1493 ,110,5.0,14
853,204999,43000,Petrol,Individual,Manual,2.0,20.3,998 ,68.05,5.0,6
854,625000,43000,Diesel,Individual,Manual,1.0,28.4,1248 ,74.02,5.0,4
855,600000,60000,Diesel,Individual,Manual,1.0,20.77,1248 ,88.8,7.0,8
856,150000,150000,Petrol,Individual,Manual,1.0,12.8,1396 ,85,5.0,10
857,300000,35000,Petrol,Individual,Manual,1.0,23.01,999 ,67,5.0,4
858,229999,46000,Petrol,Individual,Manual,1.0,18.2,1199 ,84.8,5.0,8
859,220000,10000,Petrol,Individual,Manual,1.0,16.8,796 ,34.2,8.0,3
860,576000,35000,Petrol,Individual,Manual,1.0,18.6,1197 ,81.83,5.0,5
861,265000,50000,Petrol,Individual,Manual,1.0,25.17,799 ,53.3,5.0,5
863,300000,80000,Diesel,Individual,Manual,1.0,22.32,1582 ,126.32,5.0,10
864,420000,110000,Diesel,Individual,Manual,1.0,24.7,1047 ,69,5.0,4
865,750000,14000,Diesel,Individual,Manual,1.0,20.77,1248 ,88.76,7.0,6
866,165000,60000,CNG,Individual,Manual,2.0,30.46,796 ,47.3,5.0,9
867,290000,28000,Petrol,Individual,Manual,1.0,25.17,799 ,53.3,5.0,4
868,160000,57000,Petrol,Individual,Manual,1.0,21.1,814 ,55.2,5.0,10
869,695000,50000,Diesel,Individual,Manual,1.0,26.59,1248 ,74,5.0,4
870,231000,70000,LPG,Individual,Manual,1.0,26.2,998 ,58.2,5.0,9
871,1050000,60000,Diesel,Individual,Manual,1.0,21.43,1364 ,87.2,5.0,6
872,400000,70000,Petrol,Individual,Manual,1.0,18.5,1197 ,82.85,5.0,8
873,500000,40000,Petrol,Individual,Manual,1.0,18.6,1197 ,81.83,5.0,5
874,150000,120000,Diesel,Individual,Manual,2.0,21.12,1248 ,88.8,5.0,11
875,400000,140000,Diesel,Individual,Manual,2.0,14.02,2179 ,118.3,7.0,5
876,120000,100000,Diesel,Individual,Manual,2.0,17.0,1405 ,70,5.0,11
877,480000,120000,Diesel,Individual,Manual,2.0,14.02,2179 ,118.3,7.0,7
878,200000,120000,Diesel,Individual,Manual,2.0,19.09,1405 ,69.01,5.0,8
879,300000,64000,Diesel,Individual,Manual,2.0,17.8,1399 ,67,5.0,9
880,350000,25000,Petrol,Individual,Manual,1.0,23.1,998 ,67.04,5.0,6
881,580000,12000,Petrol,Individual,Manual,1.0,20.0,999 ,72,7.0,2
882,200000,70000,Diesel,Individual,Manual,2.0,25.44,936 ,57.6,5.0,9
883,750000,120000,Diesel,Individual,Manual,1.0,11.0,2179 ,120,5.0,5
884,261000,90000,Petrol,Individual,Manual,1.0,25.17,799 ,53.3,5.0,5
885,371000,40000,Petrol,Individual,Manual,1.0,18.2,1199 ,82.4,5.0,6
886,320000,300000,Diesel,Individual,Manual,3.0,13.6,2523 ,63,7.0,11
887,204999,120000,Diesel,Individual,Manual,2.0,19.09,1396 ,69,5.0,9
888,110000,90000,Petrol,Individual,Manual,2.0,13.2,1495 ,94,5.0,18
889,150000,100000,Diesel,Individual,Manual,4.0,17.7,1399 ,68,5.0,12
890,625000,90000,Diesel,Individual,Manual,2.0,15.96,2523 ,62.1,7.0,5
891,1300000,50000,Diesel,Individual,Manual,2.0,15.4,1997 ,120,7.0,4
892,900000,168000,Diesel,Individual,Manual,1.0,20.6,1968 ,141,5.0,6
893,180000,110000,Diesel,Individual,Manual,2.0,20.0,1399 ,68,5.0,11
894,421000,120000,Diesel,Individual,Manual,2.0,13.6,2523 ,63,7.0,11
895,204999,120000,Diesel,Individual,Manual,2.0,19.09,1396 ,69,5.0,9
896,900000,40000,Diesel,Individual,Manual,1.0,25.5,1498 ,98.6,5.0,4
897,165000,110000,Petrol,Individual,Manual,2.0,17.7,1497 ,78,5.0,15
898,270000,100000,Diesel,Individual,Manual,4.0,21.9,1396 ,90,5.0,11
899,750000,40000,Diesel,Individual,Manual,1.0,24.3,1248 ,88.5,5.0,4
900,750000,30000,Petrol,Individual,Manual,1.0,18.6,1197 ,81.86,5.0,2
901,40000,80000,Petrol,Individual,Manual,3.0,16.1,796 ,37,4.0,19
902,190000,90000,Diesel,Individual,Manual,2.0,20.0,1399 ,68,5.0,10
903,395000,200000,Diesel,Individual,Manual,3.0,12.8,2494 ,102,7.0,12
904,800000,125000,Diesel,Individual,Manual,2.0,11.5,2982 ,171,7.0,11
905,315000,80000,Petrol,Individual,Manual,1.0,17.0,1197 ,80,5.0,10
906,1600000,44000,Diesel,Individual,Automatic,2.0,16.55,1968 ,147.51,5.0,7
907,409999,90000,Diesel,Individual,Manual,1.0,23.59,1364 ,67.04,5.0,8
908,580000,32000,Petrol,Individual,Manual,1.0,18.9,1197 ,81.86,5.0,3
909,340000,70000,Petrol,Individual,Manual,1.0,18.5,1197 ,82.85,5.0,8
910,270000,43000,Petrol,Individual,Manual,1.0,21.1,814 ,55.2,5.0,6
911,280000,80000,Diesel,Individual,Manual,1.0,22.95,1248 ,74,5.0,4
912,130000,60000,Diesel,Individual,Manual,1.0,22.3,1248 ,74,5.0,9
913,260000,18945,Petrol,Individual,Manual,1.0,21.1,814 ,55.2,5.0,7
914,710000,70000,Diesel,Individual,Manual,1.0,24.0,1186 ,73.97,5.0,3
915,204999,100000,Petrol,Individual,Manual,3.0,15.1,1196 ,73,7.0,8
916,300000,60000,Petrol,Individual,Manual,1.0,20.62,1198 ,67,7.0,4
917,180000,144000,Diesel,Individual,Manual,2.0,19.3,1248 ,73.9,5.0,12
918,700000,120000,Diesel,Individual,Manual,1.0,18.49,1493 ,100,7.0,5
919,320000,107825,Diesel,Individual,Manual,2.0,21.9,1396 ,90,5.0,9
920,370000,15000,Petrol,Individual,Manual,1.0,22.05,796 ,47.3,5.0,1
921,340000,10000,Petrol,Individual,Manual,1.0,25.17,799 ,53.3,5.0,3
922,1040000,1620,Petrol,Individual,Manual,1.0,19.01,1462 ,103.2,6.0,2
923,750000,30000,Diesel,Individual,Manual,1.0,21.19,1396 ,88.76,5.0,3
924,600000,70000,Diesel,Individual,Manual,1.0,18.49,2179 ,120,9.0,3
925,550000,70000,Diesel,Individual,Manual,1.0,15.96,2523 ,63,9.0,5
926,600000,95000,Diesel,Individual,Manual,2.0,12.99,2494 ,100.57,7.0,8
927,550000,50000,Diesel,Individual,Manual,1.0,24.7,1047 ,69,5.0,4
928,750000,160000,Diesel,Individual,Manual,1.0,25.1,1498 ,98.6,5.0,6
929,450000,10000,Petrol,Individual,Manual,1.0,20.3,1086 ,68,5.0,2
930,400000,100000,Diesel,Individual,Manual,3.0,20.77,1248 ,88.76,7.0,9
931,520000,50000,Diesel,Individual,Manual,2.0,25.2,1248 ,74,5.0,5
932,199000,60000,Petrol,Individual,Manual,2.0,20.2,998 ,67.1,5.0,8
933,150000,110000,Diesel,Individual,Manual,1.0,25.44,936 ,57.6,5.0,9
934,540000,80000,Diesel,Individual,Manual,3.0,21.19,1396 ,88.73,5.0,5
935,250000,85000,Diesel,Individual,Manual,2.0,21.5,1248 ,88.8,5.0,10
936,200000,90000,Petrol,Individual,Manual,2.0,18.9,1061 ,67,5.0,11
937,130000,90000,Diesel,Individual,Manual,2.0,25.0,1396 ,69,5.0,10
938,90000,90000,Petrol,Individual,Manual,1.0,16.1,796 ,37,4.0,14
939,450000,120000,Diesel,Individual,Manual,2.0,22.32,1582 ,126.32,5.0,9
940,280000,120000,Diesel,Individual,Manual,1.0,18.1,1493 ,110,5.0,12
941,280000,160000,Diesel,Individual,Manual,2.0,13.93,2956 ,138.1,7.0,14
942,120000,141000,Petrol,Individual,Manual,2.0,17.3,993 ,60,5.0,15
943,290000,100000,Diesel,Individual,Manual,2.0,17.8,1248 ,75,5.0,13
944,1000000,15000,Diesel,Individual,Manual,1.0,22.1,1396 ,88.7,5.0,2
945,415000,108000,Diesel,Individual,Manual,1.0,19.3,1248 ,73.9,5.0,9
946,415000,108000,Diesel,Individual,Manual,1.0,23.4,1248 ,74,5.0,9
947,240000,55000,Diesel,Individual,Manual,1.0,25.44,936 ,56.3,5.0,6
948,250000,37944,Diesel,Individual,Manual,1.0,18.4,1248 ,75,5.0,11
949,175000,90400,Diesel,Individual,Manual,1.0,20.0,1399 ,68,5.0,10
950,220000,85000,Diesel,Individual,Manual,2.0,16.8,1493 ,110,5.0,13
951,85000,120000,Diesel,Individual,Manual,3.0,20.8,1527 ,58,5.0,18
952,675000,5000,Petrol,Individual,Manual,1.0,21.21,1197 ,81.80,5.0,2
953,535000,50000,Diesel,Individual,Manual,1.0,19.87,1461 ,83.8,5.0,5
954,675000,5000,Petrol,Individual,Manual,1.0,20.0,999 ,72,7.0,2
955,800000,90000,Diesel,Individual,Manual,1.0,24.3,1248 ,88.5,5.0,5
956,425000,96000,Diesel,Individual,Manual,2.0,20.77,1248 ,88.8,7.0,9
957,150000,80000,Petrol,Individual,Manual,3.0,15.37,1196 ,73,5.0,10
958,90000,60000,Petrol,Individual,Manual,2.0,18.2,1061 ,64,5.0,14
959,850000,90000,Diesel,Individual,Manual,1.0,15.1,2179 ,140,7.0,6
960,330000,193623,Diesel,Individual,Manual,2.0,12.8,2494 ,102,8.0,13
961,850000,63186,Diesel,Individual,Manual,1.0,22.54,1396 ,88.73,5.0,4
962,305000,219000,Diesel,Individual,Manual,2.0,13.6,2523 ,63,7.0,13
963,910000,110000,Diesel,Individual,Manual,2.0,12.99,2494 ,100,7.0,8
964,1100000,151000,Diesel,Individual,Manual,1.0,12.8,2494 ,102,8.0,9
965,675000,5000,Petrol,Individual,Automatic,1.0,21.4,1197 ,83.1,5.0,2
966,150000,91500,Petrol,Individual,Manual,1.0,19.7,796 ,46.3,5.0,11
967,550000,23000,Diesel,Individual,Manual,1.0,25.2,1248 ,74,5.0,6
968,350000,40000,Diesel,Individual,Manual,1.0,20.54,1598 ,103.6,5.0,9
969,300000,70000,Diesel,Individual,Manual,1.0,23.2,1248 ,73.94,5.0,9
970,1745000,10000,Diesel,Individual,Automatic,1.0,11.36,2755 ,171.5,7.0,3
971,611000,90000,Diesel,Individual,Manual,2.0,14.0,2523 ,75,7.0,7
972,400000,68000,Petrol,Individual,Manual,1.0,19.4,1198 ,86.8,5.0,5
973,700000,120000,Diesel,Individual,Manual,1.0,22.7,1582 ,126.24,5.0,8
974,300000,65000,Diesel,Individual,Manual,1.0,22.1,1248 ,76.9,5.0,8
975,65000,85000,Petrol,Individual,Manual,1.0,15.3,1341 ,83,5.0,16
976,200000,94000,Petrol,Individual,Manual,3.0,18.9,998 ,67.1,5.0,10
977,650000,100000,Diesel,Individual,Manual,1.0,22.54,1396 ,88.73,5.0,6
978,650000,80000,Diesel,Individual,Manual,1.0,22.54,1396 ,88.73,5.0,6
979,350000,80000,Diesel,Individual,Manual,3.0,22.07,1199 ,73.9,5.0,8
980,75000,140500,Diesel,Individual,Manual,3.0,17.88,1396 ,52.8,5.0,10
981,240000,143000,Petrol,Individual,Manual,1.0,17.5,1298 ,85.8,5.0,11
982,240000,60000,Petrol,Individual,Manual,1.0,20.92,998 ,67.1,5.0,8
983,180000,120000,Diesel,Individual,Manual,2.0,18.4,1248 ,75,5.0,10
984,900000,80000,Diesel,Individual,Automatic,2.0,13.01,2199 ,194.3,7.0,7
985,425000,63000,Diesel,Individual,Manual,2.0,18.06,2523 ,63,7.0,7
986,95000,120000,Petrol,Individual,Manual,3.0,18.0,995 ,62,5.0,12
987,811000,100000,Diesel,Individual,Manual,1.0,28.4,1248 ,74.02,5.0,3
988,1100000,60000,Petrol,Individual,Manual,1.0,17.0,1591 ,121.3,5.0,3
989,600000,90000,Diesel,Individual,Manual,1.0,13.58,2499 ,72.4,9.0,8
990,550000,50000,Diesel,Individual,Manual,2.0,20.77,1248 ,88.76,7.0,7
991,715000,70000,Diesel,Individual,Manual,1.0,15.4,2179 ,120,7.0,6
993,100000,120000,Diesel,Individual,Manual,3.0,16.1,1405 ,70,5.0,15
994,500000,195000,Diesel,Individual,Manual,1.0,14.0,2523 ,75,8.0,8
995,350000,40000,Petrol,Individual,Manual,1.0,20.51,998 ,67.04,5.0,8
996,100000,40000,Diesel,Individual,Manual,1.0,16.8,1405 ,62,5.0,13
997,325000,120000,Diesel,Individual,Manual,1.0,13.93,2179 ,138.03,7.0,9
998,220000,360003,Petrol,Individual,Manual,2.0,18.9,998 ,67.1,5.0,9
999,55000,60000,Petrol,Individual,Manual,2.0,16.1,796 ,37,4.0,22
1000,330000,20000,Petrol,Individual,Manual,1.0,25.17,799 ,53.3,5.0,5
1001,480000,37000,Diesel,Individual,Manual,1.0,15.96,2523 ,62.1,7.0,7
1002,950000,57000,Diesel,Individual,Manual,2.0,25.1,1248 ,88.5,5.0,3
1003,300000,110000,Diesel,Individual,Manual,2.0,16.2,1493 ,110,5.0,10
1004,170000,110000,Petrol,Individual,Manual,4.0,13.9,1599 ,103.2,5.0,15
1005,850000,120000,Diesel,Individual,Manual,2.0,12.99,2494 ,100.57,8.0,8
1006,900000,8079,Diesel,Dealer,Manual,1.0,24.7,1047 ,69,5.0,2
1007,1325000,114368,Diesel,Dealer,Manual,2.0,12.99,2494 ,100.6,7.0,6
1008,350000,79990,Diesel,Dealer,Manual,2.0,17.8,1399 ,67,5.0,9
1009,425000,81632,Diesel,Dealer,Manual,1.0,20.0,1399 ,68,5.0,9
1010,600000,155201,Diesel,Dealer,Manual,1.0,26.1,1498 ,99.23,5.0,5
1011,750000,101504,Diesel,Dealer,Manual,1.0,22.7,1498 ,89.84,5.0,7
1012,450000,90165,Diesel,Dealer,Manual,1.0,17.8,1399 ,67,5.0,9
1013,325000,86017,Diesel,Dealer,Manual,2.0,25.5,1498 ,99.23,5.0,11
1014,900000,85036,Diesel,Dealer,Manual,2.0,15.1,2179 ,140,7.0,8
1016,600000,125531,Diesel,Dealer,Manual,2.0,22.77,1498 ,98.59,5.0,8
1017,1100000,10000,Petrol,Individual,Manual,1.0,17.0,1591 ,121.3,5.0,2
1018,520000,20000,Petrol,Individual,Manual,1.0,23.84,1199 ,84,5.0,4
1019,885000,170000,Diesel,Individual,Manual,1.0,15.4,2179 ,120,7.0,6
1020,950000,40000,Diesel,Individual,Automatic,1.0,21.5,1497 ,108.5,5.0,3
1021,229999,120000,Petrol,Individual,Manual,2.0,17.0,1497 ,118,5.0,13
1022,409999,100000,Diesel,Individual,Manual,3.0,23.2,1248 ,73.94,5.0,8
1023,300000,110000,Diesel,Individual,Manual,3.0,17.8,1399 ,68,5.0,10
1024,175000,120000,Diesel,Individual,Manual,3.0,16.8,1405 ,68,5.0,13
1025,108000,206000,Petrol,Individual,Manual,4.0,19.7,796 ,46.3,5.0,21
1026,425000,40000,Petrol,Individual,Manual,2.0,23.1,998 ,67.04,5.0,4
1027,272000,170000,Diesel,Individual,Manual,4.0,16.52,1991 ,123.7,5.0,10
1028,310000,70000,Petrol,Individual,Manual,1.0,19.81,1086 ,68.05,5.0,8
1029,1125000,105000,Diesel,Individual,Manual,1.0,21.38,1396 ,88.7,5.0,4
1030,450000,46000,Petrol,Individual,Manual,2.0,19.1,1197 ,81.86,5.0,7
1031,388000,80000,Diesel,Individual,Manual,2.0,22.07,1199 ,73.9,5.0,10
1032,400000,60000,Petrol,Individual,Manual,1.0,16.2,1599 ,103.2,5.0,10
1033,760000,70000,Diesel,Individual,Manual,3.0,25.1,1498 ,98.6,5.0,6
1034,120000,90000,Petrol,Individual,Manual,1.0,19.7,796 ,46.3,5.0,12
1035,757000,25000,Diesel,Individual,Manual,1.0,28.4,1248 ,74.02,5.0,2
1036,270000,53000,Petrol,Individual,Manual,2.0,22.74,796 ,47.3,5.0,6
1037,250000,90000,Diesel,Individual,Manual,2.0,13.55,2179 ,118.35,7.0,10
1038,800000,60000,Diesel,Individual,Manual,1.0,12.8,2494 ,102,7.0,10
1039,1380000,150000,Diesel,Individual,Manual,1.0,13.0,2982 ,168.5,7.0,7
1040,700000,24000,Diesel,Individual,Manual,1.0,16.55,2498 ,105,6.0,7
1041,450000,100000,Diesel,Individual,Manual,2.0,24.2,1498 ,98.6,7.0,5
1042,650000,6000,Petrol,Individual,Manual,1.0,18.15,1198 ,82,6.0,3
1043,950000,49700,Diesel,Individual,Manual,1.0,15.1,2179 ,140,7.0,8
1044,626000,80000,Diesel,Individual,Manual,2.0,12.8,2494 ,102,7.0,14
1046,600000,10000,Petrol,Individual,Automatic,1.0,21.21,1197 ,81.80,5.0,2
1047,290000,21000,Petrol,Individual,Manual,1.0,25.17,799 ,53.3,5.0,2
1048,215000,25000,Petrol,Individual,Manual,1.0,20.92,998 ,67.1,5.0,8
1049,250000,22000,Petrol,Individual,Manual,1.0,25.17,799 ,53.3,5.0,5
1050,750000,50000,Diesel,Individual,Manual,1.0,24.52,1248 ,88.5,7.0,4
1051,250000,20000,Petrol,Individual,Manual,2.0,23.95,998 ,67.05,5.0,5
1052,950000,15000,Petrol,Individual,Automatic,1.0,15.4,1497 ,117.3,7.0,4
1053,793000,30000,Diesel,Individual,Manual,1.0,25.83,1498 ,99,5.0,3
1054,750000,74000,Diesel,Individual,Manual,1.0,19.67,1582 ,126.2,5.0,6
1055,725000,6550,Petrol,Individual,Automatic,1.0,18.2,1199 ,88.7,5.0,4
1056,480000,30000,Diesel,Individual,Manual,1.0,24.0,1120 ,70,5.0,5
1057,3750000,56000,Diesel,Dealer,Automatic,1.0,11.2,2993 ,241,4.0,8
1058,795000,41779,Petrol,Dealer,Manual,1.0,21.21,1197 ,81.80,5.0,3
1059,625000,54000,Petrol,Dealer,Manual,1.0,18.7,1199 ,88.7,5.0,5
1060,2900000,31000,Diesel,Dealer,Automatic,1.0,13.0,2143 ,204,5.0,5
1061,625000,37000,Diesel,Individual,Automatic,1.0,26.8,1248 ,74,5.0,4
1062,440000,90000,Diesel,Individual,Automatic,2.0,18.1,1991 ,147.9,4.0,10
1063,1400000,13534,Petrol,Dealer,Manual,1.0,14.28,1798 ,138.03,5.0,3
1064,1450000,7000,Petrol,Dealer,Automatic,2.0,14.53,1794 ,138.1,5.0,4
1065,2700000,23000,Diesel,Dealer,Automatic,1.0,17.9,2143 ,136,5.0,4
1066,1925000,43000,Diesel,Dealer,Automatic,1.0,11.36,2755 ,171.5,8.0,2
1067,1900000,5000,Diesel,Dealer,Automatic,1.0,17.8,1493 ,113.4,5.0,1
1068,844999,70000,Diesel,Dealer,Manual,1.0,28.09,1248 ,88.5,5.0,4
1069,650000,99000,Diesel,Dealer,Automatic,1.0,21.66,1498 ,103.52,5.0,5
1070,750000,15000,Petrol,Dealer,Manual,1.0,22.0,1197 ,81.80,5.0,3
1071,6000000,28156,Diesel,Dealer,Automatic,1.0,17.09,2993 ,261.4,4.0,3
1072,610000,30000,Petrol,Dealer,Manual,1.0,18.7,1199 ,88.7,5.0,6
1073,2940000,100000,Diesel,Dealer,Automatic,1.0,12.9,2755 ,174.5,7.0,3
1074,1150000,63309,Diesel,Dealer,Manual,1.0,19.67,1582 ,126.2,5.0,4
1075,1825000,94000,Diesel,Dealer,Automatic,1.0,11.36,2755 ,171.5,7.0,5
1076,890000,29000,Petrol,Dealer,Automatic,1.0,17.4,1197 ,81.86,5.0,3
1077,2625000,9000,Diesel,Dealer,Automatic,1.0,13.6,1999 ,177,5.0,4
1078,5150000,20000,Petrol,Dealer,Automatic,1.0,22.37,2487 ,214.56,5.0,2
1079,3200000,45000,Diesel,Dealer,Automatic,1.0,19.33,1999 ,177,5.0,4
1080,503000,110000,Diesel,Individual,Manual,1.0,14.1,2179 ,147.94,7.0,6
1081,3800000,20000,Diesel,Individual,Automatic,1.0,18.0,1969 ,190,5.0,2
1082,2000000,68089,Petrol,Trustmark Dealer,Automatic,1.0,19.16,2494 ,157.7,5.0,5
1083,225000,58343,Petrol,Trustmark Dealer,Manual,1.0,21.79,998 ,67.05,5.0,8
1084,740000,38817,Diesel,Dealer,Manual,1.0,27.39,1248 ,74,5.0,3
1085,550000,56494,Petrol,Trustmark Dealer,Manual,1.0,18.2,1199 ,88.7,5.0,5
1086,750000,79328,Diesel,Trustmark Dealer,Manual,2.0,12.99,2494 ,100.6,7.0,8
1087,650000,5621,Petrol,Trustmark Dealer,Automatic,1.0,22.0,1197 ,81.80,5.0,2
1088,625000,25538,Petrol,Trustmark Dealer,Manual,1.0,16.78,1496 ,88.73,5.0,4
1089,600000,69779,Petrol,Dealer,Automatic,1.0,22.0,1197 ,81.80,5.0,3
1090,450000,56290,Diesel,Dealer,Manual,1.0,24.0,1186 ,73.97,5.0,4
1091,5400000,7500,Diesel,Dealer,Automatic,1.0,16.78,1995 ,190,5.0,2
1092,5500000,8500,Diesel,Dealer,Automatic,1.0,16.78,1995 ,190,5.0,2
1093,779000,7032,Petrol,Trustmark Dealer,Automatic,1.0,19.0,1199 ,88.76,5.0,2
1094,645000,11000,Petrol,Dealer,Automatic,1.0,14.3,1598 ,103.5,5.0,5
1095,2475000,2000,Diesel,Dealer,Automatic,1.0,16.8,1984 ,150,5.0,3
1096,2625000,9000,Diesel,Dealer,Automatic,1.0,13.6,1999 ,177,5.0,4
1097,5150000,20000,Petrol,Dealer,Automatic,1.0,22.37,2487 ,214.56,5.0,2
1098,3200000,45000,Diesel,Dealer,Automatic,1.0,19.33,1999 ,177,5.0,4
1099,503000,110000,Diesel,Individual,Manual,1.0,14.1,2179 ,147.94,7.0,6
1100,3800000,20000,Diesel,Individual,Automatic,1.0,18.0,1969 ,190,5.0,2
1101,2000000,68089,Petrol,Trustmark Dealer,Automatic,1.0,19.16,2494 ,157.7,5.0,5
1102,225000,58343,Petrol,Trustmark Dealer,Manual,1.0,21.79,998 ,67.05,5.0,8
1103,740000,38817,Diesel,Dealer,Manual,1.0,27.39,1248 ,74,5.0,3
1104,550000,56494,Petrol,Trustmark Dealer,Manual,1.0,18.2,1199 ,88.7,5.0,5
1105,750000,79328,Diesel,Trustmark Dealer,Manual,2.0,12.99,2494 ,100.6,7.0,8
1106,650000,5621,Petrol,Trustmark Dealer,Automatic,1.0,22.0,1197 ,81.80,5.0,2
1107,625000,25538,Petrol,Trustmark Dealer,Manual,1.0,16.78,1496 ,88.73,5.0,4
1108,600000,69779,Petrol,Dealer,Automatic,1.0,22.0,1197 ,81.80,5.0,3
1109,450000,56290,Diesel,Dealer,Manual,1.0,24.0,1186 ,73.97,5.0,4
1110,5400000,7500,Diesel,Dealer,Automatic,1.0,16.78,1995 ,190,5.0,2
1111,5500000,8500,Diesel,Dealer,Automatic,1.0,16.78,1995 ,190,5.0,2
1112,779000,7032,Petrol,Trustmark Dealer,Automatic,1.0,19.0,1199 ,88.76,5.0,2
1113,645000,11000,Petrol,Dealer,Automatic,1.0,14.3,1598 ,103.5,5.0,5
1114,2475000,2000,Diesel,Dealer,Automatic,1.0,16.8,1984 ,150,5.0,3
1115,2625000,9000,Diesel,Dealer,Automatic,1.0,13.6,1999 ,177,5.0,4
1116,5150000,20000,Petrol,Dealer,Automatic,1.0,22.37,2487 ,214.56,5.0,2
1117,3200000,45000,Diesel,Dealer,Automatic,1.0,19.33,1999 ,177,5.0,4
1118,503000,110000,Diesel,Individual,Manual,1.0,14.1,2179 ,147.94,7.0,6
1119,3800000,20000,Diesel,Individual,Automatic,1.0,18.0,1969 ,190,5.0,2
1120,2000000,68089,Petrol,Trustmark Dealer,Automatic,1.0,19.16,2494 ,157.7,5.0,5
1121,225000,58343,Petrol,Trustmark Dealer,Manual,1.0,21.79,998 ,67.05,5.0,8
1122,740000,38817,Diesel,Dealer,Manual,1.0,27.39,1248 ,74,5.0,3
1123,550000,56494,Petrol,Trustmark Dealer,Manual,1.0,18.2,1199 ,88.7,5.0,5
1124,750000,79328,Diesel,Trustmark Dealer,Manual,2.0,12.99,2494 ,100.6,7.0,8
1125,650000,5621,Petrol,Trustmark Dealer,Automatic,1.0,22.0,1197 ,81.80,5.0,2
1126,625000,25538,Petrol,Trustmark Dealer,Manual,1.0,16.78,1496 ,88.73,5.0,4
1127,600000,69779,Petrol,Dealer,Automatic,1.0,22.0,1197 ,81.80,5.0,3
1128,450000,56290,Diesel,Dealer,Manual,1.0,24.0,1186 ,73.97,5.0,4
1129,5400000,7500,Diesel,Dealer,Automatic,1.0,16.78,1995 ,190,5.0,2
1130,5500000,8500,Diesel,Dealer,Automatic,1.0,16.78,1995 ,190,5.0,2
1131,779000,7032,Petrol,Trustmark Dealer,Automatic,1.0,19.0,1199 ,88.76,5.0,2
1132,645000,11000,Petrol,Dealer,Automatic,1.0,14.3,1598 ,103.5,5.0,5
1133,2475000,2000,Diesel,Dealer,Automatic,1.0,16.8,1984 ,150,5.0,3
1134,2625000,9000,Diesel,Dealer,Automatic,1.0,13.6,1999 ,177,5.0,4
1135,5150000,20000,Petrol,Dealer,Automatic,1.0,22.37,2487 ,214.56,5.0,2
1136,3200000,45000,Diesel,Dealer,Automatic,1.0,19.33,1999 ,177,5.0,4
1137,503000,110000,Diesel,Individual,Manual,1.0,14.1,2179 ,147.94,7.0,6
1138,3800000,20000,Diesel,Individual,Automatic,1.0,18.0,1969 ,190,5.0,2
1139,2000000,68089,Petrol,Trustmark Dealer,Automatic,1.0,19.16,2494 ,157.7,5.0,5
1140,225000,58343,Petrol,Trustmark Dealer,Manual,1.0,21.79,998 ,67.05,5.0,8
1141,740000,38817,Diesel,Dealer,Manual,1.0,27.39,1248 ,74,5.0,3
1142,550000,56494,Petrol,Trustmark Dealer,Manual,1.0,18.2,1199 ,88.7,5.0,5
1143,750000,79328,Diesel,Trustmark Dealer,Manual,2.0,12.99,2494 ,100.6,7.0,8
1144,650000,5621,Petrol,Trustmark Dealer,Automatic,1.0,22.0,1197 ,81.80,5.0,2
1145,625000,25538,Petrol,Trustmark Dealer,Manual,1.0,16.78,1496 ,88.73,5.0,4
1146,600000,69779,Petrol,Dealer,Automatic,1.0,22.0,1197 ,81.80,5.0,3
1147,450000,56290,Diesel,Dealer,Manual,1.0,24.0,1186 ,73.97,5.0,4
1148,5400000,7500,Diesel,Dealer,Automatic,1.0,16.78,1995 ,190,5.0,2
1149,5500000,8500,Diesel,Dealer,Automatic,1.0,16.78,1995 ,190,5.0,2
1150,779000,7032,Petrol,Trustmark Dealer,Automatic,1.0,19.0,1199 ,88.76,5.0,2
1151,645000,11000,Petrol,Dealer,Automatic,1.0,14.3,1598 ,103.5,5.0,5
1152,2475000,2000,Diesel,Dealer,Automatic,1.0,16.8,1984 ,150,5.0,3
1153,385000,155000,Diesel,Individual,Manual,1.0,25.0,1396 ,69.01,5.0,4
1154,400000,35000,Petrol,Individual,Automatic,1.0,23.1,998 ,67.04,5.0,5
1155,550000,50000,Diesel,Individual,Manual,1.0,24.0,1186 ,73.97,5.0,3
1156,270000,185000,Diesel,Individual,Manual,1.0,14.8,2499 ,80,7.0,11
1157,200000,175000,Diesel,Individual,Manual,2.0,19.09,1396 ,69,5.0,8
1158,310000,11500,Petrol,Individual,Manual,1.0,25.17,799 ,53.3,5.0,5
1159,700000,3000,Diesel,Individual,Manual,1.0,25.4,1186 ,73.97,5.0,2
1160,480000,80000,Diesel,Individual,Manual,2.0,22.1,1248 ,74,5.0,6
1161,90000,40000,Petrol,Individual,Manual,2.0,19.7,796 ,46.3,5.0,16
1162,80000,40000,Petrol,Individual,Manual,2.0,19.7,796 ,46.3,5.0,16
1163,350000,90000,Diesel,Individual,Manual,1.0,23.2,1248 ,73.94,5.0,6
1164,600000,100000,Diesel,Individual,Manual,1.0,23.65,1248 ,88.5,5.0,4
1165,350000,120000,Diesel,Individual,Manual,3.0,13.5,2179 ,115,5.0,10
1166,770000,50000,Diesel,Individual,Manual,1.0,24.3,1248 ,88.5,5.0,3
1167,350000,25000,Diesel,Individual,Manual,1.0,21.03,1461 ,65,5.0,9
1168,600000,50000,Diesel,Individual,Manual,3.0,12.05,2179 ,120,8.0,10
1169,750000,71000,Diesel,Individual,Manual,1.0,18.49,1493 ,100,7.0,5
1170,340000,40000,Petrol,Individual,Manual,1.0,20.51,998 ,67.04,5.0,5
1171,650000,31800,Petrol,Individual,Manual,1.0,18.6,1197 ,81.86,5.0,3
1172,300000,65000,Petrol,Individual,Manual,1.0,20.36,1197 ,78.9,5.0,7
1173,204999,15000,Petrol,Individual,Manual,2.0,22.74,796 ,47.3,5.0,7
1174,254999,70000,Diesel,Individual,Manual,2.0,20.8,1461 ,65,5.0,9
1175,650000,5000,Petrol,Individual,Manual,1.0,18.16,1196 ,86.8,5.0,4
1176,280000,50000,Petrol,Individual,Manual,2.0,21.1,814 ,55.2,5.0,4
1177,100000,80000,Diesel,Individual,Manual,1.0,17.2,1396 ,53.5,5.0,10
1178,575000,70000,Diesel,Individual,Manual,2.0,13.58,2499 ,72.4,9.0,7
1179,780000,40000,Diesel,Individual,Manual,1.0,24.3,1248 ,88.5,5.0,4
1180,467000,157000,Diesel,Individual,Manual,1.0,15.96,2523 ,62.1,7.0,8
1181,1050000,90000,Diesel,Individual,Manual,1.0,15.4,2179 ,120,7.0,6
1182,225000,80000,Petrol,Individual,Manual,2.0,19.81,1086 ,68.05,5.0,10
1186,260000,70000,Diesel,Individual,Manual,2.0,21.03,1461 ,65,5.0,9
1187,90000,50000,Petrol,Individual,Manual,2.0,16.0,995 ,63,5.0,12
1188,280000,60000,Diesel,Individual,Manual,1.0,20.0,1399 ,68,5.0,9
1189,350000,106000,Diesel,Individual,Manual,2.0,20.8,1461 ,65,5.0,7
1190,229999,80000,Diesel,Individual,Manual,2.0,10.5,2179 ,120,7.0,15
1191,550000,80000,Diesel,Individual,Manual,2.0,15.96,2523 ,63,9.0,5
1192,850000,110000,Diesel,Individual,Manual,2.0,12.99,2494 ,100,8.0,8
1193,370000,120000,Diesel,Individual,Manual,3.0,13.6,2523 ,63,7.0,10
1194,250000,27000,Petrol,Individual,Manual,1.0,20.92,998 ,67.1,5.0,8
1195,95000,70000,Petrol,Individual,Manual,2.0,19.7,796 ,46.3,5.0,14
1196,180000,70000,Petrol,Individual,Manual,2.0,18.9,1061 ,67,5.0,11
1197,650000,50000,Diesel,Individual,Automatic,1.0,17.45,1493 ,100,7.0,5
1198,530000,60000,Diesel,Individual,Manual,1.0,25.4,1186 ,73.97,5.0,3
1199,610000,15000,Petrol,Individual,Manual,1.0,22.0,1197 ,81.80,5.0,4
1201,265000,135000,Diesel,Individual,Manual,1.0,14.0,2498 ,112,8.0,11
1202,560000,26300,Petrol,Individual,Manual,1.0,23.84,1199 ,84,5.0,3
1203,430000,120000,Diesel,Individual,Manual,1.0,15.96,2523 ,62.1,7.0,7
1204,711000,35000,Diesel,Individual,Manual,1.0,28.4,1248 ,74.02,5.0,4
1205,511000,30000,Petrol,Individual,Manual,1.0,20.85,1197 ,83.14,5.0,6
1206,450000,165000,Diesel,Individual,Manual,1.0,15.96,2523 ,62.1,7.0,9
1207,325000,50000,Petrol,Individual,Manual,1.0,17.57,1193 ,88.7,5.0,6
1208,434999,120000,Diesel,Individual,Manual,1.0,21.64,1461 ,84.8,5.0,8
1209,210000,100000,Diesel,Individual,Manual,2.0,20.0,1399 ,68,5.0,11
1211,160000,120000,Petrol,Individual,Manual,2.0,15.0,1586 ,104.68,5.0,14
1212,650000,70000,Petrol,Individual,Manual,2.0,17.5,1373 ,91.1,7.0,4
1214,320000,72000,Petrol,Individual,Manual,1.0,18.6,1197 ,81.83,5.0,7
1215,290000,50000,Petrol,Individual,Manual,1.0,23.01,999 ,67,5.0,4
1217,80000,30000,Petrol,Individual,Manual,1.0,25.4,624 ,37.48,4.0,8
1218,1100000,20000,Diesel,Individual,Manual,1.0,14.1,2179 ,147.94,7.0,4
1219,600000,110000,Diesel,Individual,Manual,1.0,26.21,1248 ,88.5,5.0,6
1220,340000,25000,Petrol,Individual,Manual,1.0,25.17,799 ,53.3,5.0,4
1221,750000,120000,Diesel,Individual,Manual,1.0,12.99,2494 ,100.6,7.0,7
1222,100000,40000,Petrol,Individual,Manual,1.0,19.7,796 ,46.3,5.0,15
1223,395000,10000,Petrol,Individual,Manual,1.0,25.17,799 ,53.3,5.0,2
1224,200000,65000,Petrol,Individual,Manual,1.0,18.9,1061 ,67,5.0,11
1225,450000,10000,CNG,Individual,Manual,1.0,21.94,1196 ,61.7,5.0,2
1226,180000,110000,Petrol,Individual,Manual,2.0,13.87,1390 ,75,5.0,9
1227,190000,120000,Diesel,Individual,Manual,2.0,13.6,2523 ,63,7.0,13
1228,310000,72000,Petrol,Individual,Manual,1.0,15.37,1196 ,73,5.0,6
1229,351000,89100,Diesel,Individual,Manual,2.0,23.2,1248 ,73.94,5.0,7
1230,190000,94000,Petrol,Individual,Manual,2.0,17.4,1599 ,104,5.0,15
1231,225000,120000,Petrol,Individual,Manual,2.0,21.1,814 ,55.2,5.0,6
1232,130000,110000,Petrol,Individual,Manual,1.0,16.2,995 ,62.1,5.0,9
1233,1000000,50000,Diesel,Individual,Manual,1.0,28.09,1248 ,88.50,5.0,3
1234,55000,90000,Diesel,Individual,Manual,3.0,16.8,1405 ,62,5.0,17
1235,330000,23000,Petrol,Individual,Manual,1.0,18.2,1199 ,82.4,5.0,7
1236,166000,50000,Petrol,Individual,Manual,1.0,16.8,796 ,34.2,5.0,8
1237,200000,300000,Diesel,Individual,Manual,1.0,14.0,2498 ,112,8.0,8
1238,140000,50000,Petrol,Individual,Manual,3.0,20.92,998 ,67.1,5.0,10
1239,370000,140000,CNG,Individual,Manual,1.0,21.94,1196 ,61.7,5.0,4
1240,720000,16000,Petrol,Individual,Automatic,1.0,17.4,1197 ,81.86,5.0,2
1241,500000,126000,Diesel,Individual,Manual,1.0,21.19,1396 ,88.73,5.0,6
1242,570000,15000,Petrol,Individual,Manual,1.0,20.14,1197 ,81.86,5.0,2
1243,210000,200000,Petrol,Individual,Manual,1.0,17.5,1197 ,85.8,5.0,11
1244,120000,120000,Petrol,Individual,Manual,1.0,19.7,796 ,46.3,5.0,12
1245,95000,120000,Petrol,Individual,Manual,4.0,15.3,1341 ,83,5.0,16
1246,196000,110000,Petrol,Individual,Automatic,3.0,16.95,1197 ,78.9,5.0,11
1247,392000,38000,Petrol,Individual,Manual,1.0,15.37,1196 ,73,5.0,5
1248,150000,104000,Petrol,Individual,Manual,1.0,15.0,1368 ,90,5.0,11
1249,595000,120000,Petrol,Individual,Manual,1.0,15.4,1497 ,117.3,7.0,4
1250,833000,35000,Diesel,Individual,Automatic,1.0,24.3,1248 ,88.5,5.0,3
1251,280000,210000,Diesel,Individual,Manual,1.0,22.9,1248 ,74,5.0,10
1252,35000,35000,Petrol,Individual,Manual,2.0,16.1,796 ,37,4.0,18
1253,180000,85000,Diesel,Individual,Manual,3.0,21.1,1248 ,73.9,5.0,12
1254,225000,80000,Petrol,Individual,Manual,1.0,18.9,998 ,67.1,5.0,9
1255,1400000,50000,Diesel,Individual,Automatic,1.0,14.84,2143 ,170,5.0,9
1256,340000,40000,Diesel,Individual,Manual,1.0,23.0,1396 ,90,5.0,12
1257,550000,216000,Diesel,Individual,Manual,1.0,12.8,2494 ,102,8.0,11
1258,400000,65000,Petrol,Individual,Manual,2.0,20.51,998 ,67.04,5.0,4
1259,90000,100000,Petrol,Individual,Manual,3.0,15.3,1341 ,83,5.0,15
1260,650000,84000,Diesel,Individual,Manual,1.0,28.09,1248 ,88.5,5.0,6
1261,730000,210000,Diesel,Individual,Manual,1.0,12.99,2494 ,100,7.0,9
1262,125000,60000,Petrol,Individual,Manual,1.0,15.26,1150 ,74.9,5.0,11
1263,81000,100000,Petrol,Individual,Manual,4.0,15.3,1341 ,83,5.0,15
1264,170000,78000,Petrol,Individual,Manual,2.0,16.1,1298 ,88.2,5.0,14
1265,81000,161000,Petrol,Individual,Manual,4.0,13.0,1493 ,100,5.0,19
1266,95000,70000,Petrol,Individual,Manual,3.0,19.7,796 ,46.3,5.0,16
1267,55000,50000,Petrol,Individual,Manual,3.0,26.0,624 ,35,4.0,11
1268,880000,65000,Diesel,Individual,Manual,1.0,19.98,1461 ,108.5,8.0,4
1269,200000,50000,Petrol,Individual,Manual,1.0,25.17,799 ,53.3,5.0,6
1270,480000,25000,Petrol,Individual,Manual,1.0,20.52,1197 ,81.80,5.0,2
1271,480000,100000,Diesel,Individual,Manual,1.0,15.96,2523 ,62.1,9.0,8
1272,700000,6000,Petrol,Individual,Manual,1.0,18.6,1197 ,81.83,5.0,3
1273,850000,72113,Diesel,Individual,Manual,1.0,21.9,1498 ,98.6,7.0,5
1274,300000,40000,Diesel,Individual,Manual,1.0,23.57,1396 ,70,5.0,9
1275,650000,8000,Petrol,Individual,Manual,1.0,18.6,1197 ,81.83,5.0,4
1276,220000,20000,Petrol,Individual,Manual,1.0,21.1,1197 ,85.80,5.0,11
1277,300000,45000,Diesel,Individual,Manual,1.0,19.09,1405 ,69.01,5.0,7
1278,450000,80000,Diesel,Individual,Manual,1.0,23.4,1248 ,74,5.0,7
1279,400000,90000,Diesel,Individual,Manual,1.0,25.2,1248 ,74,5.0,7
1280,1030000,25000,Diesel,Individual,Manual,1.0,25.1,1248 ,88.5,5.0,3
1281,190000,100000,Diesel,Individual,Manual,2.0,18.8,1248 ,90,5.0,11
1282,140000,60000,Petrol,Individual,Manual,2.0,16.6,1388 ,68,5.0,15
1283,800000,30000,Diesel,Individual,Manual,1.0,21.19,1396 ,88.76,5.0,3
1284,229999,120000,Diesel,Individual,Manual,3.0,10.5,2609 ,120,7.0,14
1285,300000,80000,Diesel,Individual,Manual,2.0,13.93,2179 ,138.03,7.0,10
1286,375000,69000,Diesel,Individual,Manual,2.0,20.54,1598 ,103.6,5.0,10
1287,140000,75000,Petrol,Individual,Manual,1.0,18.6,1199 ,79.4,5.0,11
1288,60000,113000,Petrol,Individual,Manual,2.0,19.7,796 ,46.3,5.0,17
1289,420000,90000,Diesel,Individual,Manual,2.0,24.4,1120 ,71.01,5.0,7
1290,300000,100000,Diesel,Individual,Manual,3.0,23.08,1461 ,63.12,5.0,9
1291,150000,110000,Diesel,Individual,Manual,1.0,22.3,1248 ,74,5.0,9
1292,600000,90000,Diesel,Individual,Manual,1.0,22.77,1498 ,98.59,5.0,6
1293,204999,100000,Diesel,Individual,Manual,2.0,20.0,1399 ,68,5.0,10
1294,625000,50000,Diesel,Individual,Manual,1.0,25.4,1186 ,73.97,5.0,4
1295,280000,200000,Diesel,Individual,Manual,1.0,20.5,1248 ,91.7,5.0,10
1296,1050000,146000,Diesel,Individual,Automatic,2.0,13.01,2199 ,194.3,7.0,7
1297,250000,80000,Petrol,Individual,Manual,2.0,12.9,1598 ,102.5,5.0,12
1298,535000,96443,Diesel,Individual,Manual,2.0,11.57,2179 ,138.1,7.0,11
1299,400000,100000,Petrol,Individual,Automatic,2.0,11.7,2354 ,177.6,5.0,12
1300,610000,10000,Petrol,Individual,Automatic,1.0,21.21,1197 ,81.80,5.0,2
1301,509999,110000,Diesel,Individual,Manual,1.0,23.4,1248 ,74,5.0,7
1302,521000,86000,Diesel,Individual,Manual,2.0,14.0,2179 ,138.1,7.0,7
1303,511000,100000,Diesel,Individual,Manual,1.0,23.4,1248 ,74,5.0,7
1304,451000,91000,Diesel,Individual,Manual,1.0,22.54,1396 ,88.73,5.0,7
1305,170000,100000,Petrol,Individual,Manual,1.0,20.36,1197 ,78.9,5.0,12
1306,450000,120000,Diesel,Individual,Manual,2.0,23.4,1248 ,74,5.0,8
1307,375000,90000,Petrol,Individual,Manual,2.0,17.0,1497 ,118,5.0,10
1308,305000,60000,Petrol,Individual,Manual,2.0,22.74,796 ,47.3,5.0,5
1309,315000,51500,Petrol,Individual,Manual,1.0,25.17,799 ,53.3,5.0,5
1310,250000,60000,Diesel,Individual,Manual,2.0,22.1,1248 ,74,5.0,5
1311,200000,104500,Diesel,Individual,Manual,2.0,20.0,1399 ,68,5.0,9
1312,950000,30000,Diesel,Individual,Manual,1.0,23.0,1498 ,98.96,5.0,3
1313,400000,120000,Diesel,Individual,Manual,3.0,19.01,1461 ,108.45,5.0,9
1314,509999,100000,Diesel,Individual,Manual,2.0,22.9,1248 ,74,5.0,7
1315,375000,90000,Petrol,Individual,Manual,3.0,13.5,1799 ,130,5.0,13
1316,150000,150000,Petrol,Individual,Manual,3.0,18.9,998 ,67.1,5.0,16
1317,75000,60000,Petrol,Individual,Automatic,1.0,18.9,998 ,67.1,5.0,15
1318,465000,50000,Petrol,Individual,Manual,2.0,17.43,1396 ,105.5,5.0,6
1319,700000,10000,Diesel,Individual,Manual,1.0,24.0,1186 ,73.97,5.0,2
1320,950000,120000,Diesel,Individual,Manual,3.0,15.4,1997 ,120,7.0,6
1321,610000,40000,Petrol,Individual,Manual,1.0,18.6,1197 ,81.83,5.0,4
1323,235000,50000,Petrol,Individual,Manual,1.0,22.74,796 ,47.3,5.0,7
1324,330000,90000,Petrol,Individual,Manual,1.0,15.37,1196 ,73,5.0,4
1325,472000,90000,Diesel,Individual,Manual,1.0,20.45,1461 ,83.8,5.0,7
1326,585000,10000,Petrol,Individual,Manual,1.0,21.21,1197 ,81.80,5.0,2
1327,500000,10000,Diesel,Individual,Manual,1.0,23.5,909 ,45,8.0,3
1328,360000,27000,Petrol,Individual,Manual,1.0,23.95,998 ,67.05,5.0,2
1329,649000,70000,Diesel,Individual,Manual,1.0,26.59,1248 ,74,5.0,5
1330,200000,50000,Petrol,Individual,Manual,1.0,16.8,796 ,34.2,5.0,4
1332,400000,110000,Diesel,Individual,Manual,1.0,24.0,1120 ,70,5.0,7
1333,250000,100000,Diesel,Individual,Manual,2.0,27.62,793 ,47,5.0,6
1334,1200000,50000,Diesel,Individual,Manual,1.0,17.3,1497 ,121,7.0,3
1335,250000,105000,Diesel,Individual,Manual,2.0,17.8,1248 ,75,5.0,12
1336,819999,110000,Diesel,Individual,Manual,1.0,12.99,2494 ,100.6,8.0,8
1337,800000,60000,Diesel,Individual,Manual,2.0,15.1,2179 ,140,7.0,7
1338,429000,49102,Petrol,Dealer,Manual,2.0,18.88,999 ,123.37,5.0,8
1339,150000,60000,Petrol,Individual,Manual,3.0,17.92,1086 ,62.1,5.0,11
1341,170000,90000,Diesel,Individual,Manual,1.0,25.44,936 ,57.6,5.0,9
1342,335000,33033,Petrol,Dealer,Manual,1.0,19.4,1198 ,86.8,5.0,7
1343,465000,63063,Petrol,Dealer,Automatic,1.0,18.9,1197 ,82,5.0,6
1344,360000,81000,Diesel,Individual,Manual,2.0,19.01,1461 ,108.45,5.0,8
1345,570000,80000,Diesel,Individual,Manual,1.0,25.4,1186 ,73.97,5.0,3
1346,350000,105000,Diesel,Individual,Manual,2.0,19.01,1461 ,108.45,5.0,9
1348,700000,227000,Petrol,Individual,Manual,1.0,17.5,1373 ,91.1,7.0,4
1349,375000,100000,Diesel,Individual,Manual,2.0,19.01,1461 ,108.45,5.0,9
1350,450000,60000,CNG,Individual,Manual,1.0,21.94,1196 ,61.7,5.0,2
1351,325000,70000,Diesel,Individual,Manual,3.0,21.9,1396 ,88.76,5.0,8
1352,260000,120000,Diesel,Individual,Manual,3.0,20.54,1598 ,103.6,5.0,10
1353,130000,80000,Petrol,Individual,Manual,3.0,19.7,796 ,46.3,5.0,12
1354,150000,120000,Diesel,Individual,Manual,4.0,11.57,2179 ,138.1,7.0,13
1355,220000,40000,Petrol,Individual,Manual,1.0,17.92,1086 ,62.1,5.0,7
1356,275000,53000,Petrol,Individual,Manual,1.0,20.36,1197 ,78.9,5.0,7
1357,455000,60000,Diesel,Individual,Manual,1.0,25.2,1248 ,74,5.0,4
1358,570000,30000,Petrol,Individual,Manual,1.0,18.6,1197 ,81.83,5.0,4
1359,330000,100000,Diesel,Individual,Manual,3.0,20.54,1598 ,103.6,5.0,8
1360,1576000,70000,Diesel,Individual,Manual,1.0,13.68,2393 ,147.8,7.0,3
1361,450000,98000,Diesel,Individual,Manual,4.0,20.77,1248 ,88.8,7.0,9
1362,250000,60000,Petrol,Individual,Manual,1.0,21.1,814 ,55.2,5.0,7
1363,165000,80000,Petrol,Individual,Manual,3.0,20.36,1197 ,78.9,5.0,11
1364,800000,117000,Diesel,Dealer,Automatic,1.0,11.18,2696 ,184,7.0,8
1365,680000,8576,Petrol,Dealer,Manual,1.0,18.7,1199 ,88.7,5.0,3
1366,525000,19723,Petrol,Dealer,Automatic,1.0,20.3,1199 ,84,5.0,4
1367,825000,21446,Petrol,Dealer,Manual,1.0,16.8,1497 ,116.3,5.0,5
1368,750000,52289,Diesel,Dealer,Manual,1.0,25.1,1248 ,88.5,5.0,4
1369,950000,52236,Diesel,Dealer,Manual,1.0,15.4,2179 ,120,7.0,4
1370,950000,54470,Diesel,Dealer,Manual,1.0,15.4,2179 ,120,7.0,4
1371,675000,25471,Diesel,Dealer,Manual,1.0,21.9,1396 ,90,5.0,4
1372,490000,33928,Petrol,Dealer,Manual,1.0,23.84,1199 ,84.48,5.0,2
1373,775000,59736,Diesel,Dealer,Manual,1.0,18.49,1493 ,100,7.0,3
1374,350000,54290,Petrol,Dealer,Manual,1.0,17.0,1497 ,118,5.0,12
1375,475000,2118,Petrol,Dealer,Manual,1.0,19.4,1198 ,86.8,5.0,5
1376,950000,61379,Diesel,Dealer,Manual,1.0,15.4,2179 ,120,7.0,4
1377,350000,58544,Petrol,Dealer,Manual,2.0,17.4,1497 ,117.3,5.0,11
1378,400000,74381,Petrol,Dealer,Manual,1.0,21.79,998 ,67.05,5.0,5
1379,75000,35000,Petrol,Individual,Manual,3.0,16.1,796 ,37,4.0,20
1380,850000,63982,Diesel,Dealer,Manual,1.0,22.7,1498 ,89.84,5.0,4
1381,175000,65000,Petrol,Dealer,Manual,2.0,18.9,998 ,67.1,5.0,13
1382,570000,74000,Diesel,Dealer,Manual,1.0,15.96,2523 ,62.1,7.0,7
1383,525000,56429,Diesel,Dealer,Manual,2.0,19.01,1461 ,108.45,5.0,8
1384,270000,56000,Petrol,Individual,Manual,1.0,20.36,1197 ,78.9,5.0,9
1385,434999,19500,Petrol,Dealer,Manual,1.0,20.3,1086 ,68.07,5.0,2
1386,495000,30000,Petrol,Dealer,Manual,1.0,18.6,1197 ,81.83,5.0,6
1387,575000,53000,Diesel,Dealer,Manual,1.0,22.54,1396 ,88.73,5.0,5
1388,600000,5000,Petrol,Individual,Manual,1.0,20.14,1197 ,81.86,5.0,4
1389,700000,25000,Petrol,Individual,Manual,1.0,17.01,1591 ,121.4,5.0,6
1390,560000,72000,Diesel,Dealer,Manual,1.0,26.0,1498 ,98.6,5.0,7
1392,250000,80000,Diesel,Individual,Manual,1.0,13.6,2523 ,63,7.0,16
1393,409999,29000,Petrol,Individual,Manual,2.0,15.0,1598 ,103.5,5.0,8
1394,495000,56832,Diesel,Dealer,Manual,1.0,19.87,1461 ,83.14,5.0,5
1395,470000,30528,Petrol,Dealer,Manual,1.0,18.6,1197 ,81.86,5.0,7
1396,350000,65285,Diesel,Dealer,Manual,1.0,24.7,1498 ,98.63,5.0,8
1397,1560000,20102,Diesel,Dealer,Manual,1.0,13.68,2393 ,147.51,8.0,1
1398,480000,43000,Petrol,Dealer,Manual,1.0,18.7,1199 ,88.7,5.0,6
1399,270000,52380,Diesel,Dealer,Manual,1.0,23.59,1364 ,67.04,5.0,8
1400,660000,74250,Diesel,Dealer,Manual,1.0,21.0,1498 ,74.96,7.0,3
1401,490000,57247,Petrol,Dealer,Automatic,1.0,20.89,1197 ,81.80,5.0,4
1402,800000,52000,Diesel,Individual,Manual,1.0,24.3,1248 ,88.5,5.0,4
1403,350000,47000,Petrol,Individual,Manual,2.0,16.95,1498 ,97.7,5.0,10
1404,170000,80000,Diesel,Individual,Manual,3.0,17.8,1399 ,68,5.0,10
1405,125000,85000,Diesel,Individual,Manual,2.0,18.0,1248 ,75,5.0,10
1406,400000,100000,Diesel,Individual,Manual,1.0,19.3,1248 ,73.9,5.0,9
1407,250000,110000,Petrol,Individual,Manual,1.0,16.95,1498 ,97.7,5.0,10
1408,190000,178000,Diesel,Individual,Manual,2.0,20.4,1248 ,91.7,5.0,11
1409,125000,120000,Petrol,Individual,Manual,3.0,19.7,796 ,46.3,5.0,11
1410,1950000,70000,Diesel,Individual,Manual,1.0,16.3,1956 ,170,5.0,4
1411,1300000,120000,Diesel,Individual,Automatic,1.0,12.8,1968 ,167.6,5.0,10
1412,786000,155000,Diesel,Individual,Manual,3.0,12.8,2494 ,102,8.0,11
1413,335000,30000,Petrol,Individual,Manual,1.0,20.51,998 ,67.04,5.0,6
1414,114999,60000,Petrol,Individual,Manual,3.0,18.9,1061 ,67,5.0,12
1415,229999,70000,Diesel,Individual,Manual,4.0,22.07,1199 ,73.9,5.0,9
1416,731000,40000,Diesel,Individual,Manual,1.0,22.54,1396 ,88.73,5.0,4
1417,395000,120000,Diesel,Individual,Manual,1.0,22.32,1582 ,126.32,5.0,9
1418,500000,120000,Diesel,Individual,Manual,1.0,26.59,1248 ,74,5.0,6
1419,220000,50000,Petrol,Individual,Manual,3.0,21.1,814 ,55.2,5.0,7
1420,240000,100000,Diesel,Individual,Manual,1.0,20.0,1399 ,68.1,5.0,8
1421,215000,120000,Diesel,Individual,Manual,3.0,23.0,1396 ,90,5.0,11
1422,400000,90000,Diesel,Individual,Manual,2.0,22.9,1248 ,74,5.0,9
1423,191000,90000,Petrol,Individual,Manual,1.0,19.0,998 ,67.1,5.0,9
1424,351000,100000,Diesel,Individual,Manual,2.0,14.0,2498 ,112,8.0,8
1425,250000,20000,Petrol,Individual,Automatic,1.0,21.9,624 ,37.48,4.0,6
1426,210000,90000,Diesel,Individual,Manual,2.0,18.1,1493 ,110,5.0,12
1427,300000,120000,Petrol,Individual,Manual,3.0,17.6,1496 ,88.7,5.0,10
1428,700000,35000,Diesel,Individual,Manual,1.0,25.83,1498 ,99,5.0,4
1429,500000,120000,Diesel,Individual,Manual,2.0,11.8,1991 ,150,5.0,11
1430,120000,120000,Petrol,Individual,Manual,1.0,16.1,796 ,37,4.0,19
1431,850000,10000,Diesel,Individual,Manual,1.0,22.54,1396 ,88.76,5.0,2
1433,770000,65000,Diesel,Individual,Manual,2.0,25.5,1498 ,98.6,5.0,4
1434,245000,90000,Petrol,Individual,Manual,3.0,13.5,1799 ,130,5.0,14
1435,250000,90000,Petrol,Individual,Manual,1.0,20.92,998 ,67.1,5.0,9
1436,651000,42323,Diesel,Dealer,Manual,1.0,21.19,1396 ,88.76,5.0,5
1437,480000,42462,Petrol,Dealer,Manual,1.0,16.8,1497 ,116.3,5.0,8
1438,470000,54723,Diesel,Dealer,Manual,1.0,25.2,1248 ,74,5.0,6
1439,500000,30000,Diesel,Individual,Manual,1.0,27.3,1498 ,98.6,5.0,5
1440,1075000,42545,Diesel,Dealer,Automatic,1.0,19.62,1998 ,190,5.0,10
1441,690000,32000,Diesel,Dealer,Manual,1.0,25.1,1248 ,88.5,5.0,5
1444,480000,20375,Petrol,Dealer,Manual,1.0,20.89,1197 ,81.80,5.0,3
1445,450000,43978,Diesel,Dealer,Manual,2.0,28.4,1248 ,74,5.0,8
1446,770000,50000,Diesel,Individual,Manual,1.0,24.3,1248 ,88.5,5.0,3
1447,445000,40200,Diesel,Dealer,Manual,1.0,21.0,1498 ,74.96,7.0,6
1448,700000,30000,Petrol,Individual,Manual,1.0,18.6,1197 ,81.83,5.0,3
1449,560000,90000,Diesel,Individual,Manual,1.0,20.77,1248 ,88.8,7.0,7
1450,475000,48000,Diesel,Dealer,Manual,2.0,21.7,1498 ,98.96,5.0,8
1451,465000,27233,Diesel,Dealer,Manual,1.0,27.4,1498 ,98.63,5.0,7
1452,520000,28832,Diesel,Dealer,Manual,1.0,23.4,1248 ,74,5.0,4
1453,225000,35000,Petrol,Individual,Manual,1.0,15.0,1368 ,90,5.0,10
1454,700000,35000,Petrol,Individual,Manual,1.0,16.02,1373 ,93.7,7.0,6
1455,780000,40000,Diesel,Individual,Manual,1.0,24.3,1248 ,88.5,5.0,4
1456,93150,80000,Petrol,Individual,Manual,2.0,17.7,1497 ,78,5.0,15
1457,403000,30000,Diesel,Individual,Manual,2.0,17.21,1493 ,100,7.0,5
1458,229999,50000,Petrol,Individual,Manual,2.0,19.81,1086 ,68.05,5.0,12
1459,525000,40000,Diesel,Individual,Manual,2.0,26.59,1248 ,74,5.0,5
1460,560000,25000,Petrol,Individual,Manual,1.0,16.02,1373 ,93.7,7.0,7
1461,830000,120000,Diesel,Individual,Manual,1.0,15.1,2179 ,152.87,7.0,1
1462,250000,60000,Diesel,Individual,Manual,2.0,21.1,1248 ,73.9,5.0,10
1463,450000,110000,Diesel,Individual,Manual,1.0,15.96,2523 ,63,9.0,7
1464,745000,67000,Diesel,Individual,Manual,1.0,15.4,1997 ,120,7.0,5
1465,144000,50000,Diesel,Individual,Manual,2.0,20.0,1399 ,68,5.0,11
1466,120000,40000,Petrol,Individual,Manual,1.0,18.2,1061 ,64,5.0,13
1467,300000,120000,Diesel,Individual,Manual,2.0,11.57,2179 ,138.1,7.0,13
1468,52000,100000,Petrol,Individual,Manual,1.0,16.1,796 ,37,4.0,22
1469,300000,98000,Diesel,Individual,Manual,1.0,10.5,2179 ,120,8.0,18
1470,270000,150000,Diesel,Individual,Manual,2.0,13.6,2523 ,63,7.0,12
1471,260000,38000,Diesel,Individual,Manual,1.0,22.1,1248 ,74,5.0,7
1472,475000,120000,Diesel,Individual,Manual,1.0,23.59,1364 ,67.05,5.0,6
1473,302000,103000,Diesel,Individual,Manual,3.0,20.0,1399 ,68,5.0,10
1474,45000,60000,Petrol,Individual,Manual,1.0,16.1,796 ,37,4.0,27
1475,775000,80000,Diesel,Individual,Manual,1.0,24.3,1248 ,88.5,5.0,4
1476,700000,50000,Diesel,Individual,Manual,1.0,20.77,1248 ,88.76,7.0,6
1477,530000,90000,Diesel,Individual,Manual,1.0,25.2,1248 ,74,5.0,7
1478,869999,70000,Diesel,Individual,Manual,1.0,21.5,1497 ,108.5,5.0,4
1479,155000,110000,Diesel,Individual,Manual,4.0,14.9,1991 ,112.2,5.0,15
1480,550000,30000,Petrol,Individual,Automatic,1.0,23.84,1199 ,83.83,5.0,2
1481,600000,80000,Diesel,Individual,Manual,2.0,26.59,1248 ,74,5.0,5
1482,430000,110000,Diesel,Individual,Manual,2.0,19.3,1248 ,73.9,5.0,9
1483,246000,120000,Diesel,Individual,Manual,1.0,18.8,1248 ,90,5.0,11
1484,120000,120000,Petrol,Individual,Manual,3.0,17.3,993 ,60,5.0,18
1485,565000,70000,Petrol,Individual,Manual,2.0,18.6,1197 ,81.83,5.0,7
1486,850000,60000,Diesel,Individual,Manual,1.0,22.54,1396 ,88.76,5.0,3
1487,160000,90000,Petrol,Individual,Manual,1.0,19.7,796 ,46.3,5.0,15
1488,325000,142500,Diesel,Individual,Manual,1.0,19.5,1248 ,75,5.0,7
1489,450000,90000,Diesel,Individual,Manual,3.0,12.05,2179 ,120,8.0,10
1490,310000,50000,Petrol,Individual,Manual,1.0,19.81,1086 ,68.05,5.0,6
1491,250000,90000,Diesel,Individual,Manual,3.0,25.8,1498 ,98.6,5.0,8
1492,420000,115000,Diesel,Individual,Manual,2.0,26.59,1248 ,74,5.0,6
1493,330000,150000,Petrol,Individual,Automatic,2.0,15.0,1396 ,98.6,5.0,8
1494,405000,68000,Petrol,Individual,Manual,2.0,20.4,1197 ,81.80,5.0,6
1495,400000,90000,Diesel,Individual,Manual,2.0,15.96,2523 ,62.1,7.0,8
1496,409999,110000,Petrol,Individual,Automatic,3.0,15.6,1497 ,116.3,5.0,11
1497,500000,70000,Diesel,Individual,Manual,2.0,15.96,2523 ,62.1,7.0,8
1498,590000,80000,Diesel,Individual,Manual,3.0,15.1,2179 ,140,7.0,10
1500,135000,100000,Petrol,Individual,Manual,2.0,19.81,1086 ,68.05,5.0,14
1501,70000,70000,Petrol,Individual,Manual,2.0,18.9,998 ,67.1,5.0,17
1502,45000,77000,Petrol,Individual,Manual,3.0,16.1,796 ,37,4.0,17
1503,650000,35500,Diesel,Individual,Manual,1.0,28.4,1248 ,74.02,5.0,3
1504,400000,17500,Petrol,Individual,Manual,1.0,20.51,998 ,67.04,5.0,3
1505,350000,27000,Petrol,Individual,Manual,1.0,23.95,998 ,67.05,5.0,4
1506,550000,60000,Diesel,Individual,Manual,1.0,24.0,1186 ,73.97,5.0,4
1507,350000,25000,Petrol,Individual,Manual,1.0,20.51,998 ,67.04,5.0,5
1508,459999,80000,Diesel,Individual,Manual,1.0,26.59,1248 ,74,5.0,6
1509,185000,60000,Petrol,Individual,Manual,2.0,19.7,796 ,46.3,5.0,9
1510,550000,38000,Diesel,Individual,Manual,1.0,22.07,1199 ,73.9,5.0,8
1511,300000,100000,LPG,Individual,Manual,2.0,26.2,998 ,58.2,5.0,9
1513,900000,110000,Diesel,Individual,Manual,1.0,12.8,2494 ,102,8.0,10
1514,900000,92000,Diesel,Individual,Manual,1.0,21.9,1498 ,98.6,7.0,5
1515,550000,180000,Diesel,Individual,Manual,3.0,15.96,2523 ,62.1,9.0,9
1516,625000,10000,Petrol,Individual,Manual,1.0,21.4,1197 ,83.1,5.0,3
1517,310000,35000,Petrol,Individual,Manual,2.0,24.7,796 ,47.3,5.0,4
1518,500000,35000,Diesel,Individual,Manual,1.0,28.4,1248 ,74,5.0,4
1519,610000,23000,Diesel,Individual,Manual,1.0,24.0,1120 ,70,5.0,5
1520,150000,150000,Diesel,Individual,Manual,3.0,19.09,1396 ,69,5.0,9
1521,480000,70000,Diesel,Individual,Manual,1.0,24.4,1120 ,71,5.0,6
1522,650000,40000,Petrol,Individual,Manual,1.0,18.6,1197 ,81.83,5.0,4
1523,290000,100000,Diesel,Individual,Manual,2.0,21.9,1396 ,90,5.0,9
1524,300000,50000,Petrol,Individual,Manual,2.0,24.7,796 ,47.3,5.0,4
1525,270000,120000,Diesel,Individual,Manual,4.0,19.3,1248 ,73.9,5.0,11
1526,400000,60000,Diesel,Individual,Manual,2.0,24.4,1120 ,71,5.0,6
1527,280000,28000,Petrol,Individual,Manual,2.0,22.74,796 ,47.3,5.0,6
1528,250000,60000,Petrol,Individual,Manual,3.0,17.5,1298 ,85.8,5.0,12
1529,495000,80000,Diesel,Individual,Manual,2.0,19.3,1248 ,73.9,5.0,9
1530,3250000,12000,Diesel,Individual,Automatic,1.0,10.91,3198 ,197,7.0,3
1531,700000,4500,Petrol,Individual,Manual,1.0,19.5,1199 ,88.76,5.0,2
1532,310000,70000,Diesel,Individual,Manual,1.0,25.0,1396 ,69,5.0,8
1533,650000,120000,Diesel,Individual,Manual,1.0,19.87,1461 ,83.8,5.0,4
1534,600000,80000,Petrol,Individual,Automatic,1.0,19.0,1199 ,88.7,5.0,6
1535,150000,150000,Diesel,Individual,Manual,4.0,11.57,2179 ,138.1,7.0,12
1536,135000,120000,Petrol,Individual,Manual,1.0,15.7,1390 ,75,5.0,12
1537,650000,50000,Diesel,Individual,Manual,1.0,23.4,1248 ,74,5.0,7
1538,550000,83000,Petrol,Individual,Manual,1.0,16.8,1497 ,116.3,5.0,9
1539,650000,20000,Diesel,Individual,Manual,1.0,28.4,1248 ,74.02,5.0,4
1540,2900000,49000,Diesel,Individual,Automatic,1.0,12.9,2755 ,174.5,7.0,3
1541,450000,6750,Petrol,Individual,Manual,1.0,18.5,1198 ,86.8,5.0,4
1542,650000,26000,Petrol,Individual,Manual,1.0,20.73,1373 ,91.1,5.0,6
1543,430000,52000,Petrol,Individual,Manual,1.0,17.0,1197 ,81.86,5.0,4
1544,1143000,51000,Diesel,Individual,Automatic,1.0,17.01,1582 ,126.2,5.0,4
1545,700000,20000,Petrol,Individual,Automatic,1.0,22.0,1197 ,81.80,5.0,2
1546,229999,18500,Petrol,Individual,Manual,1.0,18.5,1197 ,85.80,5.0,10
1547,509999,142000,Diesel,Individual,Manual,1.0,18.49,1493 ,100,7.0,4
1548,670000,50478,Petrol,Individual,Manual,1.0,15.85,1499 ,110.4,5.0,5
1549,525000,9200,Petrol,Individual,Automatic,1.0,23.84,1199 ,83.83,5.0,2
1550,515000,40000,Diesel,Individual,Manual,1.0,19.87,1461 ,83.8,5.0,5
1551,630000,5000,Petrol,Individual,Manual,1.0,21.01,1197 ,81.80,5.0,1
1552,270000,2300,Petrol,Individual,Manual,1.0,22.7,799 ,53.64,5.0,2
1553,300000,40000,Petrol,Individual,Manual,1.0,22.74,796 ,47.3,5.0,5
1554,250000,119000,Diesel,Individual,Manual,1.0,14.0,2489 ,95,8.0,9
1555,90000,100000,Petrol,Individual,Manual,4.0,19.7,796 ,46.3,5.0,16
1556,750000,100000,Diesel,Individual,Manual,1.0,24.52,1248 ,88.5,7.0,4
1557,135000,50000,Petrol,Individual,Manual,2.0,18.9,1061 ,67,5.0,12
1558,275000,80000,Petrol,Individual,Manual,2.0,15.1,1196 ,73,5.0,8
1559,740000,15000,Petrol,Individual,Manual,1.0,17.0,1198 ,108.5,5.0,3
1560,690000,1303,Petrol,Dealer,Manual,1.0,17.8,1198 ,86.7,5.0,2
1561,3975000,31800,Diesel,Dealer,Automatic,1.0,17.01,1968 ,188,5.0,3
1562,5150000,20000,Petrol,Dealer,Automatic,1.0,22.37,2487 ,214.56,5.0,2
1563,3200000,45000,Diesel,Dealer,Automatic,1.0,19.33,1999 ,177,5.0,4
1564,4100000,17000,Petrol,Individual,Automatic,1.0,9.5,3604 ,280,5.0,4
1565,1000000,4295,Petrol,Trustmark Dealer,Manual,1.0,17.1,1496 ,105.5,5.0,3
1566,1000000,5229,Petrol,Trustmark Dealer,Manual,1.0,17.1,1496 ,105.5,5.0,3
1567,550000,4701,Petrol,Trustmark Dealer,Manual,1.0,20.7,1197 ,81.86,5.0,2
1568,600000,6757,Petrol,Trustmark Dealer,Manual,1.0,21.01,1197 ,81.80,5.0,5
1569,675000,28182,Petrol,Trustmark Dealer,Automatic,1.0,14.3,1598 ,103.52,5.0,5
1570,950000,11533,Petrol,Trustmark Dealer,Manual,1.0,14.23,1498 ,104.55,5.0,2
1571,850000,11688,Petrol,Trustmark Dealer,Manual,1.0,17.8,1497 ,117.3,5.0,4
1572,2000000,68089,Petrol,Trustmark Dealer,Automatic,1.0,19.16,2494 ,157.7,5.0,5
1573,550000,57728,Petrol,Trustmark Dealer,Automatic,1.0,14.53,1794 ,138.1,5.0,9
1574,925000,23712,Diesel,Trustmark Dealer,Manual,1.0,28.09,1248 ,88.5,5.0,3
1575,625000,70670,Petrol,Trustmark Dealer,Automatic,1.0,16.5,1499 ,110,5.0,6
1576,200000,43381,Petrol,Dealer,Manual,2.0,22.74,796 ,47.3,5.0,7
1577,635000,79011,Petrol,Trustmark Dealer,Automatic,1.0,18.0,1497 ,117.3,5.0,7
1578,550000,56494,Petrol,Trustmark Dealer,Manual,1.0,18.2,1199 ,88.7,5.0,5
1579,425000,50000,Diesel,Individual,Manual,2.0,21.79,1248 ,88.73,5.0,7
1580,220000,40000,Petrol,Individual,Manual,1.0,18.9,998 ,67.1,5.0,10
1581,590000,10000,Petrol,Individual,Manual,1.0,18.9,1197 ,81.86,5.0,3
1582,775000,35000,Diesel,Individual,Manual,1.0,16.55,2498 ,105,6.0,4
1583,350000,58500,Petrol,Individual,Manual,1.0,18.5,1197 ,85.80,5.0,6
1584,575000,20000,Petrol,Individual,Manual,1.0,21.4,1197 ,83.1,5.0,3
1585,200000,43500,Petrol,Individual,Manual,2.0,18.06,1198 ,75,5.0,10
1586,1575000,30000,Diesel,Individual,Manual,1.0,17.6,2179 ,153.86,7.0,3
1587,600000,63000,Diesel,Individual,Manual,1.0,22.77,1498 ,98.59,5.0,6
1588,720000,35000,Diesel,Individual,Manual,1.0,15.96,2523 ,62.1,7.0,5
1589,158000,110000,Diesel,Individual,Manual,2.0,19.09,1396 ,69,5.0,9
1590,1575000,25000,Diesel,Individual,Manual,1.0,17.6,2179 ,153.86,7.0,3
1591,580000,30000,Petrol,Individual,Automatic,1.0,17.36,1197 ,81.86,5.0,4
1592,420000,50000,Diesel,Individual,Manual,1.0,15.96,2523 ,62.1,7.0,9
1593,1200000,35000,Diesel,Individual,Manual,1.0,17.3,1497 ,121,8.0,3
1594,350000,30000,Petrol,Individual,Manual,1.0,23.01,999 ,67,5.0,3
1595,650000,56000,Petrol,Individual,Manual,1.0,17.4,1497 ,117.3,5.0,7
1596,400000,12700,Petrol,Individual,Manual,1.0,20.51,998 ,67.04,5.0,4
1597,700000,35000,Diesel,Individual,Manual,1.0,21.5,1497 ,108.5,5.0,3
1598,520000,30000,Petrol,Individual,Manual,1.0,19.1,1197 ,82,5.0,4
1599,450000,120000,Diesel,Individual,Manual,1.0,12.05,2179 ,120,9.0,9
1600,850000,100000,Diesel,Individual,Manual,1.0,14.1,2179 ,147.94,7.0,4
1601,350000,34000,Petrol,Individual,Manual,1.0,25.17,799 ,53.3,5.0,4
1602,450000,56000,Diesel,Individual,Manual,1.0,13.0,2489 ,95,8.0,10
1603,165000,90000,Petrol,Individual,Manual,1.0,19.81,1086 ,68.05,5.0,13
1604,160000,65000,Petrol,Individual,Manual,2.0,17.92,1086 ,62.1,5.0,11
1605,300000,80000,Diesel,Individual,Manual,1.0,13.93,2179 ,138,7.0,10
1606,550000,90000,Diesel,Individual,Manual,3.0,12.05,2179 ,120,8.0,9
1607,285000,40000,Petrol,Individual,Manual,1.0,23.95,998 ,67.05,5.0,6
1608,850000,58000,Diesel,Individual,Manual,1.0,19.67,1582 ,126.2,5.0,5
1609,700000,19100,Petrol,Individual,Manual,1.0,19.0,1194 ,94.68,5.0,3
1610,900000,25000,Petrol,Individual,Manual,1.0,19.34,1462 ,103,7.0,3
1611,180000,49455,Petrol,Individual,Manual,1.0,19.7,796 ,46.3,5.0,16
1612,220000,100000,Petrol,Individual,Manual,1.0,21.1,814 ,55.2,5.0,5
1613,120000,120000,Diesel,Individual,Manual,1.0,22.3,1248 ,74,5.0,8
1614,220000,90000,Petrol,Individual,Manual,4.0,17.0,1197 ,80,5.0,11
1615,420000,46815,Diesel,Individual,Manual,2.0,22.1,1248 ,76.9,5.0,8
1616,160000,110000,Diesel,Individual,Manual,1.0,19.4,1405 ,70,5.0,8
1617,250000,80000,Petrol,Individual,Manual,1.0,21.1,814 ,55.2,5.0,6
1618,385000,100000,Diesel,Individual,Manual,3.0,20.77,1248 ,88.8,7.0,8
1619,318000,80000,Petrol,Individual,Manual,1.0,20.51,998 ,67.06,5.0,7
1620,480000,40000,Petrol,Individual,Manual,1.0,20.14,1197 ,81.86,5.0,3
1621,330000,70000,Petrol,Individual,Manual,3.0,23.1,998 ,67.04,5.0,6
1622,152000,80000,Diesel,Individual,Manual,1.0,17.0,1405 ,71,5.0,10
1623,250000,40000,Petrol,Individual,Manual,1.0,22.74,796 ,47.3,5.0,7
1624,248000,80000,Diesel,Individual,Manual,1.0,17.0,1405 ,71,5.0,10
1625,300000,60000,Petrol,Individual,Manual,2.0,18.06,1198 ,75,5.0,10
1626,550000,50000,Petrol,Individual,Manual,1.0,18.6,1197 ,81.83,5.0,4
1627,650000,30000,Diesel,Individual,Manual,1.0,22.54,1396 ,88.73,5.0,5
1628,445000,25000,Petrol,Individual,Manual,1.0,18.9,1197 ,82,5.0,4
1629,450000,334000,Diesel,Individual,Manual,1.0,12.8,2494 ,102,7.0,11
1630,600000,100000,Diesel,Individual,Manual,1.0,17.45,1493 ,100,7.0,5
1631,495000,175000,Diesel,Individual,Manual,1.0,19.01,1461 ,108.45,5.0,7
1632,220000,65000,Petrol,Individual,Automatic,3.0,12.6,1586 ,103.3,5.0,10
1633,260000,65000,Petrol,Individual,Automatic,3.0,12.6,1586 ,103.3,5.0,10
1634,150000,90000,Petrol,Individual,Manual,1.0,17.92,1086 ,62.1,5.0,12
1635,200000,80000,Diesel,Individual,Manual,2.0,20.0,1399 ,68,5.0,10
1636,1465000,110000,Diesel,Individual,Manual,1.0,16.36,2179 ,140,7.0,3
1638,250000,60000,Petrol,Individual,Automatic,3.0,20.0,1339 ,108.5,5.0,13
1639,310000,160000,Diesel,Individual,Manual,1.0,14.95,2489 ,93.7,7.0,7
1640,600000,100875,Diesel,Individual,Automatic,1.0,11.79,2179 ,120,8.0,11
1641,560000,20000,Petrol,Individual,Manual,1.0,21.4,1197 ,83.1,5.0,3
1642,500000,30000,Petrol,Individual,Manual,1.0,20.85,1197 ,83.14,5.0,5
1643,270000,118000,Diesel,Individual,Manual,1.0,24.0,1120 ,70,5.0,8
1644,420000,69000,Diesel,Individual,Manual,3.0,22.32,1582 ,126.32,5.0,8
1645,434999,25000,Petrol,Individual,Manual,2.0,20.85,1197 ,83.14,5.0,6
1646,400000,100000,Petrol,Individual,Automatic,1.0,16.9,1197 ,81.86,5.0,6
1647,470000,110000,Diesel,Individual,Manual,1.0,26.59,1248 ,74,5.0,6
1648,480000,60000,Diesel,Individual,Manual,3.0,20.45,1461 ,83.8,5.0,6
1649,105000,128000,Petrol,Individual,Manual,1.0,0.0,1086 ,62,5.0,13
1650,325000,120000,Diesel,Individual,Manual,1.0,27.28,1047 ,69,5.0,4
1652,675000,5000,Petrol,Individual,Automatic,1.0,20.7,1197 ,81.86,5.0,1
1653,170000,90000,Petrol,Individual,Manual,2.0,20.36,1197 ,78.9,5.0,12
1654,1250000,90000,Diesel,Individual,Manual,1.0,19.67,1582 ,126.2,5.0,4
1655,600000,144030,Petrol,Individual,Manual,1.0,12.8,2354 ,177.6,5.0,9
1656,819999,200000,Diesel,Individual,Manual,1.0,25.1,1498 ,98.6,5.0,7
1657,650000,29000,Petrol,Individual,Manual,1.0,18.6,1197 ,81.83,5.0,5
1658,105000,90000,LPG,Individual,Manual,2.0,17.3,1061 ,57.5,5.0,14
1659,200000,176000,Diesel,Individual,Manual,2.0,17.0,1461 ,66,5.0,12
1660,200000,150000,Diesel,Individual,Manual,1.0,19.09,1396 ,69,5.0,8
1661,220000,90000,Petrol,Individual,Manual,1.0,16.8,796 ,34.2,8.0,5
1662,500000,70000,Petrol,Individual,Manual,2.0,15.04,1598 ,103.2,5.0,7
1663,175000,99000,Diesel,Individual,Manual,2.0,19.2,1461 ,65,5.0,14
1664,450000,5000,Petrol,Individual,Manual,1.0,23.84,1199 ,84,5.0,3
1665,210000,90000,Diesel,Individual,Manual,4.0,16.52,1991 ,123.7,5.0,13
1666,270000,89000,Diesel,Individual,Manual,2.0,21.1,1248 ,73.9,5.0,10
1667,110000,88000,Diesel,Individual,Manual,2.0,16.8,1405 ,62,5.0,15
1668,480000,30000,Diesel,Individual,Manual,1.0,26.59,1248 ,74,5.0,6
1669,650000,50000,Diesel,Individual,Automatic,2.0,26.59,1248 ,74,5.0,5
1670,480000,80000,Diesel,Individual,Manual,1.0,23.4,1248 ,74,5.0,8
1671,700000,40000,Diesel,Individual,Manual,1.0,22.54,1396 ,88.73,5.0,5
1672,650000,110000,Diesel,Individual,Manual,3.0,20.77,1248 ,88.76,7.0,6
1673,1300000,48000,Diesel,Individual,Manual,2.0,19.67,1582 ,126.2,5.0,6
1674,1350000,97000,Diesel,Individual,Automatic,1.0,16.96,1968 ,138.03,5.0,5
1675,1000000,60000,Diesel,Individual,Automatic,1.0,22.15,1498 ,108.6,5.0,5
1676,1700000,110000,Diesel,Individual,Automatic,3.0,0.0,2987 ,165,5.0,10
1677,1080000,12800,Petrol,Individual,Automatic,1.0,17.8,1496 ,105.5,5.0,3
1678,170000,40000,Petrol,Individual,Manual,1.0,21.1,814 ,55.2,5.0,9
1679,610000,49000,Diesel,Individual,Manual,1.0,28.4,1248 ,74,5.0,4
1680,350000,25000,Petrol,Individual,Manual,1.0,18.5,1197 ,85.80,5.0,7
1681,260000,65000,Petrol,Individual,Manual,2.0,22.74,796 ,47.3,5.0,5
1682,700000,20000,Diesel,Individual,Manual,1.0,20.4,1248 ,91.7,5.0,6
1683,678000,17000,Petrol,Individual,Manual,1.0,18.78,999 ,75,5.0,3
1684,800000,15000,Diesel,Individual,Manual,1.0,23.65,1248 ,88.5,5.0,6
1685,400000,120000,Diesel,Individual,Manual,2.0,23.59,1364 ,67.04,5.0,7
1686,300000,49000,Petrol,Individual,Manual,1.0,18.5,1197 ,80,5.0,11
1687,520000,29000,Petrol,Individual,Manual,1.0,18.6,1197 ,81.83,5.0,5
1688,850000,55000,Diesel,Individual,Automatic,1.0,19.61,1461 ,108.5,5.0,4
1689,1460000,5000,Diesel,Individual,Manual,1.0,17.3,1497 ,121,7.0,2
1690,830000,35000,Diesel,Individual,Manual,1.0,21.5,1497 ,108.5,5.0,4
1691,430000,5000,Petrol,Individual,Manual,2.0,20.63,1198 ,67,5.0,3
1692,850000,60000,Diesel,Individual,Manual,1.0,22.77,1498 ,98.59,5.0,4
1693,650000,70000,Petrol,Individual,Manual,1.0,20.85,1197 ,83.14,5.0,4
1694,120000,120000,Diesel,Individual,Manual,2.0,16.8,1493 ,110,5.0,13
1695,730000,65100,Diesel,Individual,Manual,2.0,18.49,1493 ,100,7.0,5
1696,525000,20000,Petrol,Individual,Automatic,1.0,20.89,1197 ,81.80,5.0,2
1697,600000,108000,Diesel,Individual,Manual,1.0,21.19,1396 ,88.73,5.0,6
1698,500000,15000,Petrol,Individual,Manual,1.0,21.21,1197 ,81.80,5.0,2
1699,150000,77000,Petrol,Individual,Manual,1.0,17.92,1086 ,62.1,5.0,12
1700,409999,18500,Petrol,Individual,Manual,1.0,20.51,998 ,67.04,5.0,6
1701,625000,120000,Diesel,Individual,Manual,1.0,18.49,1493 ,100,7.0,5
1702,290000,15200,Petrol,Individual,Manual,1.0,25.17,799 ,53.3,5.0,6
1703,500000,35000,Petrol,Individual,Manual,1.0,17.3,1497 ,117.3,7.0,6
1704,475000,80000,Diesel,Individual,Manual,1.0,22.32,1582 ,126.32,5.0,10
1705,190000,70000,Petrol,Individual,Manual,1.0,21.1,814 ,55.2,5.0,8
1706,750000,80000,Diesel,Individual,Manual,2.0,15.1,2179 ,140,7.0,7
1707,525000,120000,Diesel,Individual,Manual,2.0,19.01,1461 ,108.5,5.0,7
1708,495000,82000,Diesel,Individual,Manual,3.0,17.3,1998 ,163.7,5.0,9
1709,2625000,9000,Diesel,Dealer,Automatic,1.0,13.6,1999 ,177,5.0,4
1710,5150000,20000,Petrol,Dealer,Automatic,1.0,22.37,2487 ,214.56,5.0,2
1711,3200000,45000,Diesel,Dealer,Automatic,1.0,19.33,1999 ,177,5.0,4
1712,503000,110000,Diesel,Individual,Manual,1.0,14.1,2179 ,147.94,7.0,6
1713,3800000,20000,Diesel,Individual,Automatic,1.0,18.0,1969 ,190,5.0,2
1714,2000000,68089,Petrol,Trustmark Dealer,Automatic,1.0,19.16,2494 ,157.7,5.0,5
1715,225000,58343,Petrol,Trustmark Dealer,Manual,1.0,21.79,998 ,67.05,5.0,8
1716,740000,38817,Diesel,Dealer,Manual,1.0,27.39,1248 ,74,5.0,3
1717,550000,56494,Petrol,Trustmark Dealer,Manual,1.0,18.2,1199 ,88.7,5.0,5
1718,750000,79328,Diesel,Trustmark Dealer,Manual,2.0,12.99,2494 ,100.6,7.0,8
1719,650000,5621,Petrol,Trustmark Dealer,Automatic,1.0,22.0,1197 ,81.80,5.0,2
1720,625000,25538,Petrol,Trustmark Dealer,Manual,1.0,16.78,1496 ,88.73,5.0,4
1721,600000,69779,Petrol,Dealer,Automatic,1.0,22.0,1197 ,81.80,5.0,3
1722,450000,56290,Diesel,Dealer,Manual,1.0,24.0,1186 ,73.97,5.0,4
1723,5400000,7500,Diesel,Dealer,Automatic,1.0,16.78,1995 ,190,5.0,2
1724,5500000,8500,Diesel,Dealer,Automatic,1.0,16.78,1995 ,190,5.0,2
1725,779000,7032,Petrol,Trustmark Dealer,Automatic,1.0,19.0,1199 ,88.76,5.0,2
1726,645000,11000,Petrol,Dealer,Automatic,1.0,14.3,1598 ,103.5,5.0,5
1727,2475000,2000,Diesel,Dealer,Automatic,1.0,16.8,1984 ,150,5.0,3
1728,321000,60000,Petrol,Individual,Automatic,2.0,16.8,1497 ,118,5.0,11
1729,585000,50000,Petrol,Individual,Manual,1.0,17.71,1197 ,78.9,5.0,4
1730,225000,70000,Diesel,Individual,Manual,1.0,20.0,1399 ,68,5.0,10
1731,500000,70000,Diesel,Individual,Manual,1.0,25.8,1498 ,98.6,5.0,4
1732,350000,90000,Diesel,Individual,Manual,3.0,23.0,1396 ,90,5.0,10
1733,756000,70000,Diesel,Individual,Manual,2.0,24.52,1248 ,88.5,7.0,5
1734,240000,50000,Petrol,Individual,Manual,1.0,22.74,796 ,47.3,5.0,7
1735,80000,120000,Petrol,Individual,Manual,2.0,19.7,796 ,35,8.0,9
1736,800000,5000,Petrol,Individual,Manual,1.0,17.19,1197 ,81.86,5.0,2
1737,1250000,25000,Diesel,Individual,Manual,1.0,17.6,2179 ,147.94,7.0,3
1738,320000,80000,Diesel,Individual,Manual,3.0,12.05,2179 ,120,7.0,12
1739,509999,25000,Petrol,Individual,Manual,1.0,18.9,1197 ,82,5.0,4
1740,650000,15000,Diesel,Individual,Manual,1.0,22.95,1248 ,74,5.0,2
1741,210000,35000,Petrol,Individual,Manual,2.0,20.92,998 ,67.1,5.0,10
1742,110000,80000,Petrol,Individual,Manual,2.0,19.7,796 ,46.3,5.0,13
1743,665000,25000,Diesel,Individual,Manual,1.0,21.5,1497 ,108.5,5.0,4
1744,555000,52000,Diesel,Individual,Manual,1.0,21.66,1498 ,108.62,5.0,4
1745,560000,52000,Diesel,Individual,Manual,1.0,21.66,1498 ,108.62,5.0,4
1746,375000,80000,Diesel,Individual,Manual,1.0,25.32,1198 ,77,6.0,5
1748,2950000,50000,Diesel,Individual,Automatic,1.0,15.04,2755 ,174.5,7.0,4
1749,605000,127000,Diesel,Individual,Manual,1.0,28.4,1248 ,74.02,5.0,4
1750,720000,30000,Petrol,Individual,Manual,1.0,17.5,1199 ,88.7,5.0,4
1751,800000,70000,Diesel,Individual,Manual,1.0,24.52,1248 ,88.5,7.0,4
1752,1325000,54000,Diesel,Individual,Manual,1.0,16.0,2179 ,140,7.0,4
1753,625000,120000,Diesel,Individual,Manual,2.0,10.5,2835 ,116.9,6.0,10
1754,350000,116500,Diesel,Individual,Manual,1.0,23.0,1396 ,90,5.0,10
1755,600000,145000,Diesel,Individual,Manual,2.0,12.99,2494 ,100,8.0,9
1756,300000,120000,Petrol,Individual,Manual,1.0,18.5,1197 ,82.85,5.0,9
1757,240000,120000,Diesel,Individual,Manual,1.0,13.93,2179 ,138.1,7.0,10
1758,377000,80000,Diesel,Individual,Manual,1.0,25.83,1498 ,99,5.0,5
1759,450000,140000,Petrol,Individual,Manual,1.0,16.02,1373 ,93.7,7.0,8
1760,160000,100000,Petrol,Individual,Manual,4.0,13.9,1599 ,103.2,5.0,13
1761,525000,100000,Petrol,Individual,Manual,1.0,20.14,1197 ,81.86,5.0,2
1762,550000,168000,Diesel,Individual,Manual,2.0,12.8,2494 ,102,8.0,10
1763,270000,120000,Diesel,Individual,Manual,3.0,18.3,1991 ,147.9,5.0,11
1764,570000,145000,Diesel,Individual,Manual,2.0,23.59,1364 ,67.05,5.0,5
1765,225000,90000,Diesel,Individual,Manual,2.0,20.0,1399 ,68,5.0,10
1766,590000,90000,Petrol,Individual,Manual,1.0,20.14,1197 ,81.86,5.0,2
1767,1675000,80000,Diesel,Individual,Manual,1.0,17.1,1956 ,170,5.0,3
1768,800000,33000,Petrol,Dealer,Manual,1.0,19.4,1194 ,94.93,5.0,2
1769,450000,13500,Petrol,Individual,Manual,1.0,18.2,1199 ,82.4,5.0,7
1770,300000,80000,Diesel,Individual,Manual,1.0,17.0,1405 ,70,5.0,9
1771,645000,20000,Petrol,Individual,Manual,1.0,18.6,1197 ,81.83,5.0,4
1772,520000,58000,Diesel,Individual,Manual,1.0,23.4,1248 ,74,5.0,8
1773,200000,40000,Petrol,Individual,Manual,1.0,21.1,814 ,55.2,5.0,8
1774,700000,30000,Petrol,Individual,Manual,1.0,17.4,1497 ,117.3,5.0,6
1775,45000,50000,Petrol,Individual,Manual,2.0,16.1,796 ,37,4.0,21
1776,459999,73000,Diesel,Individual,Manual,1.0,25.83,1498 ,99,5.0,5
1777,325000,90000,Diesel,Individual,Manual,2.0,23.2,1248 ,73.94,5.0,7
1778,350000,50000,Petrol,Individual,Manual,2.0,20.51,998 ,67.04,5.0,6
1779,440000,80000,Diesel,Individual,Manual,3.0,22.32,1582 ,126.3,5.0,10
1780,320000,70000,Diesel,Individual,Manual,2.0,21.9,1396 ,90,5.0,10
1781,169000,41000,Petrol,Individual,Manual,1.0,18.0,995 ,62,5.0,10
1782,350000,50000,Petrol,Individual,Manual,4.0,16.47,1198 ,73.9,5.0,8
1783,350000,113226,Diesel,Dealer,Manual,1.0,19.68,1399 ,67,5.0,7
1784,310000,90000,Diesel,Individual,Manual,2.0,20.0,1399 ,68.1,5.0,8
1786,420000,160500,Diesel,Individual,Manual,4.0,13.5,2179 ,115,5.0,11
1787,685000,30000,Petrol,Individual,Automatic,1.0,19.12,1373 ,91.1,5.0,6
1788,560000,132000,Diesel,Individual,Manual,2.0,19.72,1461 ,108.45,5.0,7
1789,470000,120000,Diesel,Individual,Manual,3.0,22.9,1248 ,74,5.0,8
1790,380000,80000,Petrol,Individual,Manual,2.0,16.2,1599 ,103.2,5.0,10
1791,670000,57000,Diesel,Individual,Manual,2.0,15.4,1997 ,120,7.0,6
1792,550000,5000,Petrol,Individual,Manual,1.0,22.0,1197 ,81.80,5.0,3
1793,749000,25000,Petrol,Individual,Manual,1.0,17.01,1591 ,121.3,5.0,5
1794,899000,80000,Diesel,Individual,Manual,2.0,19.67,1582 ,126.2,5.0,6
1795,290000,88000,Diesel,Individual,Manual,3.0,16.52,1991 ,123.7,5.0,10
1796,869999,217000,Diesel,Individual,Manual,2.0,12.99,2494 ,100.6,7.0,7
1797,350000,60000,Petrol,Individual,Manual,1.0,20.62,1198 ,67,7.0,6
1798,500000,43000,Petrol,Individual,Manual,1.0,20.85,1197 ,83.14,5.0,4
1799,400000,77000,Diesel,Individual,Automatic,2.0,21.66,1498 ,103.6,5.0,7
1800,260000,30000,Petrol,Individual,Manual,1.0,25.17,799 ,53.3,5.0,5
1801,220000,40000,Petrol,Individual,Manual,2.0,22.74,796 ,47.3,5.0,6
1802,190000,139000,Diesel,Individual,Manual,2.0,18.2,1248 ,73.8,8.0,7
1803,400000,80000,Petrol,Individual,Manual,1.0,18.9,1197 ,82,5.0,5
1804,170000,76000,Diesel,Individual,Manual,2.0,25.44,936 ,56.3,5.0,7
1805,650000,3500,Petrol,Individual,Manual,1.0,18.6,1197 ,81.86,5.0,2
1806,60000,62000,Petrol,Individual,Manual,2.0,16.1,796 ,37,4.0,14
1807,300000,110000,Petrol,Individual,Manual,2.0,12.0,2092 ,127,7.0,14
1808,125000,40000,Petrol,Individual,Manual,2.0,16.2,995 ,62.1,5.0,9
1810,500000,1500000,Diesel,Individual,Manual,1.0,15.1,2179 ,140,7.0,9
1811,170000,70000,Petrol,Individual,Manual,3.0,19.7,796 ,46.3,5.0,10
1812,310000,77000,Diesel,Individual,Manual,2.0,19.3,1248 ,73.9,5.0,9
1813,130000,110000,Petrol,Individual,Manual,2.0,18.0,995 ,62,5.0,10
1814,465000,20000,Petrol,Individual,Manual,1.0,20.51,998 ,67.04,5.0,5
1816,800000,120005,Diesel,Individual,Automatic,2.0,11.0,2987 ,198.5,5.0,16
1817,260000,16830,Petrol,Individual,Manual,1.0,20.2,998 ,67.1,5.0,9
1818,500000,70000,Diesel,Individual,Manual,1.0,15.96,2523 ,63,9.0,8
1819,325000,38000,Petrol,Individual,Manual,1.0,23.01,999 ,67,5.0,4
1820,400000,80000,Diesel,Individual,Manual,1.0,15.96,2523 ,63,9.0,8
1821,3200000,50000,Diesel,Individual,Manual,1.0,14.24,2755 ,174.5,7.0,3
1822,200000,50000,Diesel,Individual,Manual,1.0,17.88,1396 ,52.8,5.0,14
1823,450000,52000,Diesel,Individual,Manual,1.0,17.21,1493 ,100,7.0,8
1824,229999,50000,Diesel,Individual,Manual,1.0,17.0,1405 ,70,5.0,9
1825,340000,30000,Petrol,Individual,Manual,1.0,21.1,814 ,55.2,5.0,5
1826,550000,103000,Diesel,Individual,Manual,1.0,15.96,2523 ,62.1,7.0,7
1827,975000,93468,Diesel,Individual,Automatic,2.0,11.4,2953 ,153.86,7.0,10
1828,3800000,20000,Diesel,Individual,Automatic,1.0,18.0,1969 ,190,5.0,2
1829,225000,80000,Petrol,Individual,Manual,2.0,14.0,1595 ,102,5.0,11
1830,3250000,12000,Diesel,Individual,Automatic,1.0,10.91,3198 ,197,7.0,3
1831,280000,70000,Diesel,Individual,Manual,1.0,25.0,1396 ,69,5.0,8
1832,700000,4500,Petrol,Individual,Manual,1.0,19.5,1199 ,88.76,5.0,2
1833,259000,35000,Diesel,Individual,Manual,1.0,23.03,1396 ,69,5.0,9
1834,3200000,60000,Diesel,Individual,Automatic,1.0,15.04,2755 ,174.5,7.0,3
1835,1400000,30000,Diesel,Individual,Manual,1.0,16.0,1997 ,140,7.0,3
1836,416000,40000,Petrol,Individual,Automatic,1.0,17.01,1499 ,110.4,5.0,6
1837,250000,70000,Diesel,Individual,Manual,1.0,19.0,1248 ,90,5.0,10
1838,210000,120000,Diesel,Individual,Manual,1.0,21.12,1248 ,88.8,5.0,11
1839,290000,120000,Diesel,Individual,Manual,2.0,12.05,2179 ,120,8.0,13
1840,220000,90000,Diesel,Individual,Manual,1.0,23.03,1396 ,69,5.0,9
1841,246000,35000,Diesel,Individual,Manual,2.0,23.03,1396 ,69,5.0,9
1842,260000,30000,Petrol,Individual,Manual,1.0,16.8,796 ,34.2,8.0,3
1843,1050000,70000,Diesel,Individual,Manual,1.0,21.38,1396 ,88.7,5.0,3
1844,290000,60000,Diesel,Individual,Manual,1.0,21.02,1248 ,88.76,5.0,9
1845,310000,70000,Diesel,Individual,Manual,1.0,25.0,1396 ,69,5.0,8
1846,700000,6000,Petrol,Individual,Manual,1.0,18.6,1197 ,81.83,5.0,3
1847,550000,20000,Petrol,Individual,Manual,1.0,20.4,1197 ,81.80,5.0,5
1848,450000,70000,Diesel,Individual,Manual,1.0,19.09,1405 ,69.01,5.0,4
1849,773000,65000,Petrol,Individual,Manual,1.0,17.8,1497 ,117.3,5.0,5
1850,450000,25000,Petrol,Individual,Manual,1.0,23.84,1199 ,84,5.0,4
1851,409999,10000,Petrol,Individual,Manual,1.0,15.37,1196 ,73,5.0,2
1852,45000,35000,Petrol,Individual,Manual,4.0,16.1,796 ,37,4.0,18
1853,600000,80000,Petrol,Individual,Automatic,2.0,11.07,2496 ,179.5,5.0,7
1854,250000,63000,Petrol,Individual,Manual,1.0,18.6,1199 ,79.4,5.0,11
1855,70000,100000,Diesel,Individual,Manual,1.0,16.8,1405 ,62,5.0,13
1856,690000,1303,Petrol,Dealer,Manual,1.0,17.8,1198 ,86.7,5.0,2
1857,3975000,31800,Diesel,Dealer,Automatic,1.0,17.01,1968 ,188,5.0,3
1858,5150000,20000,Petrol,Dealer,Automatic,1.0,22.37,2487 ,214.56,5.0,2
1859,3200000,45000,Diesel,Dealer,Automatic,1.0,19.33,1999 ,177,5.0,4
1860,4100000,17000,Petrol,Individual,Automatic,1.0,9.5,3604 ,280,5.0,4
1861,1000000,4295,Petrol,Trustmark Dealer,Manual,1.0,17.1,1496 ,105.5,5.0,3
1862,1000000,5229,Petrol,Trustmark Dealer,Manual,1.0,17.1,1496 ,105.5,5.0,3
1863,2000000,68089,Petrol,Trustmark Dealer,Automatic,1.0,19.16,2494 ,157.7,5.0,5
1864,925000,23712,Diesel,Trustmark Dealer,Manual,1.0,28.09,1248 ,88.5,5.0,3
1865,550000,56494,Petrol,Trustmark Dealer,Manual,1.0,18.2,1199 ,88.7,5.0,5
1866,430000,16589,Petrol,Trustmark Dealer,Manual,1.0,20.51,998 ,67.04,5.0,3
1867,750000,79328,Diesel,Trustmark Dealer,Manual,2.0,12.99,2494 ,100.6,7.0,8
1868,675000,53201,Petrol,Trustmark Dealer,Manual,2.0,17.8,1497 ,117.3,5.0,5
1869,570000,25272,Petrol,Trustmark Dealer,Manual,1.0,21.01,1197 ,81.80,5.0,4
1870,850000,53619,Diesel,Trustmark Dealer,Manual,1.0,24.3,1248 ,88.5,5.0,4
1871,5400000,7500,Diesel,Dealer,Automatic,1.0,16.78,1995 ,190,5.0,2
1872,5500000,8500,Diesel,Dealer,Automatic,1.0,16.78,1995 ,190,5.0,2
1873,779000,7032,Petrol,Trustmark Dealer,Automatic,1.0,19.0,1199 ,88.76,5.0,2
1874,640000,6001,Petrol,Dealer,Manual,1.0,15.9,1496 ,120.69,5.0,3
1875,250000,80000,Diesel,Individual,Manual,1.0,19.09,1405 ,69.01,5.0,8
1876,1250000,12000,Diesel,Individual,Manual,1.0,19.6,1461 ,108.45,5.0,3
1877,889000,25000,Petrol,Individual,Manual,1.0,17.0,1497 ,121.31,5.0,4
1878,750000,40000,Diesel,Individual,Manual,2.0,22.54,1396 ,88.73,5.0,4
1879,320000,130000,Diesel,Individual,Manual,3.0,17.8,1248 ,75,5.0,11
1880,600000,202000,Diesel,Individual,Manual,1.0,17.67,1968 ,138.08,5.0,10
1881,1000000,40000,Diesel,Individual,Manual,1.0,28.09,1248 ,88.5,5.0,3
1882,110000,70000,Petrol,Individual,Manual,4.0,17.3,993 ,60,5.0,21
1883,250000,120000,Petrol,Individual,Manual,2.0,17.7,1497 ,78,5.0,13
1884,600000,60000,Diesel,Individual,Manual,1.0,26.59,1248 ,74,5.0,6
1885,165000,60000,Petrol,Individual,Manual,1.0,19.0,998 ,67.1,5.0,12
1886,118000,60000,Petrol,Individual,Manual,2.0,19.7,796 ,46.3,5.0,17
1887,700000,78000,Diesel,Individual,Manual,1.0,27.39,1248 ,74,5.0,5
1888,585000,80000,Diesel,Individual,Manual,2.0,20.46,1461 ,83.8,5.0,8
1889,120000,120000,Petrol,Individual,Manual,4.0,19.7,796 ,46.3,5.0,15
1890,65000,90000,Petrol,Individual,Manual,4.0,16.1,796 ,37,4.0,18
1891,150000,100000,Petrol,Individual,Manual,2.0,19.7,796 ,46.3,5.0,15
1892,150000,70000,Petrol,Individual,Manual,4.0,19.7,796 ,46.3,5.0,12
1893,170000,160000,Diesel,Individual,Manual,3.0,13.1,1493 ,82,5.0,17
1894,250000,120000,Diesel,Individual,Manual,3.0,10.5,2179 ,120,8.0,15
1895,100000,100000,Diesel,Individual,Manual,3.0,13.1,1493 ,82,5.0,16
1896,599000,60000,Diesel,Individual,Manual,2.0,20.77,1248 ,88.76,7.0,8
1897,250000,135000,Diesel,Individual,Manual,3.0,18.3,1991 ,147.9,5.0,11
1898,570000,90000,Petrol,Individual,Manual,1.0,20.4,1197 ,81.80,5.0,5
1899,440000,75000,Diesel,Individual,Manual,2.0,22.07,1199 ,73.9,5.0,8
1900,300000,185000,Diesel,Individual,Manual,2.0,11.4,2494 ,100.6,7.0,16
1901,300000,71717,Petrol,Individual,Automatic,2.0,19.34,1198 ,76,5.0,6
1902,500000,150000,Diesel,Individual,Automatic,2.0,11.79,2179 ,120,8.0,10
1903,660000,55000,Diesel,Individual,Manual,1.0,26.59,1248 ,74,5.0,5
1904,256000,90000,Petrol,Individual,Manual,2.0,15.3,1596 ,99.6,5.0,9
1905,409999,35000,Petrol,Individual,Manual,1.0,23.01,999 ,67,5.0,3
1906,1888000,120000,Diesel,Individual,Manual,2.0,12.55,2982 ,168.5,7.0,6
1907,250000,100000,LPG,Individual,Manual,2.0,13.45,1086 ,62.1,5.0,10
1908,280000,40000,Petrol,Individual,Automatic,3.0,12.9,1799 ,130,5.0,12
1909,300000,100000,Diesel,Individual,Manual,1.0,13.0,2489 ,95,8.0,11
1910,900000,120000,Diesel,Individual,Manual,1.0,14.1,2179 ,147.94,5.0,5
1911,190000,60000,Petrol,Individual,Manual,1.0,19.0,998 ,67.1,5.0,7
1912,800000,2000,Diesel,Individual,Manual,1.0,15.96,2523 ,63,9.0,2
1913,450000,100000,Diesel,Individual,Manual,1.0,14.0,2523 ,75,8.0,9
1914,400000,110000,Diesel,Individual,Manual,1.0,14.95,2489 ,93.7,7.0,6
1915,150000,90000,Diesel,Individual,Manual,2.0,13.93,2179 ,138.1,7.0,12
1916,200000,84321,Diesel,Individual,Manual,1.0,23.57,1396 ,70,5.0,10
1917,600000,177000,Diesel,Individual,Manual,1.0,15.1,2179 ,140,7.0,8
1918,175000,60000,Diesel,Individual,Manual,1.0,18.0,1248 ,75,5.0,11
1919,99000,205000,Diesel,Individual,Manual,2.0,19.09,1396 ,69,5.0,13
1920,215000,70000,Petrol,Individual,Manual,2.0,20.36,1197 ,78.9,5.0,13
1922,520000,126000,Diesel,Individual,Manual,2.0,19.01,1461 ,108.45,5.0,8
1923,2280000,120000,Diesel,Individual,Automatic,2.0,10.91,3198 ,197,7.0,5
1924,285000,70000,Diesel,Individual,Manual,1.0,19.1,1405 ,70,5.0,6
1925,660000,82000,Diesel,Individual,Manual,1.0,18.49,1493 ,100,7.0,4
1926,31504,110000,Petrol,Individual,Manual,3.0,16.1,796 ,37,4.0,17
1927,515000,45000,Petrol,Individual,Manual,2.0,20.85,1197 ,83.14,5.0,6
1928,295000,70000,Diesel,Individual,Manual,2.0,21.64,1461 ,84.8,5.0,9
1929,700000,80000,Diesel,Individual,Manual,2.0,20.45,1461 ,83.8,5.0,6
1930,1100000,45000,Diesel,Individual,Manual,1.0,15.4,2179 ,120,7.0,4
1931,300000,60000,Petrol,Individual,Manual,1.0,20.3,998 ,68.05,5.0,4
1932,450000,41800,Petrol,Individual,Manual,1.0,18.6,1197 ,85.8,5.0,8
1934,700000,50000,Diesel,Individual,Manual,2.0,28.4,1248 ,74.02,5.0,4
1935,250000,40000,Diesel,Individual,Manual,1.0,20.0,1399 ,68,5.0,9
1936,140000,96000,Petrol,Individual,Manual,2.0,18.9,1061 ,67,5.0,12
1937,250000,117000,Diesel,Individual,Manual,1.0,14.0,2498 ,112,8.0,9
1938,210000,110000,Petrol,Individual,Manual,2.0,19.81,1086 ,68.05,5.0,10
1939,420000,100000,Diesel,Individual,Manual,2.0,25.8,1498 ,98.6,5.0,7
1940,130000,88700,Petrol,Individual,Manual,3.0,19.7,796 ,46.3,5.0,14
1941,320000,70000,Petrol,Individual,Manual,2.0,16.95,1498 ,97.7,5.0,9
1942,200000,110000,Petrol,Individual,Manual,2.0,17.3,1061 ,64,5.0,11
1943,310000,15000,Petrol,Individual,Manual,1.0,22.74,796 ,47.3,5.0,5
1944,200000,80000,Diesel,Individual,Manual,2.0,20.8,1461 ,65,5.0,9
1945,350000,50000,Petrol,Individual,Manual,1.0,18.5,1197 ,85.80,5.0,7
1946,444000,15000,Petrol,Individual,Manual,1.0,21.1,814 ,55.2,5.0,3
1947,300000,25000,Petrol,Individual,Manual,1.0,22.7,799 ,53.64,5.0,4
1948,225000,57000,Diesel,Individual,Manual,2.0,21.0,1461 ,64.1,5.0,10
1949,600000,75000,Diesel,Individual,Manual,1.0,15.96,2523 ,62.1,7.0,9
1950,260000,26000,Petrol,Individual,Manual,1.0,15.37,1196 ,73,5.0,8
1951,375000,160000,Diesel,Individual,Manual,1.0,24.4,1120 ,71.01,5.0,6
1952,260000,26000,Petrol,Individual,Manual,1.0,15.37,1196 ,73,5.0,8
1953,150000,120000,Petrol,Individual,Manual,2.0,19.7,796 ,46.3,5.0,11
1954,110000,50000,Petrol,Individual,Manual,2.0,19.7,796 ,46.3,5.0,7
1955,225000,40000,Petrol,Individual,Manual,1.0,19.7,796 ,46.3,5.0,9
1958,860000,28000,Petrol,Individual,Manual,1.0,17.8,1497 ,117.3,5.0,4
1959,650000,50000,Diesel,Individual,Manual,1.0,28.4,1248 ,74.02,5.0,3
1960,650000,90000,Diesel,Individual,Manual,1.0,20.77,1248 ,88.8,7.0,7
1961,710000,40000,Diesel,Individual,Manual,1.0,24.8,1396 ,88.7,5.0,5
1962,430000,113000,Diesel,Individual,Manual,1.0,25.83,1498 ,99,5.0,4
1963,305000,188000,Diesel,Individual,Manual,2.0,17.8,1248 ,75,5.0,10
1964,220000,100000,Diesel,Individual,Manual,1.0,20.0,1399 ,68,5.0,10
1965,150000,225000,Diesel,Individual,Manual,3.0,14.0,1948 ,90,9.0,11
1966,660000,67000,Diesel,Individual,Manual,2.0,18.49,1493 ,100,7.0,4
1967,140000,70000,Diesel,Individual,Manual,4.0,25.44,936 ,57.6,5.0,10
1968,1100000,50000,Petrol,Individual,Manual,1.0,14.28,1798 ,138.03,5.0,6
1969,2450000,60000,Diesel,Individual,Automatic,1.0,16.36,2179 ,187.7,5.0,8
1970,625000,34000,Diesel,Individual,Automatic,1.0,22.0,1498 ,108.495,5.0,4
1971,198000,110000,Petrol,Individual,Manual,3.0,12.8,1493 ,100,5.0,17
1973,130000,140000,Petrol,Individual,Manual,2.0,18.9,998 ,67.1,5.0,16
1974,540000,100000,Petrol,Individual,Manual,2.0,16.8,1497 ,116.3,5.0,9
1975,550000,10000,Petrol,Individual,Automatic,1.0,18.9,1197 ,81.86,5.0,4
1976,475000,30000,Petrol,Individual,Manual,1.0,21.63,998 ,67.04,5.0,3
1977,2825000,22000,Diesel,Dealer,Automatic,1.0,15.73,1968 ,174.33,5.0,4
1978,2125000,5500,Diesel,Dealer,Manual,1.0,26.8,1597 ,118,5.0,1
1979,3350000,18000,Diesel,Dealer,Automatic,1.0,19.62,1998 ,190,5.0,3
1980,1800000,20000,Diesel,Dealer,Automatic,1.0,11.36,2755 ,171.5,8.0,3
1981,540000,7000,Petrol,Dealer,Manual,1.0,20.3,1086 ,68,5.0,3
1982,910000,20000,Diesel,Dealer,Manual,1.0,17.0,2596 ,80.8,5.0,3
1983,484999,4875,Petrol,Dealer,Manual,1.0,21.63,998 ,67.04,5.0,2
1984,1950000,2700,Diesel,Dealer,Automatic,1.0,17.01,1582 ,126.2,5.0,1
1985,950000,58511,Diesel,Dealer,Manual,1.0,24.3,1248 ,88.5,5.0,3
1986,365000,105000,Diesel,Dealer,Manual,1.0,25.83,1498 ,99,5.0,6
1987,900000,26235,Diesel,Dealer,Manual,1.0,16.55,2498 ,105,6.0,3
1988,919999,26766,Diesel,Dealer,Manual,1.0,21.5,1497 ,108.5,5.0,4
1989,1900000,1600,Petrol,Dealer,Automatic,1.0,13.96,1451 ,141,5.0,1
1990,2950000,46000,Diesel,Dealer,Manual,1.0,15.8,2148 ,170,5.0,3
1991,1075000,23000,Diesel,Dealer,Manual,1.0,17.3,1497 ,121,7.0,2
1992,600000,24522,Petrol,Dealer,Manual,1.0,20.4,1197 ,81.80,5.0,4
1993,3200000,13663,Diesel,Dealer,Automatic,1.0,22.69,1995 ,190,5.0,4
1994,2600000,11000,Diesel,Dealer,Automatic,1.0,19.3,1968 ,141,5.0,2
1995,839000,63000,Diesel,Dealer,Manual,1.0,24.3,1248 ,88.5,5.0,5
1996,635000,2000,Petrol,Dealer,Manual,1.0,16.2,1199 ,74,5.0,2
1997,550000,300000,Diesel,Individual,Manual,3.0,12.05,2179 ,120,8.0,7
1998,180000,190000,Diesel,Individual,Manual,3.0,19.2,1461 ,65,5.0,10
1999,650000,80000,Diesel,Individual,Manual,1.0,26.0,1498 ,98.6,5.0,6
2000,350000,80000,Petrol,Individual,Manual,2.0,16.0,1198 ,90,5.0,10
2001,265000,54000,Petrol,Individual,Manual,1.0,23.95,998 ,67.05,5.0,6
2002,330000,30000,Petrol,Individual,Manual,1.0,23.01,999 ,67,5.0,3
2003,395000,5000,Petrol,Individual,Manual,1.0,15.37,1196 ,73,7.0,2
2004,700000,58945,Diesel,Individual,Manual,1.0,18.49,1493 ,100,7.0,6
2005,300000,90000,Diesel,Individual,Manual,1.0,20.0,1399 ,68,5.0,9
2006,650000,375000,Diesel,Individual,Manual,1.0,12.8,2494 ,102,8.0,10
2007,625000,160000,Diesel,Individual,Manual,3.0,20.77,1248 ,88.76,7.0,8
2008,425000,80000,Diesel,Individual,Manual,2.0,15.11,1598 ,103.6,5.0,7
2009,55000,50000,Petrol,Individual,Manual,3.0,16.1,796 ,37,4.0,17
2010,250000,80000,Diesel,Individual,Manual,2.0,19.09,1405 ,69.01,5.0,6
2011,459999,156975,Diesel,Individual,Manual,1.0,15.96,2523 ,62.1,9.0,6
2012,1594000,5000,Diesel,Individual,Manual,1.0,21.43,1364 ,86.79,5.0,4
2013,300000,50000,Petrol,Individual,Manual,1.0,18.2,1199 ,82.4,5.0,7
2014,950000,27620,Diesel,Dealer,Manual,1.0,22.77,1498 ,98.59,5.0,3
2015,484999,120000,Diesel,Individual,Manual,1.0,12.05,2179 ,120,9.0,8
2016,161000,120000,Diesel,Individual,Manual,3.0,14.0,2498 ,112,8.0,12
2017,500000,58000,Petrol,Individual,Manual,1.0,17.19,1197 ,81.86,5.0,6
2018,350000,50000,Petrol,Individual,Manual,1.0,16.95,1498 ,97.7,5.0,9
2019,550000,40000,Petrol,Individual,Automatic,1.0,20.89,1197 ,81.80,5.0,4
2020,850000,7800,Petrol,Individual,Manual,1.0,17.5,1199 ,88.7,5.0,3
2021,240000,50000,Petrol,Individual,Manual,1.0,22.74,796 ,47.3,5.0,5
2022,950000,68000,Diesel,Individual,Manual,1.0,13.1,2499 ,141,7.0,10
2023,423000,60000,Petrol,Individual,Manual,2.0,16.02,1373 ,93.7,7.0,6
2024,90000,74000,Petrol,Individual,Manual,2.0,12.8,1396 ,85,5.0,16
2025,350000,58000,Diesel,Individual,Manual,2.0,13.93,2179 ,138.1,7.0,10
2026,170000,70000,Petrol,Individual,Manual,3.0,19.0,998 ,66.1,5.0,10
2027,450000,70000,Petrol,Individual,Manual,1.0,18.16,1196 ,86.8,5.0,6
2028,150000,110000,Petrol,Individual,Manual,2.0,20.36,1197 ,78.9,5.0,12
2030,511000,80000,Diesel,Individual,Manual,1.0,22.54,1396 ,88.73,5.0,5
2031,850000,59000,Diesel,Individual,Manual,1.0,24.2,1498 ,93.87,7.0,3
2032,250000,110000,Diesel,Individual,Manual,1.0,25.0,1396 ,69,5.0,3
2033,420000,25000,Petrol,Individual,Manual,1.0,21.63,998 ,67.04,5.0,1
2034,180000,55000,Petrol,Individual,Manual,1.0,22.74,796 ,47.3,5.0,7
2035,400000,25000,Diesel,Individual,Manual,1.0,27.62,793 ,47,5.0,6
2036,150000,300000,Diesel,Individual,Manual,1.0,14.0,2498 ,112,7.0,12
2037,500000,143200,Diesel,Individual,Manual,1.0,25.83,1498 ,99,5.0,5
2038,1689999,60000,Diesel,Individual,Manual,1.0,17.1,1956 ,170,5.0,4
2039,204999,120000,Diesel,Individual,Manual,1.0,23.08,1461 ,63.1,5.0,9
2040,459999,145000,Diesel,Individual,Manual,2.0,26.21,1248 ,88.5,5.0,7
2041,600000,30000,Petrol,Individual,Manual,1.0,18.6,1197 ,81.83,5.0,4
2042,585000,8000,Petrol,Individual,Manual,1.0,18.9,1197 ,81.86,5.0,2
2043,551000,170000,Diesel,Individual,Manual,1.0,13.1,2499 ,141,7.0,9
2044,525000,100000,Diesel,Individual,Manual,1.0,23.4,1248 ,74,5.0,8
2045,160000,62000,Petrol,Individual,Manual,1.0,14.0,796 ,35,5.0,9
2046,825000,110000,Diesel,Individual,Manual,1.0,15.1,2179 ,140,7.0,7
2048,600000,80000,Diesel,Individual,Manual,2.0,13.58,2499 ,72.4,9.0,6
2049,65000,80000,Petrol,Individual,Manual,2.0,17.3,993 ,60,5.0,19
2050,550000,100000,Diesel,Individual,Manual,1.0,23.4,1248 ,74,5.0,8
2051,650000,120000,Diesel,Individual,Manual,1.0,15.96,2523 ,63,9.0,6
2052,750000,24000,Diesel,Individual,Manual,1.0,28.4,1248 ,74.02,5.0,2
2053,380000,80000,Diesel,Individual,Manual,1.0,25.32,1198 ,77,6.0,4
2054,400000,138000,Diesel,Individual,Manual,1.0,22.32,1582 ,126.32,5.0,9
2055,50000,147000,Petrol,Individual,Manual,4.0,18.9,998 ,67.1,5.0,18
2056,750000,60000,Diesel,Individual,Manual,1.0,18.49,1493 ,100,7.0,4
2057,150000,80000,Petrol,Individual,Manual,1.0,18.0,995 ,62,5.0,10
2058,245000,50000,Petrol,Individual,Manual,1.0,22.74,796 ,47.3,5.0,5
2059,260000,189000,Diesel,Individual,Manual,1.0,21.02,1248 ,88.76,5.0,8
2060,411000,90000,Diesel,Individual,Automatic,2.0,21.21,1498 ,103.2,5.0,7
2061,450000,56000,Diesel,Individual,Manual,1.0,21.9,1396 ,88.76,5.0,7
2062,1300000,140000,Diesel,Individual,Automatic,2.0,18.88,1995 ,184,5.0,9
2063,351000,60000,Petrol,Individual,Manual,1.0,23.1,998 ,67.04,5.0,5
2064,550000,130000,Diesel,Individual,Manual,1.0,15.1,2179 ,140,7.0,9
2065,1300000,140000,Diesel,Individual,Automatic,2.0,18.88,1995 ,184,5.0,8
2066,260000,189000,Diesel,Individual,Manual,1.0,21.02,1248 ,88.76,5.0,8
2067,411000,90000,Diesel,Individual,Automatic,2.0,21.21,1498 ,103.2,5.0,7
2068,450000,56000,Diesel,Individual,Manual,1.0,21.9,1396 ,88.76,5.0,7
2069,1300000,140000,Diesel,Individual,Automatic,2.0,18.88,1995 ,184,5.0,9
2070,351000,60000,Petrol,Individual,Manual,1.0,23.1,998 ,67.04,5.0,5
2071,550000,130000,Diesel,Individual,Manual,1.0,15.1,2179 ,140,7.0,9
2072,1300000,140000,Diesel,Individual,Automatic,2.0,18.88,1995 ,184,5.0,8
2073,750000,35000,Diesel,Individual,Manual,1.0,20.45,1461 ,83.8,5.0,5
2074,800000,35000,Diesel,Individual,Manual,1.0,20.45,1461 ,83.8,5.0,6
2075,350000,156000,Diesel,Individual,Manual,1.0,11.57,2179 ,138.1,7.0,10
2076,200000,90000,Petrol,Individual,Manual,1.0,22.74,796 ,47.3,5.0,8
2077,150000,60000,Diesel,Individual,Manual,3.0,17.0,1405 ,70,5.0,13
2078,800000,36000,Diesel,Individual,Manual,1.0,19.01,1461 ,108.5,5.0,5
2079,350000,20000,Petrol,Individual,Manual,2.0,21.1,814 ,55.2,5.0,4
2080,350000,160000,Diesel,Individual,Manual,1.0,13.93,2179 ,138,7.0,10
2081,250000,185000,Diesel,Individual,Manual,1.0,12.7,2609 ,116.6,9.0,15
2082,170000,110000,Diesel,Individual,Manual,2.0,17.0,1405 ,71,5.0,11
2083,395000,10800,Petrol,Individual,Manual,1.0,25.17,799 ,53.3,5.0,3
2084,450000,120000,Diesel,Individual,Manual,1.0,15.96,2523 ,62.1,7.0,9
2085,500000,15000,Petrol,Individual,Manual,1.0,20.89,1197 ,81.80,5.0,2
2086,200000,67500,Diesel,Individual,Manual,1.0,12.2,1948 ,68,10.0,9
2087,1200000,30000,Diesel,Individual,Manual,1.0,17.6,2179 ,153.86,7.0,4
2088,400000,50000,Diesel,Individual,Manual,1.0,25.32,1198 ,77,6.0,5
2089,650000,100000,Diesel,Individual,Manual,1.0,18.49,1493 ,100,7.0,5
2090,550000,150000,Diesel,Individual,Manual,1.0,15.96,2523 ,63,9.0,5
2091,1100000,110000,Diesel,Individual,Manual,1.0,16.0,2179 ,140,7.0,6
2092,254999,30000,Petrol,Individual,Manual,1.0,22.74,796 ,47.3,5.0,9
2093,180000,60000,Petrol,Individual,Manual,1.0,19.7,796 ,46.3,5.0,10
2094,160000,255000,Diesel,Individual,Manual,2.0,13.0,2489 ,95,8.0,11
2095,225000,120000,Diesel,Individual,Manual,2.0,16.52,1991 ,123.7,5.0,13
2096,270000,49900,Petrol,Individual,Manual,2.0,22.74,796 ,47.3,5.0,6
2097,310000,86000,Diesel,Individual,Manual,1.0,21.12,1248 ,88.8,5.0,9
2098,225000,71850,Petrol,Individual,Manual,1.0,20.63,1198 ,67,5.0,6
2099,300000,95000,Diesel,Individual,Manual,3.0,21.2,1248 ,75,5.0,6
2100,250000,70000,Petrol,Individual,Manual,4.0,17.5,1298 ,85.8,5.0,13
2101,180000,35000,Petrol,Individual,Manual,1.0,21.1,814 ,55.2,5.0,10
2102,550000,50000,Petrol,Individual,Manual,1.0,20.85,1197 ,83.14,5.0,6
2103,300000,120000,Diesel,Individual,Manual,3.0,13.6,2523 ,63,7.0,14
2104,900000,145000,Diesel,Individual,Manual,1.0,22.7,1582 ,126.2,5.0,6
2106,1530000,40000,Diesel,Individual,Manual,1.0,16.0,2179 ,138,7.0,3
2107,590000,110000,Diesel,Individual,Manual,1.0,27.39,1248 ,74,5.0,6
2108,170000,112000,LPG,Individual,Manual,2.0,17.3,1061 ,57.5,5.0,13
2109,2600000,70000,Diesel,Individual,Automatic,1.0,20.38,1968 ,143,5.0,4
2110,475000,110000,Diesel,Individual,Manual,1.0,23.2,1248 ,73.94,5.0,5
2111,700000,29000,Diesel,Individual,Manual,1.0,24.0,1186 ,73.97,5.0,3
2112,376000,60000,Petrol,Individual,Manual,1.0,18.9,998 ,67.1,5.0,10
2114,75000,46000,Petrol,Individual,Manual,4.0,16.1,796 ,37,4.0,17
2115,440000,120000,Diesel,Individual,Automatic,3.0,11.79,2179 ,120,8.0,9
2116,390000,80000,Petrol,Individual,Manual,1.0,20.51,998 ,67.04,5.0,5
2117,725000,159000,Diesel,Individual,Manual,2.0,12.8,2494 ,102,7.0,9
2118,325000,110000,Diesel,Individual,Manual,2.0,15.96,2523 ,62.1,7.0,9
2119,170000,75000,Petrol,Individual,Manual,2.0,19.7,796 ,46.3,5.0,11
2120,215000,120000,Diesel,Individual,Manual,3.0,19.3,1248 ,73.9,5.0,11
2121,350000,110000,Petrol,Individual,Manual,3.0,17.0,1497 ,118,5.0,11
2122,80000,80000,Petrol,Individual,Manual,4.0,18.0,995 ,62,5.0,12
2123,195000,80000,Petrol,Individual,Manual,2.0,21.1,814 ,55.2,5.0,9
2125,335000,71000,Diesel,Dealer,Manual,1.0,21.64,1461 ,84.8,5.0,7
2126,475000,108000,Diesel,Dealer,Manual,1.0,16.0,2179 ,140,7.0,10
2127,484999,75000,Diesel,Dealer,Manual,1.0,19.87,1461 ,83.8,5.0,6
2128,650000,22000,Petrol,Individual,Manual,2.0,21.56,1462 ,103.25,5.0,3
2129,1850000,76131,Diesel,Individual,Automatic,1.0,13.22,2967 ,241.4,5.0,7
2130,700000,30000,Petrol,Individual,Manual,2.0,18.6,1197 ,81.83,5.0,3
2131,3000000,65000,Diesel,Individual,Automatic,1.0,12.07,2967 ,241.4,7.0,7
2132,900000,60000,Diesel,Individual,Manual,1.0,15.4,2523 ,75,7.0,3
2133,350000,80000,Diesel,Individual,Manual,1.0,22.07,1199 ,73.9,5.0,8
2134,285000,80000,Petrol,Individual,Automatic,2.0,9.0,2997 ,218,5.0,16
2135,1850000,70000,Diesel,Individual,Automatic,1.0,12.07,2967 ,241.4,7.0,9
2136,750000,51777,Diesel,Dealer,Manual,1.0,24.3,1248 ,88.5,5.0,4
2137,1650000,64788,Diesel,Dealer,Automatic,1.0,0.0,2179 ,115,5.0,8
2138,600000,20000,Petrol,Individual,Manual,1.0,19.5,1199 ,88.76,5.0,3
2139,565000,19000,Petrol,Individual,Manual,1.0,18.78,999 ,75,5.0,3
2140,86000,46951,Petrol,Individual,Manual,1.0,18.5,796 ,53,5.0,21
2141,329000,19000,Petrol,Individual,Manual,1.0,20.63,1198 ,67,5.0,5
2142,650000,50000,Diesel,Individual,Manual,1.0,22.77,1498 ,98.59,5.0,5
2143,822000,60000,Diesel,Individual,Manual,1.0,19.67,1582 ,126.2,5.0,6
2144,345000,100000,Diesel,Individual,Manual,2.0,19.01,1461 ,108.45,5.0,8
2145,30000,10000,Petrol,Individual,Manual,1.0,17.3,993 ,60,5.0,20
2146,330000,50000,Diesel,Individual,Manual,2.0,22.9,1248 ,74,5.0,9
2147,300000,74537,Petrol,Individual,Manual,2.0,20.51,998 ,67.04,5.0,7
2148,200000,90000,Petrol,Individual,Automatic,2.0,12.6,1586 ,103.3,5.0,12
2150,90000,70000,Petrol,Individual,Manual,2.0,18.0,995 ,62,5.0,11
2151,200000,80000,Petrol,Individual,Manual,2.0,18.9,1061 ,67,5.0,11
2152,550000,35000,Diesel,Individual,Manual,1.0,24.4,1120 ,71,5.0,5
2153,250000,23500,Petrol,Individual,Manual,1.0,18.6,1199 ,76.8,5.0,6
2154,975000,82000,Diesel,Individual,Manual,1.0,25.6,1498 ,97.9,5.0,4
2155,900000,100000,Diesel,Individual,Manual,2.0,12.99,2494 ,100.6,8.0,7
2156,610000,15000,Petrol,Individual,Manual,1.0,18.6,1197 ,81.83,5.0,3
2157,620000,30000,Diesel,Individual,Manual,1.0,27.39,1248 ,74,5.0,4
2158,400000,30000,Petrol,Individual,Manual,1.0,18.9,1197 ,82,5.0,5
2159,500000,11000,Petrol,Individual,Manual,1.0,21.63,998 ,67,5.0,2
2160,200000,140000,Petrol,Individual,Manual,1.0,19.02,1198 ,67.05,7.0,4
2161,360000,110000,Diesel,Individual,Manual,1.0,23.0,1248 ,88.7,5.0,5
2162,252000,48000,Petrol,Individual,Manual,1.0,20.92,998 ,67.1,5.0,9
2163,280000,70000,Diesel,Individual,Manual,2.0,22.9,1248 ,74,5.0,9
2164,509999,70000,Petrol,Individual,Manual,2.0,22.0,1197 ,81.80,5.0,3
2165,1050000,58000,Diesel,Individual,Manual,1.0,15.4,1997 ,120,7.0,5
2166,200000,40000,LPG,Individual,Manual,4.0,17.3,1061 ,57.5,5.0,11
2167,60000,90000,Petrol,Individual,Manual,2.0,17.3,993 ,60,5.0,16
2168,320000,40000,Diesel,Individual,Manual,2.0,14.0,2498 ,112,7.0,11
2169,520000,110000,Diesel,Individual,Manual,1.0,12.05,2179 ,120,9.0,8
2170,250000,80000,Diesel,Individual,Manual,2.0,11.57,2179 ,138.1,7.0,14
2171,725000,60000,Diesel,Individual,Manual,1.0,24.3,1248 ,88.5,5.0,4
2172,585000,50000,Diesel,Individual,Manual,1.0,15.96,2523 ,62.1,7.0,6
2173,430000,25000,Petrol,Individual,Manual,1.0,23.84,1199 ,84,5.0,4
2174,235000,100000,Diesel,Individual,Manual,2.0,22.9,1248 ,74,5.0,10
2175,350000,52000,Diesel,Individual,Manual,3.0,19.3,1248 ,73.9,5.0,9
2176,131000,80000,Petrol,Individual,Manual,3.0,19.81,1086 ,68.05,5.0,11
2177,450000,85000,Diesel,Individual,Manual,1.0,25.8,1498 ,98.6,5.0,5
2178,750000,83000,Diesel,Individual,Manual,1.0,24.3,1248 ,88.5,5.0,5
2179,200000,50000,Petrol,Individual,Manual,1.0,22.74,796 ,47.3,5.0,8
2180,125000,120000,Petrol,Individual,Manual,4.0,18.9,1061 ,67,5.0,12
2181,500000,100000,Diesel,Individual,Manual,1.0,15.96,2523 ,62.1,7.0,7
2182,380000,70000,Diesel,Individual,Manual,3.0,22.9,1248 ,74,5.0,9
2183,128000,19000,Petrol,Individual,Manual,1.0,19.7,796 ,46.3,5.0,13
2184,250000,68600,Petrol,Individual,Manual,3.0,17.0,1497 ,118,5.0,12
2185,690000,60000,Diesel,Individual,Manual,1.0,16.5,1493 ,70,7.0,4
2186,650000,65000,Diesel,Individual,Manual,2.0,15.96,2523 ,62.1,7.0,7
2187,560000,40000,Petrol,Individual,Manual,2.0,16.8,1497 ,116.3,5.0,9
2189,400000,25000,Petrol,Individual,Manual,1.0,23.1,998 ,67.04,5.0,5
2190,200000,29500,Petrol,Individual,Manual,1.0,20.92,998 ,67.1,5.0,9
2191,950000,13887,Petrol,Individual,Manual,1.0,17.0,1591 ,121.3,5.0,3
2192,300000,50000,Petrol,Individual,Manual,2.0,22.74,796 ,47.3,5.0,5
2193,315000,30000,Petrol,Individual,Manual,2.0,25.17,799 ,53.3,5.0,5
2194,220000,100000,Petrol,Individual,Manual,1.0,22.74,796 ,47.3,5.0,9
2195,130000,60000,Petrol,Individual,Manual,2.0,14.49,1399 ,92.7,5.0,10
2196,595000,60000,Diesel,Individual,Manual,2.0,22.54,1396 ,88.73,5.0,5
2197,110000,120000,Diesel,Individual,Manual,1.0,19.4,1405 ,70,5.0,10
2198,680000,13500,Petrol,Individual,Manual,1.0,17.0,1497 ,121.36,5.0,4
2199,280000,52000,Diesel,Individual,Manual,1.0,20.3,1248 ,75,5.0,8
2200,530000,30000,Petrol,Individual,Manual,2.0,21.4,1197 ,83.1,5.0,4
2201,610000,14000,Petrol,Individual,Manual,1.0,19.1,1197 ,82,5.0,4
2202,500000,90000,Diesel,Individual,Manual,2.0,15.05,2179 ,147.9,7.0,7
2203,500000,50000,Diesel,Individual,Manual,1.0,24.7,1047 ,69,5.0,3
2204,250000,120000,Diesel,Individual,Manual,2.0,13.0,2489 ,95,8.0,11
2205,325000,10000,Petrol,Individual,Manual,1.0,21.1,814 ,55.2,5.0,3
2206,550000,10000,Petrol,Individual,Manual,1.0,21.4,1197 ,83.1,5.0,3
2207,720000,25000,Petrol,Individual,Manual,1.0,20.73,1373 ,91.1,5.0,3
2208,950000,20000,Petrol,Individual,Manual,1.0,17.0,1591 ,121.3,5.0,4
2209,350000,60000,Diesel,Individual,Manual,1.0,22.9,1248 ,74,5.0,8
2210,500000,40000,Petrol,Individual,Manual,1.0,18.9,1197 ,81.86,5.0,3
2211,380000,60000,Diesel,Individual,Manual,1.0,19.3,1248 ,73.9,5.0,9
2212,380000,50000,Petrol,Individual,Automatic,1.0,16.9,1197 ,82,5.0,6
2213,900000,20000,Petrol,Individual,Manual,1.0,17.0,1591 ,121.3,5.0,4
2214,295000,35000,Petrol,Individual,Manual,1.0,24.7,796 ,47.3,5.0,4
2215,640000,40000,Diesel,Individual,Manual,1.0,28.09,1248 ,88.5,5.0,5
2216,790000,60000,Diesel,Individual,Manual,1.0,21.5,1497 ,108.5,5.0,3
2217,625000,20000,Petrol,Individual,Manual,1.0,17.01,1591 ,121.4,5.0,6
2218,604000,30000,Petrol,Individual,Manual,2.0,17.0,1497 ,121.36,5.0,4
2219,315000,29000,Petrol,Individual,Manual,1.0,23.95,998 ,67.05,5.0,6
2220,950000,17000,Diesel,Individual,Manual,1.0,20.0,1497 ,115,5.0,2
2221,400000,50000,Petrol,Individual,Manual,1.0,20.51,998 ,67.04,5.0,4
2222,700000,42000,Petrol,Individual,Automatic,1.0,18.6,1368 ,98.63,5.0,3
2223,700000,120000,Diesel,Individual,Manual,2.0,12.8,2494 ,102,8.0,10
2224,260000,110000,Diesel,Individual,Manual,1.0,21.03,1461 ,65,5.0,9
2225,200000,90000,Diesel,Individual,Manual,1.0,23.57,1396 ,70,5.0,9
2226,580000,70000,Petrol,Individual,Manual,1.0,23.26,1197 ,88.50,5.0,1
2227,330000,66000,Diesel,Individual,Manual,2.0,20.5,1598 ,105,5.0,10
2228,400000,70000,Diesel,Individual,Manual,3.0,16.2,1493 ,110,5.0,10
2229,1350000,5000,Petrol,Individual,Automatic,1.0,14.8,1591 ,121.3,5.0,3
2230,250000,50000,Diesel,Individual,Manual,2.0,21.03,1461 ,65,5.0,7
2231,725000,25000,Petrol,Individual,Manual,1.0,15.41,1598 ,103.2,5.0,2
2232,300000,70000,Diesel,Individual,Manual,1.0,23.4,1248 ,74,5.0,8
2233,120000,40000,Petrol,Individual,Manual,2.0,16.1,796 ,37,4.0,15
2234,1175000,110000,Diesel,Individual,Manual,1.0,16.0,2179 ,140,7.0,5
2235,380000,150000,Diesel,Individual,Manual,1.0,13.93,2179 ,138,7.0,12
2236,400000,45000,Diesel,Individual,Manual,1.0,19.1,1405 ,70,5.0,7
2237,140000,90000,Diesel,Individual,Manual,3.0,16.1,1405 ,70,5.0,16
2238,229999,140000,Diesel,Individual,Manual,2.0,11.57,2179 ,138.1,7.0,10
2239,110000,83000,Petrol,Individual,Manual,2.0,13.8,1299 ,70,5.0,18
2240,550000,106000,Diesel,Individual,Automatic,2.0,16.96,1968 ,138.1,5.0,10
2241,150000,60000,Petrol,Individual,Manual,4.0,15.26,1150 ,74.9,5.0,13
2242,265000,40000,Petrol,Individual,Manual,2.0,16.8,796 ,34.2,8.0,4
2243,300000,138000,Petrol,Individual,Manual,3.0,17.0,1197 ,80,5.0,10
2244,280000,80000,Petrol,Individual,Manual,1.0,22.74,796 ,47.3,5.0,6
2245,130000,50000,Petrol,Individual,Manual,2.0,15.3,1341 ,83,5.0,16
2246,350000,50000,Petrol,Individual,Manual,1.0,18.2,1199 ,82.4,5.0,6
2247,200000,120000,Petrol,Individual,Manual,1.0,18.5,1197 ,85.80,5.0,12
2248,550000,24400,Petrol,Individual,Manual,1.0,22.0,1197 ,81.80,5.0,3
2249,400000,60000,Diesel,Individual,Manual,2.0,15.96,2523 ,62.1,7.0,8
2250,170000,120000,Petrol,Individual,Manual,2.0,18.5,1197 ,85.80,5.0,11
2251,600000,60000,Diesel,Individual,Manual,2.0,24.8,1396 ,88.7,5.0,6
2252,130000,100000,Petrol,Individual,Manual,2.0,19.7,796 ,46.3,5.0,10
2254,100000,120000,Petrol,Individual,Manual,2.0,16.1,796 ,37,4.0,10
2255,310000,27500,Petrol,Individual,Manual,1.0,25.17,799 ,53.3,5.0,5
2256,35000,10000,Petrol,Individual,Manual,1.0,16.1,796 ,37,4.0,14
2257,200000,120000,Petrol,Individual,Manual,3.0,18.5,1197 ,80,5.0,11
2259,650000,80000,Diesel,Individual,Manual,1.0,22.54,1396 ,88.73,5.0,6
2260,210000,120000,Petrol,Individual,Manual,1.0,15.64,1193 ,64.1,5.0,8
2261,509999,90000,Diesel,Individual,Manual,1.0,24.4,1120 ,71.01,5.0,6
2262,229999,70000,Diesel,Individual,Manual,1.0,20.0,1399 ,68.1,5.0,8
2263,409999,188000,Diesel,Individual,Manual,2.0,19.01,1461 ,108.45,5.0,7
2264,130000,67840,Petrol,Individual,Manual,1.0,18.0,995 ,62,5.0,10
2265,95000,30000,Petrol,Individual,Manual,1.0,25.4,624 ,37.48,4.0,8
2266,225000,35000,Petrol,Individual,Manual,2.0,22.74,796 ,47.3,5.0,5
2268,775000,100000,Diesel,Individual,Manual,1.0,24.3,1248 ,88.5,5.0,4
2269,420000,30000,Petrol,Individual,Manual,1.0,20.51,998 ,67.04,5.0,4
2270,480000,70000,Petrol,Individual,Manual,1.0,18.9,1197 ,82,5.0,5
2272,260000,380000,Diesel,Individual,Manual,2.0,13.6,2523 ,63,7.0,11
2274,600000,15000,Petrol,Individual,Manual,1.0,16.2,1199 ,74,5.0,3
2275,140000,140000,Diesel,Individual,Manual,2.0,13.8,1399 ,68,5.0,12
2276,130000,120000,Petrol,Individual,Manual,3.0,19.7,796 ,35,8.0,11
2277,195000,112880,Diesel,Dealer,Manual,1.0,25.2,1248 ,74,5.0,14
2278,210000,135000,Diesel,Dealer,Manual,2.0,19.4,1405 ,70,5.0,8
2279,130000,80000,Petrol,Individual,Manual,3.0,18.9,998 ,67.1,5.0,15
2280,141000,128000,Petrol,Individual,Manual,3.0,18.6,1199 ,79.4,5.0,9
2281,280000,120000,Diesel,Individual,Manual,1.0,13.6,2523 ,63,7.0,10
2282,350000,30000,Petrol,Individual,Automatic,1.0,12.6,1586 ,103.2,5.0,11
2283,575000,70000,Petrol,Individual,Manual,1.0,17.0,1198 ,108.5,5.0,3
2284,550000,41000,Petrol,Individual,Manual,1.0,18.6,1197 ,81.83,5.0,6
2286,120000,30000,Petrol,Individual,Manual,2.0,19.7,796 ,46.3,5.0,15
2287,320000,30000,Petrol,Individual,Manual,1.0,23.95,998 ,67.05,5.0,6
2288,250000,35000,Petrol,Individual,Manual,1.0,16.36,1495 ,93.7,5.0,10
2289,300000,22000,Petrol,Individual,Manual,1.0,15.0,1586 ,104.68,5.0,11
2290,250000,70000,Petrol,Individual,Manual,1.0,18.9,998 ,67.1,5.0,15
2292,750000,70000,Diesel,Individual,Manual,1.0,16.5,1493 ,70,7.0,3
2293,151000,200000,Diesel,Individual,Manual,2.0,10.5,2179 ,120,8.0,16
2294,300000,120000,Diesel,Individual,Manual,1.0,13.93,2179 ,138.03,7.0,10
2295,577000,3000,Petrol,Individual,Manual,1.0,20.89,1197 ,81.80,5.0,2
2296,229999,50000,Petrol,Individual,Manual,1.0,20.92,998 ,67.1,5.0,9
2297,500000,50000,Diesel,Individual,Manual,1.0,15.96,2523 ,62.1,7.0,8
2298,840000,1500,Petrol,Individual,Automatic,1.0,18.2,1199 ,88.7,5.0,2
2299,900000,74000,Diesel,Individual,Manual,1.0,22.27,1498 ,108.6,5.0,4
2300,650000,25000,Petrol,Individual,Manual,1.0,18.7,1199 ,88.7,5.0,4
2301,650000,61915,Diesel,Individual,Manual,1.0,27.3,1498 ,98.6,5.0,5
2302,250000,110000,Petrol,Individual,Manual,1.0,21.1,814 ,55.2,5.0,5
2303,550000,70000,Diesel,Individual,Manual,1.0,20.14,1498 ,88,5.0,5
2304,250000,150000,Diesel,Individual,Manual,4.0,17.8,1248 ,75,5.0,14
2305,350000,110000,Diesel,Individual,Manual,2.0,17.21,1493 ,100,7.0,8
2306,185000,90000,Diesel,Individual,Manual,2.0,25.44,936 ,56.3,5.0,7
2307,229999,120000,Petrol,Individual,Manual,3.0,15.6,1196 ,70,5.0,11
2308,1000000,65000,Diesel,Individual,Manual,1.0,12.99,2494 ,100.6,8.0,5
2309,490000,10000,Petrol,Individual,Manual,1.0,20.52,1197 ,81.80,5.0,2
2310,150000,80000,Petrol,Individual,Manual,2.0,20.36,1197 ,78.9,5.0,12
2311,600000,184000,Diesel,Individual,Manual,1.0,20.77,1248 ,88.76,7.0,8
2312,270000,80000,CNG,Individual,Manual,2.0,32.52,998 ,58.33,5.0,8
2313,60000,70000,Petrol,Individual,Manual,2.0,17.3,993 ,60,5.0,16
2314,150000,89000,Petrol,Individual,Manual,2.0,15.6,1586 ,104.68,5.0,13
2315,335000,33033,Petrol,Dealer,Manual,1.0,19.4,1198 ,86.8,5.0,7
2316,525000,69000,Diesel,Individual,Manual,2.0,22.9,1248 ,74,5.0,8
2317,465000,63063,Petrol,Dealer,Automatic,1.0,18.9,1197 ,82,5.0,6
2318,83000,90000,Diesel,Individual,Manual,2.0,25.0,1396 ,69,5.0,9
2319,300000,8000,Petrol,Individual,Manual,1.0,21.1,814 ,55.2,5.0,4
2320,350000,35000,Petrol,Individual,Manual,1.0,17.0,1197 ,80,5.0,9
2321,300000,45000,Petrol,Individual,Manual,1.0,17.0,1197 ,80,5.0,10
2322,250000,30000,Diesel,Individual,Manual,1.0,20.4,1248 ,91.2,5.0,10
2323,114999,59000,Petrol,Individual,Manual,2.0,16.1,796 ,37,4.0,15
2324,700000,6200,Petrol,Individual,Manual,1.0,19.34,1462 ,103,7.0,3
2325,250000,120000,Petrol,Individual,Manual,2.0,21.63,998 ,67,5.0,1
2326,350000,70000,Petrol,Individual,Manual,1.0,20.51,998 ,67.04,5.0,5
2327,80000,70000,Petrol,Individual,Manual,1.0,14.0,796 ,35,5.0,23
2328,850000,110000,Diesel,Individual,Manual,1.0,15.4,2523 ,75,7.0,4
2330,90000,93000,Petrol,Individual,Manual,3.0,18.0,995 ,62,5.0,14
2331,600000,110000,Diesel,Individual,Manual,1.0,13.58,2499 ,72.4,10.0,7
2332,135000,57000,Petrol,Individual,Manual,1.0,19.7,796 ,46.3,5.0,14
2333,150000,120000,Petrol,Individual,Manual,1.0,13.2,1495 ,94,5.0,16
2334,259000,35000,Diesel,Individual,Manual,1.0,23.03,1396 ,69,5.0,9
2335,220000,90000,Diesel,Individual,Manual,1.0,23.03,1396 ,69,5.0,9
2336,246000,35000,Diesel,Individual,Manual,2.0,23.03,1396 ,69,5.0,9
2337,240000,120000,Petrol,Individual,Manual,1.0,17.5,1298 ,85.8,5.0,12
2338,946000,60000,Diesel,Individual,Manual,1.0,22.1,1396 ,88.7,5.0,3
2339,215000,70000,Diesel,Individual,Manual,1.0,23.03,1396 ,69,5.0,10
2340,50000,60000,Petrol,Individual,Manual,4.0,17.3,993 ,60,5.0,22
2341,310000,100000,Diesel,Individual,Manual,1.0,25.8,1498 ,98.6,5.0,8
2342,220000,35000,Petrol,Individual,Manual,1.0,20.36,1197 ,78.9,5.0,13
2343,195000,90000,Diesel,Individual,Manual,3.0,17.8,1248 ,75,5.0,13
2344,650000,50000,Petrol,Individual,Manual,1.0,17.19,1197 ,81.86,5.0,6
2345,350000,98000,Petrol,Individual,Manual,1.0,18.5,1197 ,80,5.0,10
2346,360000,30000,Petrol,Individual,Manual,1.0,18.5,1197 ,82.85,5.0,8
2347,550000,50000,Petrol,Individual,Manual,2.0,16.3,1797 ,147.5,5.0,8
2348,490000,26000,Petrol,Individual,Manual,1.0,18.9,1197 ,82,5.0,5
2349,195000,46000,Petrol,Individual,Manual,2.0,19.7,796 ,46.3,5.0,10
2350,125000,80000,Petrol,Individual,Manual,4.0,19.7,796 ,46.3,5.0,11
2351,459999,10000,Petrol,Individual,Manual,1.0,23.84,1199 ,84,5.0,2
2352,275000,16700,Petrol,Individual,Manual,1.0,22.74,796 ,47.3,5.0,6
2353,680000,70000,Diesel,Individual,Manual,1.0,28.4,1248 ,74.02,5.0,3
2354,600000,7967,Petrol,Individual,Manual,1.0,20.85,1197 ,83.14,5.0,6
2355,720000,20000,Petrol,Individual,Manual,1.0,22.0,1197 ,81.80,5.0,3
2357,356000,9656,Petrol,Individual,Manual,1.0,25.17,799 ,53.3,5.0,5
2358,225000,50000,Petrol,Individual,Manual,1.0,19.81,1086 ,68.05,5.0,10
2359,725000,17000,Diesel,Individual,Manual,1.0,24.4,1498 ,98.63,5.0,2
2360,130000,50000,Petrol,Individual,Manual,1.0,18.0,995 ,62,5.0,11
2361,300000,10000,Petrol,Individual,Manual,1.0,25.17,799 ,53.3,5.0,6
2362,400000,43000,Petrol,Individual,Manual,2.0,18.5,1197 ,82.85,5.0,8
2363,550000,50000,Diesel,Individual,Manual,1.0,23.5,1396 ,88.7,5.0,8
2364,120000,90000,Petrol,Individual,Manual,2.0,18.9,998 ,67,5.0,15
2365,409999,100000,Diesel,Individual,Manual,2.0,14.0,2498 ,112,8.0,9
2366,110000,80000,Petrol,Individual,Manual,2.0,0.0,1086 ,62.1,5.0,11
2367,450000,120000,Diesel,Individual,Manual,1.0,15.96,2523 ,62.1,7.0,9
2368,610000,5000,Petrol,Individual,Manual,1.0,21.21,1197 ,81.80,5.0,2
2369,515000,68609,Diesel,Dealer,Manual,1.0,22.7,1498 ,89.84,5.0,5
2370,925000,33360,Diesel,Dealer,Manual,1.0,22.77,1498 ,98.59,5.0,3
2371,860000,14317,Petrol,Dealer,Manual,1.0,14.23,1498 ,104.55,5.0,2
2372,225000,87237,Diesel,Dealer,Manual,2.0,20.0,1399 ,68.05,5.0,9
2373,500000,62960,Diesel,Dealer,Manual,1.0,25.83,1498 ,99,5.0,4
2374,600000,26634,Petrol,Dealer,Automatic,1.0,21.21,1197 ,81.80,5.0,4
2375,195000,163720,Diesel,Dealer,Manual,1.0,18.5,1399 ,68,5.0,9
2376,265000,67998,Petrol,Dealer,Manual,1.0,18.9,998 ,67.1,5.0,9
2377,650000,20706,Diesel,Dealer,Manual,1.0,23.8,1499 ,98.63,5.0,3
2378,415000,100581,Diesel,Dealer,Manual,1.0,25.83,1498 ,99,5.0,6
2379,600000,67303,Diesel,Dealer,Manual,1.0,20.45,1461 ,83.8,5.0,6
2380,340000,79139,Petrol,Dealer,Manual,1.0,18.5,1197 ,85.80,5.0,8
2381,350000,84784,Diesel,Dealer,Manual,1.0,24.0,1120 ,70,5.0,7
2382,265000,130376,Diesel,Dealer,Manual,2.0,23.2,1248 ,73.94,5.0,9
2383,625000,72000,Diesel,Individual,Manual,1.0,13.93,2179 ,138.03,7.0,4
2384,245000,127000,Diesel,Individual,Manual,2.0,16.8,1493 ,110,5.0,13
2385,395000,120000,Diesel,Individual,Manual,1.0,25.2,1248 ,74,5.0,7
2387,490000,100000,Diesel,Individual,Manual,1.0,24.4,1120 ,71,5.0,7
2389,955000,40000,Diesel,Individual,Manual,1.0,24.52,1248 ,88.5,7.0,3
2390,525000,110000,Diesel,Individual,Manual,1.0,23.4,1248 ,74,5.0,8
2391,550000,30000,Petrol,Individual,Manual,1.0,20.3,1199 ,84,5.0,4
2392,200000,120000,Diesel,Individual,Manual,2.0,19.1,1405 ,70,5.0,7
2393,500000,15000,Petrol,Individual,Manual,1.0,18.16,1196 ,86.8,5.0,4
2394,825000,33500,Diesel,Individual,Manual,1.0,23.65,1248 ,88.5,5.0,5
2395,250000,70000,Diesel,Individual,Manual,1.0,17.21,1493 ,100,7.0,9
2396,600000,10000,Petrol,Individual,Manual,1.0,18.16,1197 ,78.8,5.0,6
2397,1325000,22053,Diesel,Individual,Manual,1.0,16.36,2179 ,120,7.0,3
2398,770000,50000,Diesel,Individual,Manual,1.0,18.49,1493 ,100,7.0,5
2399,415000,78432,Diesel,Individual,Manual,1.0,16.52,1991 ,123.7,5.0,10
2400,825000,125000,Diesel,Individual,Manual,2.0,14.66,2199 ,194.3,7.0,10
2401,530000,80000,Diesel,Individual,Manual,1.0,26.1,1498 ,99.23,5.0,3
2402,425000,270000,Diesel,Individual,Manual,3.0,12.8,2494 ,102,8.0,15
2403,310000,50000,Petrol,Individual,Manual,2.0,19.4,1198 ,86.8,5.0,9
2404,390000,20000,Petrol,Individual,Manual,1.0,23.84,1199 ,84,5.0,4
2405,700000,30000,Petrol,Individual,Manual,1.0,15.29,1591 ,121.3,5.0,5
2406,200000,70000,Petrol,Individual,Manual,2.0,19.81,1086 ,68.05,5.0,11
2407,1050000,7200,Diesel,Individual,Manual,1.0,12.99,2494 ,100.6,8.0,8
2408,580000,97000,Diesel,Individual,Manual,1.0,26.0,1498 ,98.6,5.0,7
2409,200000,60000,Petrol,Individual,Manual,2.0,21.1,814 ,55.2,5.0,7
2410,245000,25000,Petrol,Individual,Manual,1.0,18.2,1199 ,84.8,5.0,8
2411,210000,94000,Petrol,Individual,Manual,2.0,20.36,1197 ,78.9,5.0,11
2412,50000,90000,Petrol,Individual,Manual,2.0,15.4,1590 ,94,5.0,16
2413,700000,50000,Diesel,Individual,Automatic,2.0,12.12,2231 ,184,7.0,9
2414,660000,35000,Diesel,Individual,Manual,1.0,22.95,1248 ,74,5.0,2
2415,630000,117500,Petrol,Individual,Manual,2.0,17.4,1497 ,117.3,5.0,6
2416,950000,78500,Diesel,Individual,Manual,1.0,15.1,2179 ,140,7.0,9
2417,740000,8000,Petrol,Individual,Manual,1.0,18.6,1197 ,81.83,5.0,3
2418,570000,25000,Petrol,Individual,Manual,1.0,18.12,1196 ,86.8,5.0,4
2419,450000,60000,Diesel,Individual,Manual,3.0,22.32,1582 ,126.32,5.0,9
2420,390000,10000,Petrol,Individual,Manual,1.0,22.5,999 ,67,5.0,2
2421,180000,70000,Petrol,Individual,Manual,2.0,14.2,1597 ,92,5.0,12
2422,130000,60000,Petrol,Individual,Manual,1.0,25.4,624 ,37.48,4.0,6
2423,270000,70000,Petrol,Individual,Manual,2.0,17.7,1497 ,78,5.0,15
2424,60000,25000,Petrol,Individual,Manual,3.0,16.1,796 ,37,4.0,24
2425,170000,90000,Petrol,Individual,Manual,3.0,13.9,1599 ,103.2,5.0,15
2426,978999,90000,Diesel,Individual,Manual,1.0,19.67,1582 ,126.2,5.0,6
2427,490000,25000,Petrol,Individual,Manual,1.0,23.84,1199 ,84,5.0,3
2428,280000,60000,Diesel,Individual,Manual,2.0,23.5,1498 ,88.7,5.0,9
2429,390000,25000,Petrol,Individual,Manual,1.0,23.84,1199 ,84,5.0,3
2430,170000,60000,Petrol,Individual,Manual,4.0,22.74,796 ,47.3,5.0,8
2431,45000,70000,Petrol,Individual,Manual,1.0,18.0,995 ,62,5.0,13
2432,640000,80000,Diesel,Individual,Manual,2.0,24.52,1248 ,88.5,7.0,5
2433,650000,110000,Diesel,Individual,Manual,2.0,15.4,2523 ,75,9.0,6
2434,500000,115717,Diesel,Individual,Manual,1.0,12.05,2179 ,120,9.0,8
2435,90000,110000,Diesel,Individual,Manual,2.0,17.7,1399 ,68,5.0,13
2436,480000,70000,Diesel,Individual,Manual,2.0,15.05,2179 ,147.9,7.0,7
2437,630000,4000,Petrol,Individual,Manual,1.0,21.21,1197 ,81.80,5.0,2
2438,250000,50000,Petrol,Individual,Manual,1.0,20.36,1197 ,78.9,5.0,10
2439,330000,70000,Petrol,Individual,Manual,4.0,18.9,1197 ,82,5.0,5
2440,180000,70000,Petrol,Individual,Manual,2.0,20.36,1197 ,78.9,5.0,12
2441,210000,50000,Petrol,Individual,Manual,2.0,18.5,1197 ,80,5.0,11
2442,550000,55000,Diesel,Individual,Manual,1.0,26.59,1248 ,74,5.0,5
2443,950000,5000,Petrol,Individual,Automatic,1.0,17.0,1198 ,108.5,5.0,1
2444,430000,100000,Diesel,Individual,Manual,2.0,15.96,2523 ,62.1,7.0,8
2445,348000,23000,Petrol,Individual,Manual,2.0,20.36,1197 ,78.9,5.0,7
2446,196000,60000,Petrol,Individual,Manual,2.0,22.74,796 ,47.3,5.0,7
2447,150000,70000,Petrol,Individual,Manual,2.0,18.9,1061 ,67,5.0,11
2449,150000,60000,Petrol,Individual,Manual,2.0,18.9,1061 ,67,5.0,12
2450,1250000,100000,Diesel,Individual,Manual,1.0,14.1,2179 ,153.86,7.0,2
2451,600000,90000,Diesel,Individual,Manual,3.0,20.77,1248 ,88.76,7.0,6
2452,65000,26432,Petrol,Dealer,Manual,1.0,25.4,624 ,37.48,4.0,11
2453,220000,46702,Petrol,Dealer,Manual,1.0,16.8,796 ,34.2,8.0,5
2454,220000,46706,Petrol,Dealer,Manual,1.0,16.8,796 ,34.2,8.0,5
2455,110000,53523,Petrol,Dealer,Manual,1.0,16.84,1193 ,64.4,5.0,15
2456,175000,56365,Diesel,Dealer,Manual,1.0,25.44,936 ,56.3,5.0,9
2457,160000,49563,Petrol,Dealer,Manual,1.0,16.2,995 ,62.1,5.0,10
2458,65000,56432,Petrol,Dealer,Manual,1.0,16.1,796 ,37,4.0,17
2459,60000,52365,Petrol,Dealer,Manual,2.0,16.1,796 ,37,4.0,19
2460,120000,53512,Petrol,Dealer,Manual,2.0,19.7,796 ,46.3,5.0,14
2462,1000000,40000,Diesel,Individual,Automatic,1.0,11.18,2696 ,184,7.0,8
2463,220000,46533,Petrol,Dealer,Manual,1.0,18.9,998 ,67.1,5.0,11
2465,114999,58632,Petrol,Dealer,Manual,2.0,14.0,796 ,35,5.0,13
2467,850000,80000,Diesel,Individual,Automatic,2.0,16.0,2179 ,140,7.0,5
2468,750000,70000,Diesel,Individual,Manual,1.0,24.52,1248 ,88.5,7.0,5
2469,265000,90000,Petrol,Individual,Manual,1.0,23.01,999 ,67,5.0,4
2470,450000,110000,Petrol,Individual,Manual,2.0,14.09,1596 ,99.6,5.0,7
2471,225000,90000,Diesel,Individual,Manual,1.0,17.21,1493 ,100,7.0,8
2472,1125000,70000,Diesel,Individual,Manual,1.0,15.4,2179 ,120,7.0,6
2473,270000,80000,Petrol,Individual,Manual,1.0,16.6,1197 ,85,5.0,12
2474,130000,78000,Petrol,Individual,Manual,1.0,19.7,796 ,46.3,5.0,14
2475,660000,45000,Diesel,Individual,Manual,1.0,16.5,1493 ,70,7.0,4
2476,240000,50000,Petrol,Individual,Manual,2.0,23.95,998 ,67.05,5.0,6
2477,275000,58000,Petrol,Individual,Manual,1.0,24.7,796 ,47.3,5.0,4
2478,750000,120000,Diesel,Individual,Manual,1.0,12.8,2494 ,102,8.0,9
2479,65000,30000,Petrol,Individual,Manual,2.0,14.7,1150 ,76,5.0,14
2480,850000,162000,Diesel,Individual,Manual,1.0,14.1,2179 ,147.94,7.0,4
2481,300000,50000,CNG,Individual,Manual,2.0,26.6,998 ,58.16,5.0,5
2482,555000,25000,Petrol,Individual,Manual,2.0,18.6,1197 ,81.83,5.0,3
2483,825000,60000,Diesel,Individual,Manual,1.0,15.4,1997 ,120,7.0,6
2484,150000,70000,LPG,Individual,Manual,3.0,13.45,1086 ,62.1,5.0,11
2485,185000,138000,Diesel,Individual,Manual,2.0,19.3,1248 ,73.9,5.0,12
2486,180000,70000,Petrol,Individual,Manual,2.0,20.36,1197 ,78.9,5.0,11
2487,160000,48000,Petrol,Individual,Manual,2.0,19.7,796 ,46.3,5.0,11
2488,500000,110000,Diesel,Individual,Automatic,1.0,11.4,2953 ,153.86,7.0,9
2489,375000,88000,Diesel,Individual,Manual,2.0,25.2,1248 ,74,5.0,7
2490,900000,68000,Diesel,Individual,Manual,1.0,12.99,2494 ,100.6,7.0,6
2491,459999,70000,Petrol,Individual,Manual,1.0,18.9,1197 ,82,5.0,4
2492,480000,80000,Diesel,Individual,Manual,1.0,20.45,1461 ,83.8,5.0,7
2493,320000,100000,Diesel,Individual,Manual,3.0,22.9,1248 ,74,5.0,8
2494,370000,96000,Diesel,Individual,Manual,2.0,22.9,1248 ,74,5.0,8
2496,75000,30000,Petrol,Individual,Manual,3.0,17.3,993 ,60,5.0,19
2497,400000,60000,Diesel,Individual,Manual,3.0,23.2,1248 ,73.94,5.0,5
2499,425000,65000,Diesel,Individual,Manual,1.0,25.2,1248 ,74,5.0,7
2500,325000,48000,Petrol,Individual,Manual,1.0,23.1,998 ,67.04,5.0,7
2501,350000,65300,Petrol,Individual,Manual,2.0,18.9,1197 ,82,5.0,5
2502,600000,40000,Petrol,Individual,Manual,1.0,18.6,1197 ,81.83,5.0,3
2503,120000,60000,Diesel,Individual,Manual,2.0,25.44,936 ,57.6,5.0,9
2504,200000,70000,Petrol,Individual,Manual,2.0,20.92,998 ,67.1,5.0,9
2505,100000,70000,Petrol,Individual,Manual,3.0,19.7,796 ,46.3,5.0,13
2506,350000,70000,Diesel,Individual,Manual,2.0,24.0,1120 ,70,5.0,7
2507,85000,150000,Petrol,Individual,Manual,2.0,19.7,796 ,46.3,5.0,15
2508,399000,10000,Petrol,Individual,Manual,1.0,23.95,998 ,67.05,5.0,2
2509,580000,56000,Diesel,Individual,Manual,1.0,22.32,1582 ,126.3,5.0,7
2510,290000,30000,Petrol,Individual,Manual,1.0,22.7,799 ,53.64,5.0,4
2511,380000,50000,Petrol,Individual,Manual,2.0,18.9,1197 ,82,5.0,7
2512,200000,120000,Diesel,Individual,Manual,1.0,20.0,1399 ,68,5.0,11
2513,390000,40000,CNG,Individual,Manual,1.0,26.6,998 ,58.16,5.0,3
2514,500000,27500,Petrol,Individual,Manual,1.0,18.9,1197 ,81.86,5.0,4
2515,520000,73000,Diesel,Individual,Manual,1.0,20.77,1248 ,88.76,7.0,9
2516,650000,75000,Diesel,Individual,Manual,1.0,26.59,1248 ,74,5.0,4
2517,380000,5000,Petrol,Individual,Manual,1.0,23.01,999 ,67,5.0,3
2518,275000,50000,LPG,Individual,Manual,1.0,26.2,998 ,58.2,5.0,11
2519,520000,70000,Diesel,Individual,Manual,1.0,26.59,1248 ,74,5.0,6
2520,610000,60000,Diesel,Individual,Manual,1.0,26.59,1248 ,74,5.0,6
2521,85000,110000,Petrol,Individual,Manual,1.0,18.9,998 ,67.1,5.0,17
2522,490000,95000,Diesel,Individual,Manual,1.0,20.46,1461 ,83.8,5.0,8
2523,229999,34000,Petrol,Individual,Manual,2.0,21.1,814 ,55.2,5.0,6
2524,411000,25000,Petrol,Individual,Manual,1.0,18.9,1197 ,82,5.0,6
2525,362000,120000,CNG,Individual,Manual,2.0,21.94,1196 ,61.7,5.0,2
2526,550000,31000,Diesel,Individual,Manual,1.0,23.59,1364 ,67.06,5.0,7
2527,459999,70000,CNG,Individual,Manual,1.0,26.6,998 ,58.16,5.0,3
2528,190000,47000,Petrol,Individual,Manual,1.0,18.5,1197 ,85.80,5.0,10
2529,499000,5000,Petrol,Individual,Automatic,1.0,20.3,1086 ,68,5.0,2
2530,358000,44000,Petrol,Individual,Manual,1.0,15.37,1196 ,73,7.0,3
2531,278000,120000,Diesel,Individual,Manual,2.0,23.59,1364 ,67.1,5.0,9
2532,320000,39395,Diesel,Individual,Manual,1.0,21.2,1248 ,75,5.0,7
2533,580000,67000,Diesel,Individual,Manual,2.0,20.4,1461 ,108.5,5.0,8
2534,1300000,20000,Petrol,Individual,Automatic,1.0,17.4,1497 ,117.6,5.0,2
2535,825000,40000,Diesel,Individual,Manual,1.0,25.8,1498 ,98.6,5.0,3
2536,170000,120000,Petrol,Individual,Manual,2.0,13.4,1794 ,125,5.0,17
2537,1700000,80000,Diesel,Individual,Manual,2.0,12.55,2982 ,168.5,7.0,7
2538,490000,7000,Petrol,Individual,Manual,1.0,20.3,1086 ,68,5.0,3
2539,1050000,15000,Diesel,Individual,Manual,1.0,16.0,2179 ,140,7.0,3
2540,210000,50000,Petrol,Individual,Manual,1.0,18.6,1199 ,76.8,5.0,5
2541,1250000,30000,Diesel,Individual,Manual,1.0,15.4,2179 ,120,7.0,5
2542,320000,120000,Diesel,Individual,Manual,2.0,22.9,1248 ,74,5.0,9
2543,400000,64000,Diesel,Individual,Manual,1.0,16.52,1991 ,123.7,5.0,9
2544,320000,120000,Diesel,Individual,Manual,1.0,23.2,1248 ,73.94,5.0,8
2545,600000,85000,Diesel,Individual,Manual,1.0,21.43,1364 ,87.2,5.0,9
2546,275000,50000,Petrol,Individual,Manual,1.0,20.92,998 ,67.1,5.0,9
2547,170000,59000,Petrol,Individual,Manual,2.0,19.7,796 ,46.3,5.0,12
2548,155000,98000,Diesel,Individual,Manual,1.0,25.44,936 ,57.6,5.0,9
2552,620000,140000,Diesel,Individual,Manual,2.0,20.45,1461 ,83.8,5.0,6
2553,530000,50000,Petrol,Individual,Manual,1.0,18.9,1197 ,81.86,5.0,4
2554,550000,40000,Diesel,Individual,Manual,1.0,23.59,1364 ,67.04,5.0,6
2555,600000,90000,Diesel,Individual,Manual,1.0,26.0,1498 ,98.6,5.0,7
2556,649000,117000,Diesel,Individual,Manual,3.0,15.1,2179 ,140,7.0,7
2557,625000,90000,Diesel,Individual,Manual,1.0,26.0,1498 ,98.6,5.0,7
2558,125000,70000,Petrol,Individual,Manual,1.0,16.0,995 ,63,5.0,11
2559,305000,230000,Diesel,Individual,Manual,2.0,13.58,2499 ,72.4,9.0,12
2560,285000,155000,Petrol,Individual,Manual,2.0,15.5,1586 ,103.3,5.0,11
2561,600000,60000,Diesel,Individual,Manual,2.0,13.49,2179 ,138.03,5.0,6
2562,426000,110000,Petrol,Individual,Manual,1.0,18.15,1198 ,82,6.0,5
2563,180000,120000,Diesel,Individual,Manual,1.0,17.0,1405 ,71,5.0,11
2564,400000,100000,Diesel,Individual,Manual,2.0,22.32,1582 ,126.32,5.0,10
2565,120000,40000,Petrol,Individual,Manual,2.0,18.6,1199 ,79.4,5.0,11
2566,300000,110000,Diesel,Individual,Manual,2.0,21.12,1248 ,88.8,5.0,9
2567,190000,92500,Petrol,Individual,Manual,2.0,20.92,998 ,67.1,5.0,10
2568,310000,20000,Petrol,Individual,Manual,1.0,24.7,796 ,47.3,5.0,4
2569,380000,15000,Petrol,Individual,Manual,1.0,25.17,799 ,53.3,5.0,2
2570,740000,14000,Diesel,Individual,Manual,1.0,16.5,1493 ,70,7.0,2
2571,260000,35000,Petrol,Individual,Manual,1.0,22.7,799 ,53.64,5.0,5
2572,320000,32000,Petrol,Individual,Manual,2.0,23.95,998 ,67.05,5.0,4
2573,211000,90000,CNG,Individual,Manual,1.0,26.6,998 ,58.16,5.0,8
2574,650000,35000,Petrol,Individual,Manual,1.0,22.0,1197 ,81.80,5.0,3
2575,651000,32500,Diesel,Individual,Manual,2.0,28.4,1248 ,74.02,5.0,4
2576,380000,14000,Petrol,Individual,Automatic,1.0,23.95,998 ,67.05,5.0,2
2577,160000,70000,Diesel,Individual,Manual,3.0,25.44,936 ,56.3,5.0,7
2578,1270000,20000,Petrol,Individual,Automatic,1.0,17.0,1591 ,121.3,5.0,2
2579,300000,300000,LPG,Individual,Manual,1.0,26.2,998 ,58.2,5.0,10
2580,405000,100000,Diesel,Individual,Manual,1.0,25.2,1248 ,74,5.0,6
2581,850000,64800,Diesel,Individual,Manual,1.0,15.1,2179 ,140,7.0,6
2582,680000,90000,Diesel,Individual,Manual,1.0,16.5,1493 ,70,7.0,4
2583,426999,80000,Petrol,Individual,Manual,1.0,19.1,1197 ,82,5.0,7
2584,525000,248000,Diesel,Individual,Manual,1.0,24.8,1396 ,88.7,5.0,6
2585,1019999,60000,Diesel,Individual,Manual,2.0,12.99,2494 ,100.6,7.0,7
2586,245000,120000,Diesel,Individual,Manual,1.0,12.8,2494 ,102,8.0,16
2587,869999,120000,Diesel,Individual,Manual,1.0,22.7,1582 ,126.2,5.0,6
2588,160000,66444,LPG,Individual,Manual,1.0,26.2,998 ,58.2,5.0,11
2589,700000,86000,Diesel,Individual,Manual,1.0,24.3,1248 ,88.5,5.0,5
2590,300000,90000,Diesel,Individual,Manual,1.0,21.64,1461 ,84.8,5.0,9
2591,175000,218463,Petrol,Individual,Automatic,1.0,12.9,1799 ,130,5.0,14
2592,960000,153000,Diesel,Individual,Manual,1.0,12.8,2494 ,102,8.0,9
2593,525000,70000,Diesel,Individual,Manual,2.0,16.55,2498 ,105,6.0,7
2594,345000,60000,Diesel,Individual,Manual,1.0,24.0,1120 ,70,5.0,6
2595,390000,50000,Petrol,Individual,Manual,1.0,18.0,1198 ,86.7,5.0,6
2596,275000,20000,Petrol,Individual,Manual,1.0,20.63,1198 ,67,5.0,6
2597,310000,35000,Petrol,Individual,Manual,1.0,18.2,1199 ,82.4,5.0,7
2598,500000,20000,Petrol,Individual,Manual,1.0,18.9,1197 ,81.86,5.0,4
2599,200000,70000,Diesel,Individual,Manual,1.0,22.1,1248 ,76.9,5.0,8
2600,650000,53000,Diesel,Individual,Manual,1.0,20.14,1498 ,88,5.0,3
2601,1031000,60000,Diesel,Individual,Manual,1.0,25.6,1498 ,97.9,5.0,3
2602,330000,70000,Petrol,Individual,Manual,1.0,20.3,998 ,68.05,5.0,3
2603,399000,4000,Petrol,Individual,Manual,1.0,20.3,1086 ,68,5.0,2
2604,250000,103000,Petrol,Individual,Manual,1.0,20.36,1197 ,78.9,5.0,9
2605,600000,20000,Diesel,Individual,Manual,1.0,24.0,1186 ,73.97,5.0,4
2606,375000,77000,Diesel,Individual,Manual,1.0,22.9,1248 ,74,5.0,8
2607,375000,90000,Diesel,Individual,Manual,1.0,20.54,1598 ,103.6,5.0,9
2608,445000,87185,Diesel,Individual,Manual,2.0,22.32,1582 ,126.3,5.0,8
2609,55000,167000,Petrol,Individual,Manual,2.0,18.9,998 ,67.1,5.0,18
2610,611000,77000,Diesel,Individual,Manual,1.0,22.54,1396 ,88.73,5.0,5
2611,459999,110000,Diesel,Individual,Manual,2.0,24.8,1396 ,88.7,5.0,7
2612,275000,120000,Diesel,Individual,Manual,2.0,17.8,1399 ,68,5.0,10
2613,185000,170000,CNG,Individual,Manual,1.0,11.88,1086 ,62.1,5.0,10
2614,390000,100000,Diesel,Individual,Manual,2.0,22.32,1582 ,126.32,5.0,9
2615,72000,40000,Petrol,Individual,Manual,2.0,18.0,995 ,62,5.0,14
2616,90000,50000,Diesel,Individual,Manual,1.0,17.88,1396 ,52.8,5.0,14
2617,500000,125000,Diesel,Individual,Manual,1.0,23.59,1364 ,67.05,5.0,6
2618,200000,137000,CNG,Individual,Manual,1.0,26.2,998 ,58.2,5.0,10
2619,1575000,18000,Diesel,Individual,Manual,1.0,15.1,2179 ,152.87,7.0,2
2620,511000,30000,Petrol,Individual,Manual,1.0,18.9,1197 ,82,5.0,6
2621,150000,55000,Petrol,Individual,Manual,1.0,14.6,1368 ,88.7,5.0,12
2622,1500000,40000,Petrol,Individual,Automatic,1.0,10.75,2694 ,163.7,8.0,1
2623,185000,80000,Petrol,Individual,Manual,2.0,22.74,796 ,47.3,5.0,8
2624,550000,30000,Petrol,Individual,Manual,1.0,21.4,1197 ,83.1,5.0,3
2625,325000,3564,Petrol,Individual,Manual,1.0,23.95,998 ,67.05,5.0,4
2626,525000,80000,Diesel,Individual,Manual,1.0,26.59,1248 ,74,5.0,6
2627,1050000,13000,Diesel,Individual,Manual,1.0,17.0,2200 ,139.01,7.0,3
2628,300000,120000,Diesel,Individual,Manual,1.0,25.0,1396 ,69,5.0,9
2629,120000,90000,Petrol,Individual,Manual,1.0,18.6,1199 ,79.4,5.0,10
2630,2625000,9000,Diesel,Dealer,Automatic,1.0,13.6,1999 ,177,5.0,4
2631,5150000,20000,Petrol,Dealer,Automatic,1.0,22.37,2487 ,214.56,5.0,2
2632,3200000,45000,Diesel,Dealer,Automatic,1.0,19.33,1999 ,177,5.0,4
2633,503000,110000,Diesel,Individual,Manual,1.0,14.1,2179 ,147.94,7.0,6
2634,3800000,20000,Diesel,Individual,Automatic,1.0,18.0,1969 ,190,5.0,2
2635,2000000,68089,Petrol,Trustmark Dealer,Automatic,1.0,19.16,2494 ,157.7,5.0,5
2636,225000,58343,Petrol,Trustmark Dealer,Manual,1.0,21.79,998 ,67.05,5.0,8
2637,740000,38817,Diesel,Dealer,Manual,1.0,27.39,1248 ,74,5.0,3
2638,550000,56494,Petrol,Trustmark Dealer,Manual,1.0,18.2,1199 ,88.7,5.0,5
2639,750000,79328,Diesel,Trustmark Dealer,Manual,2.0,12.99,2494 ,100.6,7.0,8
2640,650000,5621,Petrol,Trustmark Dealer,Automatic,1.0,22.0,1197 ,81.80,5.0,2
2641,625000,25538,Petrol,Trustmark Dealer,Manual,1.0,16.78,1496 ,88.73,5.0,4
2642,600000,69779,Petrol,Dealer,Automatic,1.0,22.0,1197 ,81.80,5.0,3
2643,450000,56290,Diesel,Dealer,Manual,1.0,24.0,1186 ,73.97,5.0,4
2644,5400000,7500,Diesel,Dealer,Automatic,1.0,16.78,1995 ,190,5.0,2
2645,5500000,8500,Diesel,Dealer,Automatic,1.0,16.78,1995 ,190,5.0,2
2646,779000,7032,Petrol,Trustmark Dealer,Automatic,1.0,19.0,1199 ,88.76,5.0,2
2647,645000,11000,Petrol,Dealer,Automatic,1.0,14.3,1598 ,103.5,5.0,5
2648,2475000,2000,Diesel,Dealer,Automatic,1.0,16.8,1984 ,150,5.0,3
2649,170000,50000,Petrol,Individual,Manual,3.0,17.92,1086 ,62.1,5.0,10
2650,320000,42000,Diesel,Individual,Manual,1.0,23.03,1396 ,69,5.0,11
2651,350000,17000,Petrol,Individual,Automatic,1.0,23.1,998 ,67.04,5.0,5
2652,500000,40000,Petrol,Individual,Automatic,1.0,22.0,1197 ,81.80,5.0,3
2653,135000,137000,Diesel,Individual,Manual,2.0,17.0,1405 ,70,5.0,12
2654,340000,20000,Petrol,Individual,Manual,1.0,25.17,799 ,53.3,5.0,3
2655,330000,70000,Petrol,Individual,Manual,2.0,18.9,1197 ,81.86,5.0,1
2656,350000,48756,Petrol,Individual,Manual,2.0,15.5,1586 ,103.3,5.0,10
2657,1850000,30000,Diesel,Individual,Automatic,2.0,12.55,2982 ,168.5,7.0,6
2658,400000,110000,Diesel,Individual,Manual,1.0,24.4,1120 ,71,5.0,5
2659,325000,80322,Diesel,Dealer,Manual,1.0,17.8,1399 ,67,5.0,7
2660,1000000,35000,Diesel,Individual,Manual,1.0,15.4,1997 ,120,7.0,6
2661,850000,110000,Diesel,Individual,Manual,1.0,15.4,2523 ,75,7.0,4
2662,350000,70000,Diesel,Individual,Manual,2.0,21.5,1248 ,88.8,5.0,9
2663,2625000,9000,Diesel,Dealer,Automatic,1.0,13.6,1999 ,177,5.0,4
2664,5150000,20000,Petrol,Dealer,Automatic,1.0,22.37,2487 ,214.56,5.0,2
2665,3200000,45000,Diesel,Dealer,Automatic,1.0,19.33,1999 ,177,5.0,4
2666,503000,110000,Diesel,Individual,Manual,1.0,14.1,2179 ,147.94,7.0,6
2667,3800000,20000,Diesel,Individual,Automatic,1.0,18.0,1969 ,190,5.0,2
2668,2000000,68089,Petrol,Trustmark Dealer,Automatic,1.0,19.16,2494 ,157.7,5.0,5
2669,225000,58343,Petrol,Trustmark Dealer,Manual,1.0,21.79,998 ,67.05,5.0,8
2670,740000,38817,Diesel,Dealer,Manual,1.0,27.39,1248 ,74,5.0,3
2671,550000,56494,Petrol,Trustmark Dealer,Manual,1.0,18.2,1199 ,88.7,5.0,5
2672,750000,79328,Diesel,Trustmark Dealer,Manual,2.0,12.99,2494 ,100.6,7.0,8
2673,650000,5621,Petrol,Trustmark Dealer,Automatic,1.0,22.0,1197 ,81.80,5.0,2
2674,625000,25538,Petrol,Trustmark Dealer,Manual,1.0,16.78,1496 ,88.73,5.0,4
2675,600000,69779,Petrol,Dealer,Automatic,1.0,22.0,1197 ,81.80,5.0,3
2676,450000,56290,Diesel,Dealer,Manual,1.0,24.0,1186 ,73.97,5.0,4
2677,5400000,7500,Diesel,Dealer,Automatic,1.0,16.78,1995 ,190,5.0,2
2678,5500000,8500,Diesel,Dealer,Automatic,1.0,16.78,1995 ,190,5.0,2
2679,779000,7032,Petrol,Trustmark Dealer,Automatic,1.0,19.0,1199 ,88.76,5.0,2
2680,645000,11000,Petrol,Dealer,Automatic,1.0,14.3,1598 ,103.5,5.0,5
2681,2475000,2000,Diesel,Dealer,Automatic,1.0,16.8,1984 ,150,5.0,3
2683,550000,120000,Diesel,Individual,Manual,2.0,24.5,1498 ,98.6,7.0,6
2684,925000,60000,Diesel,Individual,Manual,1.0,14.0,2179 ,138.1,7.0,6
2685,509999,97000,Diesel,Individual,Automatic,2.0,11.79,2179 ,120,8.0,11
2686,250000,100000,Diesel,Individual,Manual,2.0,13.0,2489 ,95,8.0,10
2687,500000,36000,Petrol,Individual,Manual,1.0,17.19,1197 ,81.86,5.0,6
2688,1050000,27000,Diesel,Individual,Manual,1.0,21.38,1396 ,88.7,5.0,2
2689,490000,50000,Diesel,Individual,Manual,1.0,23.4,1248 ,74,5.0,7
2690,415000,15000,Petrol,Individual,Manual,1.0,15.37,1196 ,73,5.0,1
2691,190000,60000,Petrol,Individual,Manual,2.0,22.74,796 ,47.3,5.0,8
2692,680000,120000,Diesel,Individual,Manual,1.0,28.4,1248 ,74.02,5.0,3
2693,190000,60000,Petrol,Individual,Manual,2.0,22.74,796 ,47.3,5.0,8
2694,479000,173000,Diesel,Individual,Manual,1.0,12.05,2179 ,120,7.0,8
2695,270000,60000,Petrol,Individual,Manual,2.0,22.74,796 ,47.3,5.0,5
2696,170000,70000,Petrol,Individual,Manual,3.0,19.81,1086 ,68.05,5.0,13
2697,764000,25000,Petrol,Individual,Manual,1.0,20.73,1373 ,91.1,5.0,3
2698,710000,30000,Diesel,Individual,Manual,1.0,15.96,2523 ,62.1,7.0,2
2699,310000,35000,Petrol,Individual,Manual,1.0,24.7,796 ,47.3,5.0,4
2700,620000,100000,Diesel,Individual,Manual,2.0,16.5,1493 ,70,7.0,4
2701,280000,31000,Petrol,Individual,Manual,2.0,21.1,814 ,55.2,5.0,4
2702,1500000,80000,Diesel,Individual,Automatic,2.0,12.55,2982 ,168.5,7.0,6
2703,450000,40000,Petrol,Individual,Manual,1.0,18.9,1197 ,82,5.0,5
2704,2199000,10000,Diesel,Individual,Automatic,2.0,17.9,2143 ,136,5.0,4
2705,3600000,50000,Diesel,Individual,Automatic,1.0,11.74,2987 ,254.8,5.0,8
2706,285000,60000,Petrol,Individual,Manual,2.0,15.3,1596 ,99.6,5.0,13
2707,465000,210000,Diesel,Individual,Manual,2.0,12.8,2494 ,102,8.0,14
2708,1100000,60000,Diesel,Individual,Automatic,2.0,16.07,1995 ,181,5.0,12
2709,350000,110000,Diesel,Individual,Manual,2.0,20.54,1598 ,103.6,5.0,10
2710,600000,35000,Petrol,Individual,Manual,1.0,17.5,1373 ,91.1,7.0,4
2711,570000,35000,Petrol,Individual,Manual,1.0,21.4,1197 ,83.1,5.0,4
2712,325000,20000,Petrol,Individual,Manual,1.0,23.95,998 ,67.05,5.0,5
2713,975000,54000,Diesel,Individual,Automatic,1.0,16.0,1997 ,140,7.0,5
2714,480000,60000,Petrol,Individual,Manual,1.0,18.6,1197 ,81.83,5.0,6
2715,185000,10300,Petrol,Individual,Manual,1.0,22.74,796 ,47.3,5.0,7
2716,1050000,50000,Diesel,Individual,Automatic,1.0,17.01,1582 ,126.2,5.0,6
2717,760000,3000,Petrol,Individual,Manual,1.0,21.01,1197 ,81.80,5.0,2
2718,570000,5000,Petrol,Individual,Manual,1.0,18.78,999 ,75,5.0,2
2720,700000,13000,Petrol,Individual,Manual,1.0,21.4,1197 ,83.1,5.0,3
2721,775000,30000,Petrol,Individual,Automatic,1.0,15.63,1499 ,110.4,5.0,6
2722,750000,60000,Diesel,Individual,Automatic,2.0,14.49,2993 ,258,5.0,14
2723,140000,100000,Petrol,Individual,Manual,2.0,18.0,995 ,62,5.0,11
2724,220000,40000,Petrol,Individual,Manual,1.0,22.74,796 ,47.3,5.0,5
2725,184000,15000,Petrol,Individual,Manual,1.0,0.0,1086 ,62.1,5.0,8
2727,440000,50000,Petrol,Individual,Manual,2.0,18.6,1197 ,81.83,5.0,4
2728,650000,80000,Diesel,Individual,Manual,1.0,21.19,1396 ,88.73,5.0,4
2729,660000,50000,Diesel,Individual,Automatic,1.0,18.49,1493 ,100,7.0,4
2730,380000,30000,CNG,Individual,Manual,1.0,21.94,1196 ,61.7,5.0,4
2731,415000,125000,Diesel,Individual,Manual,2.0,21.43,1364 ,87.2,5.0,9
2732,225000,110000,Petrol,Individual,Manual,1.0,19.81,1086 ,68.05,5.0,9
2733,600000,30000,Diesel,Individual,Manual,2.0,20.77,1248 ,88.76,7.0,8
2734,620000,148000,Diesel,Individual,Manual,2.0,20.77,1248 ,88.8,7.0,7
2735,750000,35000,Diesel,Individual,Manual,1.0,18.49,1493 ,100,7.0,5
2736,400000,80000,Petrol,Individual,Manual,2.0,18.9,1197 ,82,5.0,5
2737,110000,110000,Petrol,Individual,Manual,1.0,18.9,998 ,67.1,5.0,16
2738,119000,95000,Diesel,Individual,Manual,2.0,19.4,1405 ,70,5.0,9
2739,600000,25000,Diesel,Individual,Manual,1.0,25.8,1498 ,98.6,5.0,6
2740,200000,80000,CNG,Individual,Manual,1.0,26.3,998 ,67.1,5.0,10
2741,280000,60000,Diesel,Individual,Manual,2.0,23.0,1248 ,88.7,5.0,7
2742,375000,100000,Petrol,Individual,Manual,1.0,15.0,1598 ,105,5.0,8
2743,350000,50000,Petrol,Individual,Manual,1.0,19.44,1198 ,67,7.0,5
2744,620000,31000,Diesel,Individual,Manual,1.0,25.4,1186 ,73.97,5.0,4
2745,570000,120000,Diesel,Individual,Manual,1.0,26.59,1248 ,74,5.0,4
2746,290000,105000,Diesel,Individual,Manual,2.0,19.3,1248 ,73.9,5.0,9
2747,711000,120000,Diesel,Individual,Manual,1.0,24.52,1248 ,88.5,7.0,5
2748,370000,60000,Diesel,Individual,Manual,1.0,22.9,1248 ,74,5.0,9
2749,550000,15000,Petrol,Individual,Manual,1.0,23.26,1197 ,88.50,5.0,1
2750,325000,150000,Petrol,Individual,Manual,2.0,18.6,1197 ,85.8,5.0,8
2751,670000,93000,Diesel,Individual,Manual,1.0,27.4,1498 ,98.63,5.0,3
2752,385000,42000,Petrol,Individual,Manual,2.0,19.81,1086 ,68.05,5.0,4
2753,114999,80000,Petrol,Individual,Manual,2.0,17.92,1086 ,62.1,5.0,13
2754,200000,90000,Petrol,Individual,Manual,1.0,17.92,1086 ,62.1,5.0,11
2755,860000,6500,Diesel,Individual,Automatic,1.0,24.3,1248 ,88.5,5.0,2
2756,600000,60000,Diesel,Individual,Manual,1.0,27.39,1248 ,74,5.0,3
2757,265000,110000,Petrol,Individual,Manual,1.0,23.95,998 ,67.05,5.0,5
2758,155000,60000,CNG,Individual,Manual,2.0,23.7,1193 ,55.23,5.0,6
2759,900000,60000,Diesel,Individual,Manual,1.0,25.1,1248 ,88.5,5.0,2
2760,650000,170000,Diesel,Individual,Manual,3.0,20.77,1248 ,88.76,7.0,8
2761,70000,220000,Petrol,Individual,Manual,2.0,16.1,796 ,37,4.0,17
2762,180000,80000,Petrol,Individual,Manual,1.0,22.74,796 ,47.3,5.0,9
2763,200000,57000,Petrol,Individual,Manual,1.0,21.1,814 ,55.2,5.0,8
2764,300000,100000,Petrol,Individual,Manual,1.0,19.81,1086 ,68.05,5.0,7
2765,650000,40000,Petrol,Individual,Manual,1.0,17.01,1591 ,121.3,5.0,6
2766,267000,40000,Petrol,Individual,Manual,1.0,22.74,796 ,47.3,5.0,7
2767,450000,50000,CNG,Individual,Manual,1.0,26.6,998 ,58.16,5.0,3
2768,400000,90000,Petrol,Individual,Manual,2.0,18.9,1197 ,82,5.0,7
2769,310000,86000,Diesel,Individual,Manual,1.0,14.0,2498 ,112,8.0,9
2770,70000,15000,Petrol,Individual,Manual,1.0,26.0,624 ,35,4.0,12
2771,675000,70000,Diesel,Individual,Manual,2.0,15.96,2523 ,62.1,7.0,4
2772,350000,120000,Petrol,Individual,Manual,1.0,14.09,1596 ,99.6,5.0,8
2773,240000,80000,Petrol,Individual,Manual,2.0,23.95,998 ,67.05,5.0,7
2774,185000,80000,Diesel,Individual,Manual,2.0,19.09,1405 ,69.01,5.0,7
2775,250000,50000,Petrol,Individual,Manual,1.0,21.1,814 ,55.2,5.0,4
2776,135000,100000,Petrol,Individual,Manual,1.0,19.7,796 ,46.3,5.0,12
2777,500000,80000,Diesel,Individual,Manual,1.0,22.32,1582 ,126.32,5.0,10
2778,300000,108957,Diesel,Individual,Manual,1.0,13.93,2179 ,138,7.0,11
2779,328000,68000,Petrol,Individual,Manual,2.0,23.84,1199 ,84,5.0,4
2780,509999,65000,Diesel,Individual,Manual,1.0,15.96,2523 ,62.1,7.0,6
2781,575000,110000,Diesel,Individual,Manual,2.0,14.02,2179 ,118.3,8.0,6
2782,700000,50000,Diesel,Individual,Manual,1.0,12.2,2498 ,112,8.0,9
2783,105000,100000,Petrol,Individual,Manual,3.0,18.9,1061 ,67,5.0,13
2784,60000,80000,Petrol,Individual,Manual,2.0,16.1,796 ,37,4.0,13
2785,112999,80000,Petrol,Individual,Manual,3.0,19.7,796 ,46.3,5.0,13
2786,229999,120000,Diesel,Individual,Manual,2.0,19.1,1405 ,70,5.0,6
2787,325000,150000,Diesel,Individual,Manual,1.0,20.0,1399 ,68,5.0,9
2788,650000,20000,Petrol,Individual,Manual,1.0,18.6,1197 ,81.83,5.0,4
2789,85000,80000,Diesel,Individual,Manual,2.0,17.0,1405 ,70,5.0,12
2790,570000,93000,Diesel,Individual,Manual,2.0,24.5,1498 ,98.6,7.0,6
2791,525000,134000,Diesel,Individual,Manual,1.0,25.2,1248 ,74,5.0,6
2792,350000,90000,Petrol,Individual,Manual,2.0,18.5,1197 ,82.85,5.0,8
2793,250000,60000,Petrol,Individual,Manual,1.0,16.6,1197 ,85,5.0,14
2794,300000,120000,Diesel,Individual,Manual,2.0,14.0,2489 ,95,8.0,11
2795,1325000,30000,Diesel,Individual,Manual,1.0,17.1,1956 ,170,5.0,4
2796,650000,22200,Diesel,Individual,Manual,1.0,22.54,1396 ,88.73,5.0,4
2797,520000,6000,Petrol,Individual,Manual,1.0,18.9,1197 ,81.86,5.0,3
2798,500000,32000,Petrol,Individual,Manual,1.0,20.4,1197 ,81.80,5.0,5
2799,220000,90000,Petrol,Individual,Manual,1.0,25.17,799 ,53.3,5.0,5
2800,650000,78000,Diesel,Individual,Manual,3.0,28.09,1248 ,88.5,5.0,4
2801,819999,12000,Petrol,Individual,Manual,1.0,17.5,1199 ,88.7,5.0,4
2802,645000,120000,Diesel,Individual,Manual,1.0,19.87,1461 ,83.8,5.0,5
2803,780000,40000,Diesel,Individual,Manual,1.0,24.52,1248 ,88.5,7.0,6
2804,215000,110000,Petrol,Individual,Manual,2.0,17.7,1497 ,78,5.0,13
2805,600000,260000,Diesel,Individual,Manual,3.0,12.8,2494 ,102,7.0,14
2806,114999,10000,Petrol,Individual,Manual,1.0,19.7,796 ,46.3,5.0,10
2807,75000,12000,Petrol,Individual,Manual,1.0,16.84,1193 ,64.4,5.0,9
2808,120000,60000,Petrol,Individual,Manual,1.0,18.6,1199 ,79.4,5.0,10
2809,250000,41000,Petrol,Individual,Manual,1.0,25.17,799 ,53.3,5.0,5
2810,200000,25000,Petrol,Individual,Manual,1.0,16.8,796 ,34.2,8.0,3
2811,380000,30000,Petrol,Individual,Manual,1.0,19.1,1197 ,82,5.0,6
2812,560000,50000,Diesel,Individual,Manual,1.0,25.8,1498 ,98.6,5.0,3
2813,575000,10000,Petrol,Individual,Manual,1.0,20.89,1197 ,81.80,5.0,3
2814,620000,40000,Diesel,Individual,Manual,1.0,16.5,1493 ,70,7.0,4
2815,525000,120000,Diesel,Individual,Manual,1.0,12.05,2179 ,120,8.0,9
2816,635000,40000,Diesel,Individual,Manual,1.0,26.59,1248 ,74,5.0,4
2817,650000,80000,Diesel,Individual,Manual,1.0,19.72,1461 ,108.45,5.0,5
2818,39000,42108,Petrol,Individual,Manual,1.0,16.1,796 ,37,4.0,20
2819,550000,70000,Diesel,Individual,Manual,2.0,25.83,1498 ,99,5.0,4
2820,145000,150000,Diesel,Individual,Manual,3.0,21.1,1248 ,73.9,5.0,12
2821,130000,100000,Diesel,Individual,Manual,3.0,16.1,1405 ,70,5.0,14
2822,825000,79000,Diesel,Dealer,Manual,1.0,25.47,1248 ,88.50,7.0,4
2823,1650000,91000,Diesel,Dealer,Automatic,2.0,12.55,2982 ,168.5,7.0,6
2824,875000,50000,Diesel,Dealer,Manual,1.0,24.3,1248 ,88.5,5.0,3
2825,650000,81000,Diesel,Dealer,Manual,2.0,28.09,1248 ,88.5,5.0,5
2826,2000000,51000,Diesel,Individual,Automatic,1.0,14.74,2993 ,270.9,5.0,7
2827,2850000,27000,Diesel,Dealer,Automatic,1.0,17.05,1995 ,184,5.0,3
2828,2800000,26000,Diesel,Dealer,Automatic,1.0,15.73,1968 ,174.33,5.0,3
2829,3900000,17100,Diesel,Dealer,Automatic,1.0,22.48,1995 ,187.74,5.0,3
2830,246000,56000,Diesel,Dealer,Manual,1.0,22.1,1248 ,74,5.0,8
2831,325000,60000,Diesel,Dealer,Manual,2.0,24.7,1498 ,98.63,5.0,8
2832,1450000,22000,Petrol,Dealer,Automatic,1.0,16.0,1368 ,160,5.0,2
2833,850000,30000,Petrol,Dealer,Automatic,1.0,15.4,1497 ,117.3,7.0,4
2834,560000,43001,Diesel,Dealer,Manual,1.0,22.27,1498 ,108.6,5.0,6
2835,575000,60000,Diesel,Dealer,Manual,1.0,25.47,1248 ,88.50,7.0,6
2836,470000,9000,Petrol,Dealer,Automatic,1.0,21.63,998 ,67.04,5.0,2
2837,221000,65000,Diesel,Dealer,Manual,1.0,19.09,1405 ,69.01,5.0,7
2838,680000,95000,Diesel,Dealer,Manual,1.0,12.99,2494 ,100.6,8.0,7
2839,700000,62000,Diesel,Dealer,Manual,1.0,13.1,2499 ,141,7.0,8
2840,1950000,48000,Diesel,Dealer,Automatic,1.0,9.0,1984 ,181,5.0,5
2841,875000,72000,Diesel,Dealer,Automatic,1.0,17.01,1582 ,126.2,5.0,6
2842,850000,35000,Diesel,Individual,Manual,3.0,22.0,1582 ,126.2,5.0,4
2843,550000,100600,Diesel,Individual,Manual,3.0,20.46,1461 ,83.8,5.0,8
2844,480000,105000,Diesel,Individual,Manual,3.0,23.4,1248 ,74,5.0,8
2845,1050000,90000,Diesel,Individual,Manual,1.0,15.4,2179 ,120,7.0,4
2846,631000,92385,Diesel,Individual,Manual,1.0,15.96,2523 ,62.1,7.0,5
2847,165000,25000,Petrol,Individual,Manual,1.0,25.4,624 ,37.5,4.0,6
2848,320000,60000,Petrol,Individual,Manual,2.0,21.1,1197 ,85.80,5.0,11
2849,360000,100000,Petrol,Individual,Manual,2.0,18.5,1197 ,85.80,5.0,9
2851,175000,25000,Petrol,Individual,Manual,3.0,13.0,1795 ,127,5.0,15
2852,725000,120000,Diesel,Individual,Manual,1.0,22.54,1396 ,88.73,5.0,5
2853,280000,185000,Diesel,Individual,Manual,3.0,19.5,1248 ,75,5.0,7
2854,325000,134000,Diesel,Individual,Manual,2.0,22.07,1199 ,73.9,5.0,10
2855,320000,120000,Diesel,Individual,Manual,3.0,20.0,1399 ,68.05,5.0,7
2856,500000,120000,Petrol,Individual,Manual,1.0,18.9,1197 ,81.86,5.0,3
2857,825000,165000,Diesel,Individual,Manual,2.0,15.1,2179 ,140,7.0,7
2858,350000,120000,Diesel,Individual,Manual,3.0,23.2,1248 ,73.94,5.0,5
2859,470000,89000,Diesel,Individual,Manual,1.0,23.0,1396 ,90,5.0,10
2860,125000,120000,Diesel,Individual,Manual,3.0,19.2,1461 ,65,5.0,12
2861,140000,120000,Petrol,Individual,Automatic,1.0,13.1,1795 ,127,5.0,15
2862,484999,50000,Diesel,Individual,Manual,1.0,25.8,1498 ,98.6,5.0,8
2863,308000,15000,Petrol,Individual,Manual,1.0,24.7,796 ,47.3,5.0,3
2864,570000,13000,Petrol,Individual,Manual,1.0,18.9,1197 ,81.86,5.0,2
2865,900000,240000,Diesel,Individual,Manual,1.0,11.5,2982 ,171,7.0,11
2866,1800000,45000,Diesel,Individual,Manual,1.0,16.3,1956 ,170,5.0,4
2868,680000,28000,Petrol,Individual,Automatic,1.0,21.21,1197 ,81.80,5.0,3
2869,700000,70000,Diesel,Individual,Manual,1.0,28.4,1248 ,74.02,5.0,4
2870,240000,116000,Diesel,Individual,Manual,1.0,14.0,2498 ,112,7.0,10
2871,280000,90000,Petrol,Individual,Manual,1.0,21.1,814 ,55.2,5.0,7
2872,125000,120000,Diesel,Individual,Manual,2.0,17.0,1405 ,71,5.0,11
2874,434999,50000,Petrol,Individual,Manual,2.0,20.4,1197 ,83.11,5.0,6
2875,1050000,120000,Diesel,Individual,Manual,1.0,12.99,2494 ,100.6,7.0,6
2876,1200000,72500,Diesel,Individual,Automatic,2.0,23.3,1984 ,150,5.0,8
2877,400000,120000,Diesel,Individual,Manual,2.0,20.54,1598 ,103.6,5.0,8
2878,850000,120000,Diesel,Individual,Manual,1.0,15.1,2179 ,140,7.0,7
2879,475000,83000,Diesel,Individual,Manual,2.0,22.54,1396 ,88.73,5.0,7
2880,150000,40000,Petrol,Individual,Manual,3.0,14.2,1597 ,92,5.0,18
2881,2900000,46000,Diesel,Individual,Manual,1.0,14.24,2755 ,174.5,7.0,3
2882,1100000,137000,Diesel,Individual,Manual,1.0,12.99,2494 ,100.6,7.0,6
2883,285000,25000,Petrol,Individual,Manual,2.0,24.7,796 ,47.3,5.0,4
2884,650000,50000,Diesel,Individual,Manual,1.0,24.0,1186 ,73.97,5.0,3
2885,275000,60000,Petrol,Individual,Manual,1.0,19.0,998 ,66.1,5.0,9
2886,60000,100000,Petrol,Individual,Manual,2.0,16.1,796 ,37,4.0,21
2887,229999,105000,Diesel,Individual,Manual,2.0,19.2,1461 ,65,5.0,10
2888,300000,20000,Petrol,Individual,Manual,1.0,23.95,998 ,67.05,5.0,6
2889,940000,50000,Diesel,Individual,Manual,1.0,24.52,1248 ,88.5,7.0,5
2890,600000,120000,Diesel,Individual,Manual,2.0,26.21,1248 ,88.5,5.0,6
2891,800000,70000,Diesel,Individual,Manual,1.0,27.39,1248 ,74,5.0,4
2892,580000,90000,Diesel,Individual,Manual,2.0,22.71,1461 ,84.8,5.0,4
2893,450000,75000,Petrol,Individual,Manual,1.0,20.3,1199 ,84,5.0,3
2894,290000,82500,Diesel,Individual,Manual,2.0,16.52,1991 ,123.7,5.0,10
2895,530000,110000,Diesel,Individual,Manual,1.0,25.8,1498 ,98.6,5.0,7
2896,960000,20000,Diesel,Individual,Manual,1.0,24.0,1396 ,88.76,5.0,2
2897,290000,110000,Petrol,Individual,Manual,3.0,17.0,1497 ,118,5.0,12
2898,160000,100000,Diesel,Individual,Manual,1.0,14.8,1998 ,68,5.0,13
2899,400000,52000,Petrol,Individual,Manual,1.0,21.63,998 ,67,5.0,4
2900,700000,90000,Diesel,Individual,Manual,1.0,24.3,1248 ,88.5,5.0,4
2901,361000,90000,Diesel,Individual,Manual,1.0,20.54,1598 ,103.6,5.0,9
2902,390000,53000,Diesel,Individual,Manual,2.0,21.9,1396 ,88.76,5.0,8
2903,200000,180000,Diesel,Individual,Manual,1.0,18.4,1248 ,75,5.0,9
2904,390000,53000,Diesel,Individual,Manual,2.0,21.9,1396 ,88.76,5.0,8
2905,500000,53000,Diesel,Individual,Manual,1.0,22.9,1248 ,74,5.0,8
2906,200000,50600,Petrol,Individual,Manual,1.0,19.7,796 ,46.3,5.0,10
2907,503000,110000,Diesel,Individual,Manual,1.0,14.1,2179 ,147.94,7.0,6
2908,775000,32000,Diesel,Dealer,Manual,1.0,24.3,1248 ,88.5,5.0,4
2909,750000,5000,Diesel,Individual,Manual,1.0,24.3,1248 ,88.5,5.0,3
2910,570000,25000,Petrol,Individual,Manual,1.0,18.6,1197 ,81.83,5.0,3
2911,484999,30000,Petrol,Individual,Manual,1.0,18.7,1199 ,88.7,5.0,5
2912,700000,43000,Petrol,Dealer,Manual,1.0,15.4,1497 ,117.3,7.0,4
2913,415000,60000,Petrol,Dealer,Manual,1.0,17.7,1497 ,113.42,5.0,9
2914,484999,54000,Diesel,Dealer,Manual,1.0,23.0,1498 ,98.96,5.0,7
2915,675000,52000,Diesel,Individual,Manual,1.0,23.65,1248 ,88.5,5.0,5
2916,680000,50000,Petrol,Individual,Manual,1.0,15.85,1499 ,110.4,5.0,6
2917,235000,52000,Petrol,Dealer,Manual,1.0,24.7,796 ,47.3,5.0,8
2918,1700000,15000,Diesel,Individual,Manual,1.0,15.1,2179 ,152.87,7.0,3
2919,1200000,50000,Diesel,Individual,Automatic,2.0,16.0,2179 ,140,7.0,6
2920,630000,56000,Diesel,Individual,Manual,2.0,25.1,1498 ,98.6,5.0,7
2921,640000,82000,Diesel,Individual,Manual,1.0,25.83,1498 ,99,5.0,3
2922,355000,121000,Petrol,Dealer,Manual,1.0,19.1,1197 ,82,5.0,7
2923,560000,101903,Diesel,Individual,Manual,2.0,12.05,2179 ,120,8.0,9
2924,580000,120000,Diesel,Individual,Manual,1.0,23.4,1248 ,74,5.0,3
2925,185000,85568,Diesel,Dealer,Manual,1.0,18.5,1399 ,68,5.0,11
2926,660000,10000,Petrol,Individual,Automatic,1.0,21.4,1197 ,83.1,5.0,2
2927,220000,10000,Petrol,Individual,Manual,1.0,20.3,998 ,68.05,5.0,7
2928,150000,60000,Petrol,Individual,Manual,4.0,17.92,1086 ,62.1,5.0,14
2929,484999,80000,Diesel,Individual,Manual,2.0,13.5,2179 ,115,5.0,10
2930,509999,10000,Petrol,Individual,Manual,1.0,21.21,1197 ,81.80,5.0,2
2931,515000,60000,Diesel,Individual,Manual,1.0,15.96,2523 ,62.1,7.0,7
2932,1250000,42000,Petrol,Individual,Automatic,1.0,11.9,1595 ,120.7,5.0,7
2933,350000,50000,Diesel,Individual,Manual,4.0,18.2,1248 ,73.8,8.0,7
2934,375000,11500,Petrol,Individual,Manual,1.0,23.95,998 ,67.05,5.0,3
2935,950000,15000,Diesel,Individual,Manual,1.0,22.1,1396 ,88.7,5.0,2
2936,615000,32000,Diesel,Individual,Manual,1.0,26.59,1248 ,74,5.0,6
2937,275000,50000,Petrol,Individual,Manual,1.0,18.6,1197 ,85.8,5.0,10
2938,7200000,5000,Diesel,Individual,Automatic,1.0,13.38,2993 ,265,7.0,1
2939,400000,10000,Petrol,Individual,Manual,1.0,15.37,1196 ,73,5.0,4
2940,930000,15000,Diesel,Individual,Manual,1.0,25.1,1248 ,88.5,5.0,2
2941,310000,100000,Petrol,Individual,Manual,1.0,19.1,1197 ,85.8,5.0,9
2943,1670000,25000,Diesel,Individual,Manual,2.0,13.68,2393 ,147.8,7.0,5
2944,356000,70000,Diesel,Individual,Manual,2.0,23.4,1248 ,74,5.0,8
2945,500000,32000,Petrol,Individual,Manual,1.0,16.8,1497 ,116.3,5.0,8
2946,409999,35000,Petrol,Individual,Manual,2.0,23.84,1199 ,84,5.0,3
2947,980000,50000,Diesel,Individual,Manual,1.0,24.3,1248 ,88.5,5.0,2
2948,150000,100000,Diesel,Individual,Manual,2.0,13.6,2523 ,63,7.0,16
2949,750000,3100,Petrol,Individual,Automatic,1.0,18.2,1199 ,88.7,5.0,2
2950,500000,60000,Petrol,Individual,Automatic,1.0,13.7,1798 ,157.75,5.0,8
2951,355000,170000,Diesel,Individual,Manual,1.0,22.9,1248 ,74,5.0,8
2952,200000,50000,Diesel,Individual,Manual,2.0,17.0,1405 ,71,5.0,10
2953,370000,120000,Diesel,Individual,Manual,2.0,12.8,2494 ,102,8.0,13
2954,450000,20000,Petrol,Individual,Manual,1.0,19.1,1197 ,82,5.0,6
2955,486000,10000,Petrol,Individual,Manual,1.0,18.9,1197 ,82,5.0,6
2956,242000,120000,Diesel,Individual,Manual,1.0,21.5,1248 ,88.8,5.0,10
2957,580000,25000,Petrol,Individual,Manual,1.0,18.9,1197 ,81.86,5.0,3
2958,500000,130000,Diesel,Individual,Manual,2.0,22.77,1498 ,98.59,5.0,7
2960,300000,40000,Diesel,Individual,Manual,1.0,17.21,1493 ,100,7.0,8
2961,710000,60000,Diesel,Individual,Manual,1.0,18.06,2523 ,63,7.0,5
2962,220000,70000,Diesel,Individual,Manual,3.0,20.86,1199 ,75,5.0,9
2963,654000,1000,Petrol,Individual,Automatic,1.0,21.21,1197 ,81.80,5.0,1
2964,835000,10000,Petrol,Individual,Automatic,1.0,14.84,1598 ,103.2,5.0,2
2965,250000,47000,Petrol,Individual,Manual,1.0,15.3,1596 ,101,5.0,11
2966,600000,18000,Petrol,Individual,Manual,1.0,21.21,1197 ,81.80,5.0,2
2967,459999,60000,Petrol,Individual,Manual,1.0,20.85,1197 ,83.14,5.0,5
2968,275000,20000,Petrol,Individual,Manual,1.0,23.01,999 ,67,5.0,3
2969,408000,60000,Petrol,Individual,Manual,1.0,18.16,1196 ,86.8,5.0,4
2970,1200000,25000,Diesel,Individual,Manual,1.0,15.1,2179 ,152.87,7.0,3
2971,375000,52000,Petrol,Individual,Manual,1.0,19.1,1197 ,81.86,5.0,7
2972,94500,44000,Petrol,Individual,Manual,1.0,19.7,796 ,46.3,5.0,15
2973,300000,17000,Petrol,Individual,Manual,1.0,16.47,1198 ,73.9,5.0,10
2974,350000,35000,Petrol,Individual,Manual,1.0,17.0,1497 ,118,5.0,12
2975,975000,120000,Diesel,Individual,Manual,3.0,11.5,2982 ,171,7.0,10
2976,600000,100000,Petrol,Individual,Manual,1.0,18.6,1197 ,81.83,5.0,6
2977,700000,300000,Diesel,Individual,Manual,2.0,12.99,2494 ,100.6,7.0,7
2978,640000,90000,Diesel,Individual,Manual,1.0,16.5,1493 ,70,7.0,4
2979,1110000,186000,Diesel,Individual,Manual,1.0,19.67,1582 ,126.2,5.0,4
2980,570000,79000,Diesel,Individual,Manual,2.0,20.77,1248 ,88.76,7.0,7
2981,451999,120000,Diesel,Individual,Manual,1.0,12.8,2494 ,102,7.0,11
2982,240000,59300,Petrol,Individual,Manual,1.0,25.17,799 ,53.3,5.0,5
2983,680000,120000,Diesel,Individual,Manual,1.0,15.4,2523 ,75,7.0,7
2984,350000,60000,Diesel,Individual,Manual,1.0,22.95,1248 ,74,5.0,6
2985,360000,60000,Petrol,Individual,Manual,3.0,15.04,1598 ,103.6,5.0,9
2986,250000,80000,Petrol,Individual,Manual,2.0,15.6,1196 ,70,5.0,11
2987,550000,11500,Petrol,Individual,Manual,1.0,21.21,1197 ,81.80,5.0,2
2988,180000,56000,Petrol,Individual,Manual,1.0,21.1,814 ,55.2,5.0,9
2989,425000,68000,Diesel,Individual,Manual,1.0,27.3,1498 ,98.6,5.0,5
2990,409999,25000,Petrol,Individual,Manual,1.0,23.84,1199 ,84,5.0,2
2991,438999,25000,Petrol,Individual,Manual,1.0,23.84,1199 ,84,5.0,3
2992,225000,100000,Petrol,Individual,Manual,1.0,19.49,1198 ,67.04,5.0,7
2993,580000,95000,Diesel,Individual,Manual,1.0,15.96,2523 ,63,9.0,4
2994,200000,100000,Petrol,Individual,Manual,1.0,17.5,1298 ,85.8,5.0,13
2996,250000,47000,Diesel,Individual,Manual,1.0,20.3,1248 ,75,5.0,8
2997,170000,175000,Diesel,Individual,Manual,2.0,21.1,1248 ,73.9,5.0,10
2998,300000,60000,Petrol,Individual,Manual,2.0,17.5,1197 ,85.8,5.0,11
2999,160000,300000,Diesel,Individual,Manual,3.0,13.6,2523 ,63,7.0,16
3000,409999,150000,Diesel,Individual,Manual,3.0,23.4,1248 ,74,5.0,7
3001,350000,110000,Diesel,Individual,Manual,3.0,23.0,1396 ,90,5.0,9
3002,310000,25000,Petrol,Individual,Manual,1.0,25.17,799 ,53.3,5.0,2
3003,135000,95000,Petrol,Individual,Manual,3.0,19.7,796 ,46.3,5.0,11
3004,220000,100000,Diesel,Individual,Manual,1.0,21.1,1248 ,73.9,5.0,11
3005,570000,20000,Petrol,Individual,Manual,1.0,18.9,1197 ,81.86,5.0,4
3006,500000,84000,Diesel,Individual,Manual,1.0,23.4,1248 ,74,5.0,7
3007,875000,40000,Diesel,Individual,Manual,1.0,22.54,1396 ,88.73,5.0,5
3008,210000,100000,Diesel,Individual,Manual,1.0,19.1,1405 ,70,5.0,10
3009,210000,120000,Diesel,Individual,Manual,1.0,19.4,1405 ,70,5.0,10
3010,200000,80000,LPG,Individual,Manual,2.0,13.45,1086 ,62.1,5.0,11
3011,175000,175000,Petrol,Individual,Manual,2.0,19.7,796 ,46.3,5.0,10
3012,700000,30000,Petrol,Individual,Manual,1.0,18.6,1197 ,81.83,5.0,4
3013,700000,30000,Petrol,Individual,Manual,1.0,18.6,1197 ,81.83,5.0,4
3014,550000,28000,Petrol,Individual,Automatic,1.0,18.9,1197 ,81.86,5.0,2
3015,420000,20000,Petrol,Individual,Manual,2.0,20.3,1086 ,68,5.0,2
3016,210000,89322,Petrol,Individual,Manual,2.0,17.0,1197 ,80,5.0,12
3017,175000,76000,Diesel,Individual,Manual,1.0,25.44,936 ,57.6,5.0,8
3018,180000,70000,Petrol,Individual,Manual,2.0,19.7,796 ,46.3,5.0,9
3019,118000,110000,Petrol,Individual,Manual,2.0,19.7,796 ,46.3,5.0,14
3020,170000,120000,Diesel,Individual,Manual,2.0,16.8,1493 ,110,5.0,14
3021,120000,110000,Petrol,Individual,Manual,2.0,18.2,1061 ,64,5.0,12
3022,170000,90000,Petrol,Individual,Manual,3.0,19.7,796 ,46.3,5.0,12
3023,700000,60000,Diesel,Individual,Manual,1.0,28.4,1248 ,74,5.0,3
3024,500000,48300,Diesel,Individual,Manual,2.0,15.96,2523 ,62.1,7.0,7
3025,80000,63000,Petrol,Individual,Automatic,3.0,18.9,1061 ,67,5.0,14
3026,105000,110000,Petrol,Individual,Manual,2.0,17.7,1497 ,78,5.0,13
3027,425000,120000,Diesel,Individual,Manual,3.0,26.59,1248 ,74,5.0,5
3028,625000,23511,Petrol,Individual,Manual,1.0,18.6,1197 ,81.83,5.0,4
3029,640000,22512,Petrol,Individual,Manual,1.0,18.6,1197 ,81.83,5.0,4
3030,180000,120000,Petrol,Individual,Manual,1.0,20.36,1197 ,78.9,5.0,11
3031,155000,120000,Diesel,Individual,Manual,1.0,21.1,1248 ,73.9,5.0,12
3032,85000,100000,Petrol,Individual,Manual,3.0,18.9,1061 ,67,5.0,14
3033,250000,70000,Petrol,Individual,Manual,1.0,20.36,1197 ,78.9,5.0,10
3034,1000000,15000,Petrol,Individual,Automatic,1.0,17.01,1591 ,121.3,5.0,4
3035,350000,16500,Petrol,Individual,Manual,1.0,20.63,1198 ,67,5.0,5
3036,740000,50000,Diesel,Individual,Manual,1.0,28.4,1248 ,74.02,5.0,3
3037,300000,19000,Petrol,Individual,Manual,1.0,22.5,999 ,67,5.0,3
3038,550000,50000,Diesel,Individual,Manual,1.0,21.66,1498 ,108.62,5.0,4
3039,710000,70000,Diesel,Individual,Manual,1.0,15.96,2523 ,62.1,7.0,4
3040,700000,70000,Diesel,Individual,Manual,1.0,15.96,2523 ,62.1,7.0,4
3041,550000,120000,Diesel,Individual,Manual,1.0,15.96,2523 ,62.1,7.0,5
3042,375000,60000,LPG,Individual,Manual,1.0,19.2,1086 ,68.05,5.0,6
3043,600000,60000,Diesel,Individual,Manual,1.0,13.93,2179 ,138.03,7.0,6
3044,380000,76000,Diesel,Individual,Manual,2.0,22.9,1248 ,74,5.0,8
3045,300000,70000,Diesel,Individual,Manual,1.0,23.2,1248 ,73.94,5.0,9
3046,45000,80000,Petrol,Individual,Manual,4.0,16.1,796 ,37,4.0,23
3047,450000,210000,Diesel,Individual,Manual,2.0,12.8,2494 ,102,8.0,11
3048,475000,128000,Diesel,Individual,Manual,3.0,15.96,2523 ,63,9.0,6
3049,650000,5000,Petrol,Individual,Manual,1.0,20.0,999 ,72,7.0,2
3050,200000,70000,LPG,Individual,Manual,1.0,26.2,998 ,58.2,5.0,10
3051,350000,85000,Diesel,Individual,Manual,1.0,22.9,1248 ,74,5.0,8
3052,911999,25000,Diesel,Individual,Automatic,1.0,24.3,1248 ,88.5,5.0,3
3053,650000,15000,Petrol,Individual,Manual,1.0,21.21,1197 ,81.80,5.0,3
3054,350000,30000,Petrol,Individual,Manual,1.0,17.5,1298 ,85.8,5.0,9
3055,190000,80000,Petrol,Individual,Manual,2.0,16.8,796 ,34.2,8.0,5
3056,1200000,40000,Diesel,Individual,Manual,1.0,22.0,1582 ,126.2,5.0,2
3057,305000,160000,Diesel,Individual,Manual,1.0,15.96,2523 ,62.1,7.0,8
3058,850000,108000,Diesel,Individual,Manual,1.0,19.67,1582 ,126.2,5.0,6
3059,350000,120000,Diesel,Individual,Manual,2.0,15.0,1896 ,105,5.0,10
3060,180000,55000,Petrol,Individual,Manual,4.0,17.92,1086 ,62.1,5.0,11
3061,200000,110000,Diesel,Individual,Manual,1.0,13.93,2179 ,138.1,7.0,13
3063,229999,110000,Petrol,Individual,Manual,1.0,19.4,1198 ,86.8,5.0,9
3064,135000,62900,Petrol,Individual,Manual,1.0,18.9,998 ,67.1,5.0,15
3065,425000,120000,Diesel,Individual,Manual,2.0,19.33,1968 ,138.1,5.0,10
3066,1350000,70000,Diesel,Individual,Manual,1.0,16.0,2179 ,140,7.0,5
3067,480000,70000,Diesel,Individual,Manual,3.0,10.9,2499 ,143,7.0,12
3068,455000,60000,Diesel,Individual,Manual,1.0,28.4,1248 ,74.02,5.0,4
3069,320000,60000,Petrol,Individual,Manual,1.0,20.51,998 ,67.04,5.0,6
3070,693000,4000,Petrol,Individual,Manual,1.0,18.6,1197 ,81.86,5.0,2
3071,830000,35000,Diesel,Individual,Manual,1.0,24.3,1248 ,88.5,5.0,4
3072,470000,13500,Petrol,Individual,Manual,1.0,18.9,1197 ,82,5.0,5
3073,1100000,26000,Petrol,Individual,Automatic,1.0,18.0,1497 ,117.3,5.0,4
3074,325000,50000,Diesel,Individual,Manual,1.0,23.0,1248 ,88.7,5.0,5
3075,215000,50000,Petrol,Individual,Manual,1.0,21.1,814 ,55.2,5.0,7
3076,560000,25000,Petrol,Individual,Manual,1.0,22.0,1197 ,81.80,5.0,3
3077,400000,30000,Petrol,Individual,Automatic,2.0,23.1,998 ,67.04,5.0,4
3078,2625000,9000,Diesel,Dealer,Automatic,1.0,13.6,1999 ,177,5.0,4
3079,5150000,20000,Petrol,Dealer,Automatic,1.0,22.37,2487 ,214.56,5.0,2
3080,3200000,45000,Diesel,Dealer,Automatic,1.0,19.33,1999 ,177,5.0,4
3081,503000,110000,Diesel,Individual,Manual,1.0,14.1,2179 ,147.94,7.0,6
3082,3800000,20000,Diesel,Individual,Automatic,1.0,18.0,1969 ,190,5.0,2
3083,2000000,68089,Petrol,Trustmark Dealer,Automatic,1.0,19.16,2494 ,157.7,5.0,5
3084,225000,58343,Petrol,Trustmark Dealer,Manual,1.0,21.79,998 ,67.05,5.0,8
3085,740000,38817,Diesel,Dealer,Manual,1.0,27.39,1248 ,74,5.0,3
3086,550000,56494,Petrol,Trustmark Dealer,Manual,1.0,18.2,1199 ,88.7,5.0,5
3087,750000,79328,Diesel,Trustmark Dealer,Manual,2.0,12.99,2494 ,100.6,7.0,8
3088,650000,5621,Petrol,Trustmark Dealer,Automatic,1.0,22.0,1197 ,81.80,5.0,2
3089,625000,25538,Petrol,Trustmark Dealer,Manual,1.0,16.78,1496 ,88.73,5.0,4
3090,600000,69779,Petrol,Dealer,Automatic,1.0,22.0,1197 ,81.80,5.0,3
3091,450000,56290,Diesel,Dealer,Manual,1.0,24.0,1186 ,73.97,5.0,4
3092,5400000,7500,Diesel,Dealer,Automatic,1.0,16.78,1995 ,190,5.0,2
3093,5500000,8500,Diesel,Dealer,Automatic,1.0,16.78,1995 ,190,5.0,2
3094,779000,7032,Petrol,Trustmark Dealer,Automatic,1.0,19.0,1199 ,88.76,5.0,2
3095,645000,11000,Petrol,Dealer,Automatic,1.0,14.3,1598 ,103.5,5.0,5
3096,2475000,2000,Diesel,Dealer,Automatic,1.0,16.8,1984 ,150,5.0,3
3098,725000,45000,Diesel,Individual,Manual,1.0,23.0,1498 ,98.96,5.0,4
3099,225000,58343,Petrol,Trustmark Dealer,Manual,1.0,21.79,998 ,67.05,5.0,8
3100,740000,38817,Diesel,Dealer,Manual,1.0,27.39,1248 ,74,5.0,3
3101,650000,5621,Petrol,Trustmark Dealer,Automatic,1.0,22.0,1197 ,81.80,5.0,2
3102,625000,25538,Petrol,Trustmark Dealer,Manual,1.0,16.78,1496 ,88.73,5.0,4
3103,600000,69779,Petrol,Dealer,Automatic,1.0,22.0,1197 ,81.80,5.0,3
3104,450000,56290,Diesel,Dealer,Manual,1.0,24.0,1186 ,73.97,5.0,4
3105,325000,52442,Petrol,Trustmark Dealer,Manual,2.0,18.5,1198 ,86.8,5.0,7
3106,229999,39000,Petrol,Dealer,Manual,1.0,20.36,1197 ,78.9,5.0,8
3107,400000,42000,Petrol,Dealer,Automatic,1.0,11.74,1796 ,186,5.0,14
3108,449000,34156,Petrol,Dealer,Manual,1.0,16.47,1198 ,74,5.0,6
3109,455000,34152,Petrol,Dealer,Manual,1.0,18.9,1197 ,81.86,5.0,4
3110,1750000,37000,Diesel,Dealer,Automatic,1.0,18.25,1968 ,187.74,5.0,6
3111,1390000,98000,Diesel,Dealer,Automatic,1.0,11.36,2755 ,171.5,7.0,4
3112,1150000,31000,Petrol,Dealer,Manual,1.0,15.8,1591 ,121.3,5.0,2
3113,650000,62841,Petrol,Trustmark Dealer,Manual,1.0,18.6,1197 ,81.83,5.0,3
3114,950000,38600,Diesel,Dealer,Manual,1.0,19.67,1582 ,126.2,5.0,5
3115,698000,27654,Diesel,Dealer,Automatic,1.0,28.4,1248 ,74.02,5.0,3
3116,975000,48698,Diesel,Dealer,Manual,1.0,19.67,1582 ,126.2,5.0,4
3117,445000,32995,Petrol,Dealer,Automatic,1.0,20.52,1197 ,81.80,5.0,3
3118,539000,60000,Diesel,Individual,Manual,1.0,22.95,1248 ,74,5.0,3
3119,350000,110000,Diesel,Individual,Manual,4.0,17.8,1248 ,75,5.0,11
3120,550000,260000,Diesel,Individual,Manual,4.0,12.05,2179 ,120,8.0,10
3121,550000,130000,Diesel,Individual,Manual,2.0,20.45,1461 ,83.8,5.0,6
3122,330000,120000,Diesel,Individual,Manual,1.0,22.07,1199 ,73.9,5.0,10
3123,220000,80000,Petrol,Individual,Manual,3.0,21.1,814 ,55.2,5.0,7
3124,415000,60000,Petrol,Individual,Manual,2.0,18.5,1197 ,85.80,5.0,8
3125,150000,75000,Petrol,Individual,Manual,1.0,19.7,796 ,46.3,5.0,14
3126,150000,89000,Petrol,Individual,Manual,2.0,15.3,1341 ,83,5.0,16
3127,240000,110000,Diesel,Individual,Manual,1.0,18.1,1493 ,110,5.0,14
3128,170000,90000,Petrol,Individual,Manual,2.0,19.7,796 ,46.3,5.0,12
3129,550000,40000,Diesel,Individual,Manual,3.0,28.09,1248 ,88.5,5.0,6
3130,500000,26000,Petrol,Individual,Automatic,1.0,19.34,1198 ,76,5.0,4
3131,180000,120000,Diesel,Individual,Manual,2.0,13.0,2489 ,95,8.0,10
3132,360000,29000,Petrol,Individual,Manual,1.0,18.15,1198 ,82,6.0,4
3133,400000,120000,Petrol,Individual,Manual,1.0,19.1,1197 ,85.8,5.0,7
3134,120000,70000,Petrol,Individual,Manual,2.0,13.2,1495 ,94,5.0,12
3135,765000,100000,Diesel,Individual,Manual,2.0,24.3,1248 ,88.5,5.0,5
3136,919999,90150,Diesel,Individual,Manual,1.0,24.3,1248 ,88.5,5.0,5
3137,730000,90000,Diesel,Individual,Manual,1.0,23.59,1364 ,67.05,5.0,3
3138,320000,120000,Diesel,Individual,Manual,1.0,22.95,1248 ,74,5.0,5
3139,455000,90000,Diesel,Individual,Manual,2.0,25.8,1498 ,98.6,5.0,6
3140,350000,50000,Petrol,Individual,Manual,1.0,20.63,1198 ,67,5.0,6
3141,509999,110000,Diesel,Individual,Manual,1.0,18.49,1493 ,100,7.0,5
3142,175000,85700,Diesel,Individual,Manual,2.0,17.0,1405 ,70,5.0,10
3143,325000,178000,Diesel,Individual,Manual,1.0,15.96,2523 ,63,9.0,8
3144,120000,70000,Petrol,Individual,Manual,2.0,15.2,1193 ,65,5.0,10
3145,300000,30000,Petrol,Individual,Manual,2.0,20.36,1197 ,78.9,5.0,7
3146,500000,100000,Diesel,Individual,Manual,1.0,26.0,1498 ,98.6,5.0,6
3147,562000,25339,Petrol,Individual,Manual,1.0,21.4,1197 ,83.1,5.0,5
3148,250000,10000,Petrol,Individual,Manual,1.0,21.1,814 ,55.2,5.0,7
3149,484999,35000,Diesel,Individual,Manual,1.0,20.65,1248 ,88.7,5.0,4
3150,280000,35000,Petrol,Individual,Manual,2.0,20.36,1197 ,78.9,5.0,8
3151,571000,68000,Diesel,Individual,Manual,2.0,20.77,1248 ,88.76,7.0,6
3152,400000,40000,Petrol,Individual,Manual,1.0,18.6,1197 ,85.8,5.0,8
3153,295000,120000,Diesel,Individual,Manual,2.0,19.09,1405 ,69.01,5.0,6
3155,250000,25000,Petrol,Individual,Manual,1.0,15.6,1196 ,70,5.0,10
3156,610000,40000,Diesel,Individual,Manual,2.0,15.96,2523 ,62.1,7.0,6
3157,175000,60000,Diesel,Individual,Manual,1.0,22.3,1248 ,74,5.0,9
3158,204999,70000,Diesel,Individual,Manual,2.0,20.0,1399 ,68,5.0,10
3159,750000,80000,Diesel,Individual,Manual,2.0,15.1,2179 ,140,7.0,8
3160,651000,42323,Diesel,Dealer,Manual,1.0,21.19,1396 ,88.76,5.0,5
3161,1075000,42545,Diesel,Dealer,Automatic,1.0,19.62,1998 ,190,5.0,10
3162,690000,32000,Diesel,Dealer,Manual,1.0,25.1,1248 ,88.5,5.0,5
3163,589000,41232,Diesel,Dealer,Manual,1.0,26.59,1248 ,74,5.0,4
3164,445000,40200,Diesel,Dealer,Manual,1.0,21.0,1498 ,74.96,7.0,6
3165,475000,48000,Diesel,Dealer,Manual,2.0,21.7,1498 ,98.96,5.0,8
3166,465000,27233,Diesel,Dealer,Manual,1.0,27.4,1498 ,98.63,5.0,7
3167,225000,35000,Petrol,Individual,Manual,1.0,15.0,1368 ,90,5.0,10
3168,310000,200000,Diesel,Individual,Manual,2.0,12.8,2494 ,102,8.0,16
3169,445000,63000,Diesel,Dealer,Manual,1.0,15.3,2956 ,83.8,9.0,5
3170,445000,62000,Diesel,Dealer,Manual,1.0,21.0,1498 ,74.96,7.0,6
3171,450000,68240,Diesel,Dealer,Manual,1.0,13.93,2956 ,138.1,7.0,9
3172,450000,78000,Diesel,Dealer,Manual,1.0,15.4,1997 ,120,7.0,13
3174,200000,35000,Petrol,Dealer,Manual,1.0,18.9,998 ,67.1,5.0,11
3175,611000,9000,Petrol,Dealer,Manual,1.0,19.1,1197 ,85.8,5.0,3
3176,819999,39000,Diesel,Dealer,Manual,1.0,19.67,1582 ,126.2,5.0,5
3177,825000,39000,Diesel,Dealer,Manual,1.0,21.38,1396 ,88.7,5.0,5
3178,599000,92651,Diesel,Dealer,Manual,1.0,21.7,1498 ,98.96,5.0,6
3179,490000,28000,Petrol,Dealer,Manual,1.0,16.1,1197 ,85,5.0,3
3180,500000,40000,Petrol,Individual,Manual,1.0,17.57,1193 ,88.7,5.0,1
3181,500000,40000,Petrol,Individual,Manual,1.0,17.57,1193 ,88.7,5.0,1
3182,1100000,88754,Diesel,Dealer,Manual,1.0,16.0,2179 ,140,7.0,4
3183,675000,7000,Petrol,Individual,Manual,1.0,19.4,1194 ,94.93,5.0,2
3184,1350000,40000,Diesel,Individual,Manual,1.0,16.0,2179 ,138,7.0,3
3185,570000,20000,Petrol,Individual,Manual,1.0,18.9,1197 ,81.86,5.0,3
3186,455000,50000,Diesel,Individual,Manual,1.0,24.0,1186 ,73.97,5.0,4
3187,165000,45000,Petrol,Individual,Manual,2.0,21.1,814 ,55.2,5.0,8
3188,925000,22000,Petrol,Individual,Manual,1.0,17.8,1497 ,117.3,5.0,5
3189,215000,100000,Diesel,Individual,Manual,2.0,25.0,1396 ,69.01,5.0,7
3190,470000,23700,Petrol,Individual,Manual,1.0,20.4,1197 ,81.80,5.0,5
3191,470000,23700,Petrol,Individual,Manual,1.0,20.4,1197 ,81.80,5.0,5
3192,650000,60000,Diesel,Individual,Manual,1.0,28.09,1248 ,88.5,5.0,4
3193,900000,50000,Diesel,Individual,Manual,1.0,20.37,1461 ,108.45,5.0,4
3195,190000,100000,Diesel,Individual,Manual,2.0,17.8,1399 ,67,5.0,12
3196,715000,60000,Diesel,Individual,Manual,1.0,21.19,1396 ,88.73,5.0,4
3197,227999,60000,Diesel,Individual,Manual,2.0,25.0,1396 ,69.01,5.0,8
3198,450000,50000,Diesel,Individual,Manual,1.0,22.95,1248 ,74,5.0,4
3199,200000,40000,Diesel,Individual,Manual,1.0,25.44,936 ,56.3,5.0,6
3200,400000,110000,CNG,Individual,Manual,1.0,26.6,998 ,58.16,5.0,4
3201,725000,110000,Diesel,Individual,Manual,1.0,24.52,1248 ,88.5,7.0,5
3202,300000,80000,Diesel,Individual,Manual,1.0,20.0,1399 ,68.05,5.0,7
3203,1151000,69500,Diesel,Individual,Manual,2.0,12.99,2494 ,100.6,8.0,5
3204,225000,33000,Petrol,Individual,Manual,1.0,20.63,1198 ,67,5.0,7
3205,380000,80000,Petrol,Individual,Manual,1.0,19.81,1086 ,68.05,5.0,5
3206,630000,5000,Petrol,Individual,Manual,1.0,18.6,1197 ,81.86,5.0,2
3207,351000,25000,Petrol,Individual,Manual,1.0,20.36,1197 ,78.9,5.0,7
3208,199000,50000,Diesel,Individual,Manual,2.0,20.86,1199 ,75,5.0,9
3209,850000,50000,Diesel,Individual,Manual,1.0,17.6,2179 ,147.94,7.0,4
3210,105000,120000,Diesel,Individual,Manual,2.0,18.0,1248 ,75,5.0,11
3211,300000,120000,Diesel,Individual,Manual,3.0,18.8,1248 ,90,5.0,11
3212,950000,80000,Diesel,Individual,Manual,1.0,12.99,2494 ,100.6,7.0,5
3213,430000,110000,Diesel,Individual,Manual,2.0,18.49,1493 ,100,7.0,6
3214,2100000,80000,Diesel,Individual,Automatic,1.0,10.91,3198 ,197,7.0,5
3215,540000,30000,Diesel,Individual,Manual,1.0,24.0,1186 ,73.97,5.0,3
3216,175000,60000,LPG,Individual,Manual,2.0,17.8,1086 ,63,5.0,9
3217,1150000,44000,Diesel,Individual,Automatic,1.0,17.01,1582 ,126.2,5.0,3
3218,350000,5000,Petrol,Individual,Manual,1.0,22.05,796 ,47.3,5.0,1
3219,690000,18000,Petrol,Individual,Manual,1.0,18.6,1197 ,81.86,5.0,2
3220,535000,80000,Diesel,Individual,Manual,1.0,22.54,1396 ,88.73,5.0,6
3221,730000,100000,Diesel,Individual,Manual,1.0,24.3,1248 ,88.5,5.0,5
3222,280000,19000,Petrol,Individual,Manual,1.0,21.1,814 ,55.2,5.0,5
3223,650000,33000,Petrol,Individual,Automatic,1.0,21.21,1197 ,81.80,5.0,2
3224,520000,162000,Diesel,Individual,Manual,4.0,12.8,2494 ,102,7.0,9
3225,360000,65000,Petrol,Individual,Manual,2.0,20.14,1197 ,81.86,5.0,1
3226,250000,170000,Diesel,Individual,Manual,1.0,19.3,1248 ,73.9,5.0,10
3227,575000,40000,Diesel,Individual,Manual,1.0,21.66,1498 ,108.62,5.0,4
3228,170000,120000,Diesel,Individual,Manual,3.0,19.09,1396 ,69,5.0,9
3229,711000,53000,Diesel,Individual,Manual,1.0,24.3,1248 ,88.5,5.0,4
3230,250000,90000,Petrol,Individual,Manual,1.0,18.9,998 ,67.1,5.0,8
3231,675000,35000,Diesel,Individual,Manual,1.0,26.59,1248 ,74,5.0,4
3232,325000,50000,Petrol,Individual,Manual,1.0,20.51,998 ,67.04,5.0,5
3233,250000,20000,Petrol,Individual,Manual,1.0,22.74,796 ,47.3,5.0,5
3234,740000,38000,Diesel,Individual,Automatic,1.0,28.4,1248 ,74,5.0,2
3235,690000,1303,Petrol,Dealer,Manual,1.0,17.8,1198 ,86.7,5.0,2
3236,3975000,31800,Diesel,Dealer,Automatic,1.0,17.01,1968 ,188,5.0,3
3237,5150000,20000,Petrol,Dealer,Automatic,1.0,22.37,2487 ,214.56,5.0,2
3238,3200000,45000,Diesel,Dealer,Automatic,1.0,19.33,1999 ,177,5.0,4
3239,4100000,17000,Petrol,Individual,Automatic,1.0,9.5,3604 ,280,5.0,4
3240,4500000,21000,Diesel,Dealer,Automatic,1.0,12.83,1999 ,148.31,7.0,2
3241,3790000,29500,Diesel,Dealer,Automatic,1.0,22.48,1995 ,187.74,5.0,3
3242,1750000,73000,Petrol,Dealer,Automatic,1.0,12.0,2354 ,187.4,5.0,4
3243,1864999,50000,Petrol,Dealer,Automatic,1.0,14.67,1798 ,177.46,5.0,3
3244,800000,28050,Diesel,Dealer,Manual,1.0,28.09,1248 ,88.5,5.0,4
3245,1825000,58000,Petrol,Dealer,Automatic,1.0,12.0,2354 ,187.4,5.0,4
3246,1295000,58000,Diesel,Dealer,Automatic,1.0,17.6,2179 ,153.86,7.0,4
3247,425000,69000,Diesel,Dealer,Manual,1.0,19.87,1461 ,83.8,5.0,7
3248,4090000,70000,Diesel,Dealer,Automatic,1.0,12.0,2987 ,224,7.0,5
3249,910000,40000,Diesel,Dealer,Automatic,1.0,17.6,1582 ,126.2,5.0,6
3250,625000,39000,Petrol,Dealer,Automatic,1.0,14.28,1798 ,138.03,5.0,8
3251,3400000,22000,Diesel,Dealer,Automatic,1.0,18.0,1969 ,190,5.0,3
3252,535000,40000,Diesel,Dealer,Manual,1.0,26.21,1248 ,88.5,5.0,6
3253,325000,142000,Diesel,Individual,Manual,1.0,15.96,2523 ,62.1,7.0,10
3254,500000,22947,Petrol,Individual,Manual,1.0,20.4,1197 ,81.80,5.0,5
3255,300000,30000,Petrol,Individual,Manual,2.0,20.36,1197 ,78.9,5.0,8
3256,270000,7672,Petrol,Individual,Manual,1.0,21.1,814 ,55.2,5.0,5
3257,160000,36659,Petrol,Individual,Manual,1.0,19.7,796 ,46.3,5.0,11
3258,210000,60000,Petrol,Individual,Manual,1.0,16.8,796 ,34.2,8.0,5
3259,850000,120000,Diesel,Individual,Manual,1.0,15.1,2179 ,140,7.0,7
3260,880000,120000,Diesel,Individual,Manual,1.0,15.1,2179 ,140,7.0,7
3261,150000,39000,Petrol,Individual,Manual,1.0,16.9,1061 ,64.9,5.0,11
3262,775000,45000,Diesel,Individual,Automatic,1.0,18.49,1493 ,100,7.0,6
3263,160000,70000,Petrol,Individual,Manual,3.0,19.7,796 ,46.3,5.0,12
3264,220000,100000,Diesel,Individual,Manual,2.0,20.0,1399 ,68,5.0,9
3265,670000,48000,Diesel,Individual,Manual,1.0,22.54,1396 ,88.73,5.0,4
3266,780000,35000,Diesel,Individual,Manual,1.0,22.54,1396 ,88.73,5.0,3
3267,515000,23000,Petrol,Individual,Manual,1.0,21.4,1197 ,83.1,5.0,4
3268,800000,14000,Diesel,Individual,Manual,1.0,22.54,1396 ,88.73,5.0,4
3269,800000,14000,Diesel,Individual,Manual,1.0,22.54,1396 ,88.73,5.0,4
3270,850000,60000,Diesel,Individual,Manual,1.0,15.1,2179 ,140,7.0,7
3271,200000,60000,Petrol,Individual,Manual,2.0,21.1,814 ,55.2,5.0,8
3272,140000,150000,Diesel,Individual,Manual,3.0,19.4,1422 ,70,5.0,13
3273,800000,80000,Petrol,Individual,Automatic,2.0,17.01,1591 ,121.3,5.0,5
3274,250000,35000,Petrol,Individual,Manual,1.0,20.92,998 ,67.1,5.0,8
3275,800000,44500,Diesel,Individual,Manual,1.0,25.1,1248 ,88.5,5.0,4
3276,600000,60000,Diesel,Individual,Manual,3.0,26.21,1248 ,88.5,5.0,6
3277,250000,120000,Diesel,Individual,Manual,3.0,21.8,1461 ,78,5.0,9
3278,500000,80000,Diesel,Individual,Manual,2.0,25.8,1498 ,98.6,5.0,5
3279,750000,9900,Petrol,Individual,Manual,1.0,11.96,1298 ,80,8.0,2
3280,650000,68000,Diesel,Individual,Manual,1.0,22.9,1248 ,74,5.0,7
3282,950000,60000,Diesel,Individual,Manual,1.0,21.9,1498 ,98.6,7.0,5
3283,580000,110000,Diesel,Individual,Manual,2.0,13.58,2499 ,72.4,10.0,6
3284,640000,10000,Petrol,Individual,Manual,1.0,18.9,1197 ,81.86,5.0,2
3285,800000,80000,Diesel,Individual,Automatic,1.0,11.79,2179 ,120,8.0,7
3286,347000,30000,Petrol,Individual,Manual,1.0,19.0,998 ,66.1,5.0,10
3287,1000000,120000,Diesel,Individual,Manual,3.0,15.1,2179 ,140,7.0,7
3288,300000,35000,Petrol,Individual,Manual,1.0,21.1,814 ,55.2,5.0,5
3289,493000,40000,Petrol,Individual,Manual,1.0,20.3,1199 ,84,5.0,4
3290,370000,60000,Petrol,Individual,Manual,1.0,18.9,1197 ,82,5.0,7
3291,250000,90000,Diesel,Individual,Manual,4.0,19.3,1248 ,73.9,5.0,13
3292,300000,20000,Petrol,Individual,Manual,1.0,22.5,999 ,67,5.0,4
3293,450000,40000,Petrol,Individual,Automatic,1.0,24.04,999 ,67,5.0,4
3294,185000,124316,Diesel,Dealer,Manual,2.0,20.0,1399 ,68,5.0,11
3295,1225000,6544,Diesel,Individual,Manual,1.0,20.0,1497 ,115,5.0,2
3296,1000000,50000,Diesel,Individual,Manual,1.0,12.99,2494 ,100.6,8.0,6
3297,600000,10000,Petrol,Individual,Manual,1.0,18.6,1197 ,81.83,5.0,5
3298,1100000,50000,Diesel,Individual,Manual,1.0,15.1,2179 ,152.87,7.0,3
3299,360000,30000,Petrol,Individual,Manual,2.0,18.9,1197 ,81.86,5.0,6
3300,285000,69000,Petrol,Individual,Manual,1.0,17.5,1298 ,85.8,5.0,9
3301,350000,49600,Diesel,Individual,Manual,2.0,25.32,1198 ,77,6.0,5
3302,130000,30000,Petrol,Individual,Manual,2.0,19.81,1086 ,68.05,5.0,13
3303,500000,198000,Diesel,Individual,Manual,1.0,18.2,1248 ,73.74,8.0,5
3304,350000,80000,Petrol,Individual,Manual,1.0,17.0,1197 ,80,5.0,11
3305,685000,19000,Petrol,Individual,Automatic,1.0,21.4,1197 ,83.1,5.0,2
3306,399000,5000,CNG,Individual,Manual,1.0,21.94,1196 ,61.7,5.0,1
3307,525000,10000,Petrol,Individual,Manual,1.0,18.9,1197 ,81.86,5.0,4
3308,765000,40000,Petrol,Individual,Manual,1.0,17.5,1373 ,91.1,7.0,4
3309,450000,97000,Diesel,Individual,Manual,3.0,22.9,1248 ,74,5.0,9
3311,390000,30000,Petrol,Individual,Manual,1.0,19.69,1198 ,67.04,5.0,7
3312,940000,120000,Diesel,Individual,Manual,1.0,24.52,1248 ,88.5,7.0,4
3313,650000,120000,Diesel,Individual,Manual,2.0,19.01,1461 ,108.45,5.0,8
3314,320000,103994,Diesel,Individual,Manual,4.0,20.0,1399 ,68,5.0,9
3315,145000,70000,Petrol,Individual,Manual,2.0,13.4,1794 ,125,5.0,18
3316,670000,70000,Diesel,Individual,Manual,1.0,25.83,1498 ,99,5.0,4
3317,350000,115000,Diesel,Individual,Manual,4.0,21.5,1248 ,88.8,5.0,10
3318,285000,178000,Diesel,Individual,Manual,2.0,22.3,1248 ,74,5.0,9
3319,300000,40000,Petrol,Individual,Manual,3.0,19.0,998 ,67.1,5.0,10
3320,300000,80000,Diesel,Individual,Manual,1.0,20.0,1399 ,68,5.0,10
3321,810000,98000,Diesel,Individual,Automatic,4.0,12.07,2967 ,241.4,7.0,12
3322,90000,118000,Diesel,Individual,Manual,2.0,16.8,1405 ,62,5.0,12
3323,100000,100000,Petrol,Individual,Manual,2.0,19.7,796 ,46.3,5.0,17
3324,90000,120000,Diesel,Individual,Manual,2.0,17.88,1396 ,52.8,5.0,12
3325,459999,120000,Diesel,Individual,Manual,2.0,13.5,2609 ,115,5.0,8
3326,525000,217000,Diesel,Individual,Manual,4.0,12.8,2494 ,102,8.0,12
3327,250000,65000,Petrol,Individual,Manual,2.0,18.9,998 ,67.1,5.0,10
3328,300000,41000,Petrol,Individual,Manual,2.0,20.36,1197 ,78.9,5.0,9
3329,130000,120000,Petrol,Individual,Manual,2.0,16.1,1298 ,88.2,5.0,16
3330,199000,70000,Petrol,Individual,Manual,3.0,20.92,998 ,67.1,5.0,10
3331,545000,90000,Diesel,Individual,Manual,2.0,20.46,1461 ,83.8,5.0,9
3332,570000,80000,Diesel,Individual,Manual,2.0,20.77,1248 ,88.8,7.0,7
3333,150000,120000,Petrol,Individual,Manual,2.0,16.9,1497 ,100,5.0,15
3334,114999,100000,Petrol,Individual,Manual,1.0,19.7,796 ,46.3,5.0,12
3335,450000,35000,Petrol,Individual,Manual,1.0,20.3,1199 ,84,5.0,3
3336,600000,5000,Petrol,Individual,Manual,1.0,20.0,999 ,72,7.0,2
3337,610000,110000,Diesel,Individual,Manual,1.0,24.3,1248 ,88.5,5.0,5
3338,690000,20000,Petrol,Individual,Manual,1.0,18.6,1197 ,81.83,5.0,4
3339,790000,15000,Petrol,Individual,Manual,1.0,17.0,1198 ,108.5,5.0,3
3340,254999,40000,Petrol,Individual,Manual,2.0,20.92,998 ,67.1,5.0,7
3341,500000,41000,Petrol,Individual,Manual,1.0,18.7,1199 ,88.7,5.0,5
3342,340000,100000,Diesel,Individual,Manual,2.0,13.6,2523 ,63,7.0,10
3343,245000,110000,Diesel,Individual,Manual,3.0,13.6,2523 ,63,7.0,14
3344,340000,120000,Diesel,Individual,Manual,3.0,17.8,1399 ,67,5.0,9
3345,221000,35008,Petrol,Dealer,Manual,1.0,21.79,998 ,67.05,5.0,13
3346,270000,31100,Petrol,Dealer,Manual,1.0,22.7,799 ,53.64,5.0,4
3347,455000,42312,Diesel,Dealer,Manual,1.0,24.4,1120 ,71,5.0,7
3348,300000,72000,Petrol,Dealer,Manual,1.0,17.6,1496 ,88.7,5.0,10
3349,480000,54891,Diesel,Dealer,Manual,1.0,23.59,1364 ,67.04,5.0,7
3350,1000000,30000,Diesel,Individual,Automatic,1.0,22.0,1582 ,126.2,5.0,3
3351,2600000,44000,Diesel,Dealer,Automatic,1.0,22.69,1995 ,190,5.0,4
3352,1850000,18890,Diesel,Dealer,Automatic,1.0,11.36,2755 ,171.5,7.0,4
3353,1000000,75010,Diesel,Dealer,Automatic,1.0,13.73,1995 ,148,5.0,8
3354,245000,100000,Diesel,Dealer,Manual,1.0,23.08,1461 ,63.1,5.0,9
3355,625000,4337,Petrol,Dealer,Automatic,1.0,18.9,1197 ,82,5.0,2
3356,560000,14495,Petrol,Dealer,Manual,1.0,18.78,999 ,75,5.0,3
3357,1475000,24000,Diesel,Dealer,Manual,1.0,15.1,2179 ,152.87,7.0,3
3358,425000,83585,Diesel,Dealer,Manual,1.0,21.43,1364 ,87.2,5.0,11
3359,550000,31000,Petrol,Dealer,Automatic,2.0,17.21,1197 ,103.6,5.0,7
3360,1475000,100000,Diesel,Dealer,Manual,1.0,13.68,2393 ,147.8,7.0,5
3361,750000,48406,Diesel,Dealer,Manual,1.0,19.87,1461 ,83.8,5.0,4
3362,570000,56239,Diesel,Dealer,Manual,1.0,22.54,1396 ,88.73,5.0,5
3363,585000,33243,Petrol,Dealer,Manual,1.0,21.4,1197 ,83.1,5.0,6
3364,600000,26000,Petrol,Dealer,Automatic,1.0,19.0,1199 ,88.7,5.0,5
3366,530000,120000,Petrol,Individual,Manual,2.0,17.19,1197 ,81.86,5.0,5
3367,540000,38000,Petrol,Individual,Manual,1.0,18.6,1197 ,81.83,5.0,5
3368,180000,60000,Petrol,Individual,Manual,1.0,21.1,814 ,55.2,5.0,8
3369,450000,30000,Petrol,Individual,Manual,1.0,19.1,1197 ,85.8,5.0,7
3370,200000,50000,Petrol,Individual,Manual,1.0,18.6,1199 ,76.8,5.0,6
3371,425000,42000,Petrol,Individual,Manual,1.0,23.84,1199 ,84,5.0,4
3372,400000,30000,Petrol,Individual,Manual,1.0,18.2,1199 ,82.4,5.0,5
3373,150000,15858,Petrol,Individual,Manual,1.0,13.8,1299 ,70,5.0,16
3374,310000,15000,Petrol,Individual,Manual,1.0,24.7,796 ,47.3,5.0,4
3375,500000,50000,Diesel,Individual,Manual,1.0,13.58,2499 ,72.4,9.0,7
3376,200000,60000,Diesel,Individual,Manual,2.0,25.44,936 ,57.6,5.0,8
3377,900000,35000,Diesel,Individual,Manual,1.0,21.04,1461 ,83.8,7.0,3
3378,75000,90000,Diesel,Individual,Manual,2.0,12.8,1489 ,35.5,5.0,21
3379,400000,50000,Petrol,Individual,Manual,1.0,20.4,1197 ,83.11,5.0,6
3380,650000,110000,Diesel,Individual,Manual,1.0,24.5,1498 ,98.6,7.0,6
3381,480000,87847,Diesel,Dealer,Manual,1.0,28.4,1248 ,74,5.0,6
3382,140000,35000,Petrol,Individual,Manual,1.0,19.7,796 ,46.3,5.0,12
3383,550000,5000,Petrol,Individual,Manual,1.0,22.0,1197 ,81.80,5.0,3
3384,380000,29000,Petrol,Individual,Automatic,1.0,20.51,998 ,67,5.0,4
3385,440000,20000,Diesel,Individual,Manual,1.0,19.09,1405 ,69.01,5.0,5
3386,630000,15000,Petrol,Individual,Manual,1.0,21.21,1197 ,81.80,5.0,3
3387,250000,40000,Petrol,Individual,Manual,1.0,25.17,799 ,53.3,5.0,4
3388,120000,17000,Petrol,Individual,Manual,1.0,19.7,796 ,46.3,5.0,12
3389,287000,120000,Diesel,Individual,Manual,1.0,21.12,1248 ,88.8,5.0,9
3390,550000,45000,Petrol,Individual,Manual,1.0,21.4,1197 ,83.1,5.0,5
3391,950000,60000,Diesel,Individual,Manual,3.0,15.4,1997 ,120,7.0,5
3392,1630000,25000,Diesel,Individual,Manual,1.0,17.0,1956 ,138.1,5.0,2
3393,501000,80000,Diesel,Individual,Manual,2.0,25.01,1498 ,89.75,5.0,6
3394,550000,70000,Diesel,Individual,Manual,1.0,15.96,2523 ,62.1,7.0,7
3395,300000,25000,Petrol,Individual,Manual,1.0,22.74,796 ,47.3,5.0,5
3396,300000,50000,Petrol,Individual,Manual,3.0,20.51,998 ,67.04,5.0,6
3398,416000,40000,Petrol,Individual,Automatic,1.0,17.01,1499 ,110.4,5.0,6
3399,260000,30000,Petrol,Individual,Manual,1.0,16.8,796 ,34.2,8.0,3
3400,550000,15000,Petrol,Individual,Manual,1.0,18.2,1199 ,82.4,5.0,5
3401,700000,100000,Diesel,Individual,Manual,2.0,15.1,2179 ,140,7.0,9
3402,181000,70000,Petrol,Individual,Manual,1.0,15.64,1193 ,64.1,5.0,10
3403,365000,110000,Diesel,Individual,Automatic,2.0,11.79,2179 ,120,8.0,12
3405,400000,10000,Petrol,Individual,Automatic,1.0,23.95,998 ,67.1,5.0,4
3406,210000,110000,Petrol,Individual,Manual,1.0,20.36,1197 ,78.9,5.0,11
3407,500000,87000,Diesel,Individual,Manual,2.0,22.32,1582 ,126.32,5.0,8
3408,2711000,9000,Diesel,Dealer,Automatic,1.0,13.6,1999 ,177,5.0,4
3409,5150000,20000,Petrol,Dealer,Automatic,1.0,22.37,2487 ,214.56,5.0,2
3410,3200000,45000,Diesel,Dealer,Automatic,1.0,19.33,1999 ,177,5.0,4
3411,503000,110000,Diesel,Individual,Manual,1.0,14.1,2179 ,147.94,7.0,6
3412,3800000,20000,Diesel,Individual,Automatic,1.0,18.0,1969 ,190,5.0,2
3413,2000000,68089,Petrol,Trustmark Dealer,Automatic,1.0,19.16,2494 ,157.7,5.0,5
3414,225000,58343,Petrol,Trustmark Dealer,Manual,1.0,21.79,998 ,67.05,5.0,8
3415,740000,38817,Diesel,Dealer,Manual,1.0,27.39,1248 ,74,5.0,3
3416,550000,56494,Petrol,Trustmark Dealer,Manual,1.0,18.2,1199 ,88.7,5.0,5
3417,750000,79328,Diesel,Trustmark Dealer,Manual,2.0,12.99,2494 ,100.6,7.0,8
3418,650000,5621,Petrol,Trustmark Dealer,Automatic,1.0,22.0,1197 ,81.80,5.0,2
3419,625000,25538,Petrol,Trustmark Dealer,Manual,1.0,16.78,1496 ,88.73,5.0,4
3420,600000,69779,Petrol,Dealer,Automatic,1.0,22.0,1197 ,81.80,5.0,3
3421,450000,56290,Diesel,Dealer,Manual,1.0,24.0,1186 ,73.97,5.0,4
3422,5400000,7500,Diesel,Dealer,Automatic,1.0,16.78,1995 ,190,5.0,2
3423,5500000,8500,Diesel,Dealer,Automatic,1.0,16.78,1995 ,190,5.0,2
3424,779000,7032,Petrol,Trustmark Dealer,Automatic,1.0,19.0,1199 ,88.76,5.0,2
3425,645000,11000,Petrol,Dealer,Automatic,1.0,14.3,1598 ,103.5,5.0,5
3426,2475000,2000,Diesel,Dealer,Automatic,1.0,16.8,1984 ,150,5.0,3
3427,735000,70000,Diesel,Individual,Manual,1.0,27.39,1248 ,74,5.0,4
3428,550000,120000,Petrol,Individual,Manual,1.0,17.57,1193 ,88.7,5.0,4
3429,509999,148000,Diesel,Individual,Manual,1.0,20.77,1248 ,88.8,7.0,8
3430,459999,60000,Diesel,Individual,Manual,2.0,21.27,1396 ,88.76,5.0,8
3431,310000,18000,Petrol,Individual,Manual,1.0,22.74,796 ,47.3,5.0,6
3432,775000,80000,Diesel,Individual,Manual,1.0,22.95,1248 ,74,5.0,3
3433,105000,96000,Petrol,Individual,Manual,3.0,19.7,796 ,46.3,5.0,17
3434,430000,97000,Diesel,Individual,Manual,2.0,25.8,1498 ,98.6,5.0,6
3435,360000,210000,Diesel,Individual,Manual,3.0,21.9,1396 ,88.76,5.0,8
3436,400000,60000,Diesel,Individual,Manual,3.0,20.5,1598 ,105,5.0,9
3437,600000,90000,Diesel,Individual,Manual,1.0,23.4,1248 ,74,5.0,7
3438,580000,35000,Petrol,Individual,Manual,1.0,17.5,1199 ,88.7,5.0,2
3439,140000,120000,Diesel,Individual,Manual,2.0,21.03,1461 ,65,5.0,9
3440,210000,100000,Diesel,Individual,Manual,1.0,19.61,1405 ,70,5.0,13
3441,550000,20000,Petrol,Individual,Manual,1.0,18.9,1197 ,82,5.0,4
3442,120000,110000,Petrol,Individual,Manual,2.0,18.2,1199 ,84.8,5.0,8
3443,400000,35000,Diesel,Individual,Manual,1.0,12.99,2494 ,100.6,7.0,8
3444,1035000,15000,Diesel,Individual,Manual,1.0,25.5,1498 ,98.6,5.0,3
3445,625000,90000,Diesel,Individual,Manual,1.0,26.21,1248 ,88.5,5.0,6
3446,200000,40000,Petrol,Individual,Manual,1.0,20.36,1197 ,78.9,5.0,13
3447,316000,140000,Diesel,Individual,Manual,1.0,21.02,1248 ,88.76,5.0,8
3448,813000,110000,Diesel,Individual,Manual,1.0,24.3,1248 ,88.5,5.0,4
3449,1575000,55000,Diesel,Individual,Automatic,1.0,11.36,2755 ,171.5,7.0,5
3450,900000,73000,Diesel,Individual,Manual,1.0,12.99,2494 ,100,8.0,8
3451,650000,100000,Diesel,Individual,Manual,1.0,20.77,1248 ,88.76,7.0,6
3452,459999,32000,Diesel,Individual,Manual,2.0,25.83,1498 ,99,5.0,6
3453,290000,112072,Diesel,Individual,Manual,1.0,21.64,1461 ,84.8,5.0,9
3454,400000,30000,Diesel,Individual,Manual,1.0,20.0,1399 ,68.05,5.0,7
3455,565000,70000,Diesel,Individual,Manual,2.0,25.2,1248 ,74,5.0,5
3457,150000,80000,Petrol,Individual,Manual,2.0,18.0,995 ,62,5.0,12
3458,480000,110000,Diesel,Individual,Automatic,4.0,16.07,1995 ,181,5.0,14
3459,70000,80000,Petrol,Individual,Manual,2.0,18.2,1061 ,64,5.0,14
3460,70000,80000,Petrol,Individual,Manual,2.0,18.2,1061 ,64,5.0,14
3461,1190000,80000,Petrol,Individual,Automatic,2.0,10.93,2497 ,204,5.0,10
3463,900000,19000,Diesel,Individual,Manual,1.0,23.0,1498 ,98.96,5.0,3
3464,600000,40000,Diesel,Individual,Manual,1.0,22.54,1396 ,88.73,5.0,6
3465,1100000,52269,Diesel,Individual,Manual,1.0,15.4,2179 ,120,7.0,6
3466,120000,170000,LPG,Individual,Manual,2.0,10.9,796 ,32.8,5.0,11
3469,229999,60000,Petrol,Individual,Manual,3.0,18.5,1197 ,80,5.0,12
3470,570000,15780,Petrol,Individual,Manual,1.0,17.8,1198 ,86.7,5.0,4
3471,575000,106000,Diesel,Individual,Manual,1.0,22.32,1582 ,126.32,5.0,7
3472,280000,80000,Diesel,Individual,Manual,3.0,20.54,1598 ,103.6,5.0,9
3473,580000,74000,Diesel,Individual,Manual,2.0,21.19,1396 ,88.73,5.0,6
3474,875000,35000,Diesel,Individual,Manual,2.0,25.47,1248 ,88.50,7.0,3
3475,500000,70000,Diesel,Individual,Manual,3.0,22.32,1582 ,126.32,5.0,8
3476,700000,60000,Diesel,Individual,Manual,1.0,26.21,1248 ,88.5,5.0,6
3477,388000,50000,Petrol,Individual,Manual,2.0,18.16,1196 ,86.8,5.0,5
3478,225000,80000,Petrol,Individual,Manual,2.0,20.36,1197 ,78.9,5.0,10
3479,90000,90000,Petrol,Individual,Manual,2.0,15.64,1193 ,64.08,5.0,10
3480,600000,114000,Diesel,Individual,Manual,1.0,19.01,1461 ,108.45,5.0,7
3481,235000,100000,Petrol,Individual,Manual,1.0,18.5,1197 ,80,5.0,12
3482,350000,100000,Diesel,Individual,Manual,2.0,23.0,1396 ,90,5.0,10
3483,235000,80000,Petrol,Individual,Manual,2.0,20.36,1197 ,78.9,5.0,10
3484,190000,35000,Petrol,Individual,Manual,1.0,19.7,796 ,46.3,5.0,11
3485,325000,79000,Diesel,Individual,Manual,1.0,21.12,1248 ,88.8,5.0,10
3486,550000,2360457,Petrol,Individual,Manual,2.0,18.6,1197 ,81.83,5.0,14
3487,300000,120000,Diesel,Individual,Manual,3.0,20.54,1598 ,103.6,5.0,10
3488,550000,10000,Petrol,Individual,Manual,1.0,20.3,1199 ,84,5.0,4
3489,720000,150000,Diesel,Individual,Manual,2.0,15.1,2179 ,140,7.0,8
3490,110000,110000,Petrol,Individual,Manual,1.0,18.06,1198 ,75,5.0,10
3491,310000,10000,Petrol,Individual,Manual,1.0,24.7,796 ,47.3,5.0,3
3492,150000,70000,LPG,Individual,Manual,2.0,26.2,998 ,58.2,5.0,11
3493,260000,46000,Diesel,Individual,Manual,1.0,19.4,1405 ,70,5.0,9
3494,55000,120000,Petrol,Individual,Manual,4.0,13.2,1495 ,94,5.0,19
3495,450000,108800,Diesel,Individual,Manual,3.0,22.9,1248 ,74,5.0,8
3496,199000,70000,Petrol,Individual,Manual,2.0,20.36,1197 ,78.9,5.0,12
3497,1000000,35000,Diesel,Individual,Manual,1.0,15.4,2523 ,75,7.0,3
3498,240000,72000,Diesel,Individual,Manual,1.0,20.0,1399 ,68,5.0,10
3499,350000,40000,Petrol,Individual,Manual,1.0,25.17,799 ,53.3,5.0,3
3500,530000,120000,Diesel,Individual,Manual,3.0,15.96,2523 ,62.1,7.0,7
3501,150000,35000,Petrol,Individual,Manual,1.0,18.0,995 ,62,5.0,10
3502,625000,12500,Petrol,Individual,Manual,1.0,18.6,1197 ,81.86,5.0,2
3503,378000,80000,Petrol,Individual,Manual,1.0,18.9,1197 ,82,5.0,7
3504,210000,210000,Petrol,Individual,Manual,2.0,25.17,799 ,53.3,5.0,6
3505,700000,100000,Diesel,Individual,Manual,2.0,28.4,1248 ,74.02,5.0,3
3506,156000,110000,Petrol,Individual,Manual,2.0,17.92,1086 ,62.1,5.0,10
3507,700000,103000,Diesel,Individual,Manual,1.0,16.5,1493 ,70,7.0,5
3508,194000,577414,Petrol,Individual,Manual,2.0,18.9,1061 ,67,5.0,11
3509,120000,100000,Petrol,Individual,Manual,2.0,19.7,796 ,46.3,5.0,15
3510,415000,45000,Petrol,Individual,Automatic,1.0,15.5,1198 ,86.7,5.0,6
3511,450000,45000,Petrol,Individual,Automatic,1.0,15.5,1198 ,86.7,5.0,6
3512,325000,40000,Petrol,Individual,Manual,3.0,19.4,1198 ,86.8,5.0,7
3513,525000,200000,Diesel,Individual,Manual,1.0,15.96,2523 ,62.1,9.0,7
3514,265000,100000,Petrol,Individual,Manual,1.0,21.1,814 ,55.2,5.0,4
3515,100000,120000,Petrol,Individual,Manual,2.0,19.7,796 ,35,8.0,13
3516,2711000,9000,Diesel,Dealer,Automatic,1.0,13.6,1999 ,177,5.0,4
3517,5150000,20000,Petrol,Dealer,Automatic,1.0,22.37,2487 ,214.56,5.0,2
3518,3200000,45000,Diesel,Dealer,Automatic,1.0,19.33,1999 ,177,5.0,4
3519,503000,110000,Diesel,Individual,Manual,1.0,14.1,2179 ,147.94,7.0,6
3520,3800000,20000,Diesel,Individual,Automatic,1.0,18.0,1969 ,190,5.0,2
3521,2000000,68089,Petrol,Trustmark Dealer,Automatic,1.0,19.16,2494 ,157.7,5.0,5
3522,225000,58343,Petrol,Trustmark Dealer,Manual,1.0,21.79,998 ,67.05,5.0,8
3523,740000,38817,Diesel,Dealer,Manual,1.0,27.39,1248 ,74,5.0,3
3524,550000,56494,Petrol,Trustmark Dealer,Manual,1.0,18.2,1199 ,88.7,5.0,5
3525,750000,79328,Diesel,Trustmark Dealer,Manual,2.0,12.99,2494 ,100.6,7.0,8
3526,650000,5621,Petrol,Trustmark Dealer,Automatic,1.0,22.0,1197 ,81.80,5.0,2
3527,625000,25538,Petrol,Trustmark Dealer,Manual,1.0,16.78,1496 ,88.73,5.0,4
3528,600000,69779,Petrol,Dealer,Automatic,1.0,22.0,1197 ,81.80,5.0,3
3529,450000,56290,Diesel,Dealer,Manual,1.0,24.0,1186 ,73.97,5.0,4
3530,5400000,7500,Diesel,Dealer,Automatic,1.0,16.78,1995 ,190,5.0,2
3531,5500000,8500,Diesel,Dealer,Automatic,1.0,16.78,1995 ,190,5.0,2
3532,779000,7032,Petrol,Trustmark Dealer,Automatic,1.0,19.0,1199 ,88.76,5.0,2
3533,645000,11000,Petrol,Dealer,Automatic,1.0,14.3,1598 ,103.5,5.0,5
3534,2475000,2000,Diesel,Dealer,Automatic,1.0,16.8,1984 ,150,5.0,3
3535,400000,100000,Diesel,Individual,Manual,1.0,23.0,1248 ,88.7,5.0,6
3536,345000,40000,Diesel,Individual,Manual,1.0,21.9,1396 ,88.8,5.0,8
3537,850000,15000,Diesel,Individual,Manual,2.0,16.55,2498 ,105,6.0,3
3538,620000,15000,Petrol,Individual,Automatic,1.0,20.89,1197 ,81.80,5.0,3
3539,700000,10000,Petrol,Individual,Manual,2.0,21.4,1197 ,83.1,5.0,3
3540,200000,90000,Diesel,Individual,Manual,1.0,22.3,1248 ,74,5.0,9
3541,660000,80000,Diesel,Individual,Manual,1.0,16.5,1493 ,70,7.0,4
3542,1700000,39000,Diesel,Individual,Manual,1.0,13.5,2477 ,175.56,7.0,6
3543,90000,60000,Diesel,Individual,Manual,2.0,17.88,1396 ,52.8,5.0,12
3544,1050000,28000,Diesel,Individual,Manual,2.0,15.1,2179 ,140,7.0,6
3545,160000,90000,Petrol,Individual,Manual,2.0,15.6,1196 ,70,5.0,11
3546,150000,80000,Petrol,Individual,Manual,3.0,13.5,1799 ,130,5.0,15
3547,200000,35000,Petrol,Individual,Manual,1.0,19.0,998 ,67.1,5.0,11
3548,365000,185000,Diesel,Individual,Manual,2.0,21.43,1364 ,87.2,5.0,10
3549,140000,110000,Petrol,Individual,Manual,2.0,15.7,1172 ,67,5.0,12
3550,360000,100000,Diesel,Individual,Manual,1.0,20.5,1248 ,91.72,5.0,5
3551,200000,110000,Petrol,Individual,Manual,2.0,17.7,1497 ,78,5.0,13
3552,250000,100000,Diesel,Individual,Manual,2.0,17.5,1896 ,106,5.0,11
3553,229999,110000,Diesel,Individual,Manual,2.0,17.5,1896 ,106,5.0,13
3554,320000,130000,Diesel,Individual,Manual,2.0,17.8,1399 ,68,5.0,10
3556,1200000,27000,Petrol,Individual,Manual,1.0,15.8,1591 ,121.3,5.0,3
3557,740000,9000,Petrol,Individual,Automatic,1.0,21.4,1197 ,83.1,5.0,3
3558,345000,40000,Diesel,Individual,Manual,1.0,21.9,1396 ,88.8,5.0,8
3559,570000,19000,Petrol,Individual,Automatic,2.0,20.89,1197 ,81.80,5.0,2
3560,490000,10000,Petrol,Individual,Manual,1.0,20.52,1197 ,81.80,5.0,2
3561,250000,100000,Diesel,Individual,Manual,1.0,23.57,1396 ,70,5.0,8
3562,430000,20000,Petrol,Individual,Automatic,1.0,20.51,998 ,67,5.0,4
3563,225000,35000,Petrol,Individual,Manual,1.0,21.1,814 ,55.2,5.0,7
3564,850000,15000,Diesel,Individual,Manual,2.0,16.55,2498 ,105,6.0,3
3565,620000,15000,Petrol,Individual,Automatic,1.0,20.89,1197 ,81.80,5.0,3
3566,440000,70000,Diesel,Individual,Manual,2.0,22.54,1396 ,88.73,5.0,7
3567,800000,70000,Diesel,Individual,Manual,1.0,24.3,1248 ,88.5,5.0,5
3568,700000,10000,Petrol,Individual,Manual,2.0,21.4,1197 ,83.1,5.0,3
3569,600000,47000,Diesel,Individual,Manual,1.0,25.2,1248 ,74,5.0,5
3570,200000,90000,Diesel,Individual,Manual,1.0,22.3,1248 ,74,5.0,9
3571,660000,80000,Diesel,Individual,Manual,1.0,16.5,1493 ,70,7.0,4
3572,1700000,39000,Diesel,Individual,Manual,1.0,13.5,2477 ,175.56,7.0,6
3573,450000,53000,Diesel,Individual,Manual,1.0,24.0,1120 ,70,5.0,6
3574,420000,105000,Diesel,Individual,Manual,2.0,23.4,1248 ,74,5.0,8
3575,500000,121941,Diesel,Dealer,Manual,1.0,12.8,2494 ,102,8.0,10
3576,350000,15000,Petrol,Individual,Manual,1.0,23.84,1199 ,84,5.0,5
3577,280000,100000,Diesel,Individual,Manual,1.0,14.0,2489 ,95,8.0,7
3578,425000,152186,Diesel,Dealer,Manual,2.0,20.45,1461 ,83.8,5.0,8
3579,295000,82246,Petrol,Dealer,Manual,1.0,20.36,1197 ,78.9,5.0,8
3580,540000,20000,Petrol,Individual,Manual,1.0,20.4,1197 ,81.80,5.0,5
3581,754000,40000,Diesel,Individual,Manual,1.0,28.4,1248 ,74.02,5.0,4
3582,650000,89580,Diesel,Dealer,Manual,2.0,12.8,2494 ,102,8.0,10
3583,550000,250000,Diesel,Individual,Manual,2.0,12.8,2494 ,102,7.0,10
3584,550000,250000,Diesel,Individual,Manual,2.0,12.8,2494 ,102,7.0,10
3585,675000,2789,Petrol,Dealer,Manual,1.0,18.16,1196 ,86.8,5.0,2
3586,700000,35278,Diesel,Dealer,Manual,1.0,23.8,1499 ,98.97,5.0,3
3587,795000,2860,Diesel,Dealer,Manual,1.0,23.8,1499 ,98.97,5.0,3
3588,515000,200000,Diesel,Individual,Manual,1.0,12.8,2494 ,102,7.0,11
3589,450000,20000,Petrol,Individual,Manual,1.0,18.15,1198 ,82,6.0,3
3590,155000,60000,Petrol,Individual,Manual,3.0,15.0,1086 ,66.6,5.0,13
3591,350000,100000,Diesel,Individual,Manual,2.0,23.59,1364 ,67.1,5.0,10
3592,250000,78562,Diesel,Dealer,Manual,1.0,20.0,1399 ,68,5.0,10
3593,450000,96000,Diesel,Individual,Manual,4.0,22.32,1582 ,126.32,5.0,10
3594,450000,96000,Diesel,Individual,Manual,4.0,22.32,1582 ,126.32,5.0,10
3595,55599,36088,Petrol,Individual,Manual,1.0,16.1,796 ,37,4.0,18
3596,420000,50000,Diesel,Individual,Manual,1.0,22.54,1396 ,88.73,5.0,7
3598,750000,40000,Diesel,Individual,Manual,1.0,25.1,1248 ,88.5,5.0,3
3599,450000,10000,Petrol,Individual,Manual,1.0,19.02,1198 ,67.05,5.0,1
3600,175000,60000,Diesel,Individual,Manual,2.0,17.8,1248 ,75,5.0,13
3601,650000,10000,Petrol,Individual,Manual,1.0,17.19,1197 ,81.86,5.0,2
3602,1050000,10000,Diesel,Individual,Manual,1.0,25.47,1248 ,88.50,7.0,3
3603,375000,35000,Diesel,Individual,Manual,2.0,22.32,1582 ,126.32,5.0,10
3604,1100000,80000,Diesel,Individual,Manual,1.0,14.74,2199 ,194.3,7.0,7
3605,1550000,28000,Diesel,Individual,Manual,1.0,15.1,2179 ,152.87,7.0,2
3606,620000,35000,Diesel,Individual,Manual,1.0,24.29,1498 ,99,5.0,4
3607,1511000,32000,Diesel,Individual,Manual,1.0,16.3,1956 ,170,5.0,4
3608,135000,40000,Petrol,Individual,Manual,1.0,18.9,998 ,67.1,5.0,18
3609,375000,35000,Diesel,Individual,Manual,2.0,22.32,1582 ,126.32,5.0,10
3610,320000,10000,Petrol,Individual,Manual,1.0,25.17,799 ,53.3,5.0,2
3611,1650000,25000,Diesel,Individual,Automatic,2.0,15.1,2179 ,152.87,7.0,2
3612,320000,50000,Petrol,Individual,Manual,1.0,23.95,998 ,67.05,5.0,5
3613,400000,129000,Diesel,Individual,Manual,1.0,19.3,1248 ,73.9,5.0,9
3614,900000,100000,Diesel,Individual,Automatic,2.0,16.0,2179 ,140,7.0,6
3615,310000,30000,Petrol,Individual,Manual,1.0,24.7,796 ,47.3,5.0,3
3616,595000,28000,Petrol,Individual,Manual,2.0,17.0,1198 ,108.5,5.0,3
3617,800000,60000,Diesel,Individual,Manual,1.0,23.65,1248 ,88.5,5.0,4
3618,350000,70000,Petrol,Individual,Manual,1.0,13.87,1598 ,86,5.0,8
3619,275000,110000,Diesel,Individual,Manual,1.0,19.1,1405 ,70,5.0,8
3620,420000,10000,Petrol,Individual,Manual,1.0,15.37,1196 ,73,5.0,2
3621,250000,110000,Diesel,Individual,Manual,2.0,18.1,1493 ,110,5.0,13
3622,250000,100000,Diesel,Individual,Manual,2.0,17.8,1248 ,75,5.0,14
3623,290000,120000,Diesel,Individual,Manual,2.0,12.05,2179 ,120,8.0,13
3624,525000,60000,Petrol,Individual,Automatic,1.0,16.9,1197 ,82,5.0,5
3625,250000,110000,Diesel,Individual,Manual,3.0,10.5,2609 ,120,7.0,13
3627,430000,10000,Petrol,Individual,Manual,1.0,23.1,998 ,67.04,5.0,4
3628,630000,35000,Petrol,Individual,Manual,1.0,21.4,1197 ,83.1,5.0,4
3629,550000,23000,Petrol,Individual,Manual,1.0,20.3,1199 ,84,5.0,3
3630,630000,15000,Diesel,Individual,Manual,2.0,28.4,1248 ,74,5.0,2
3631,850000,20000,Diesel,Individual,Manual,1.0,18.49,2179 ,120,9.0,3
3632,455000,90000,Diesel,Individual,Manual,1.0,13.6,2523 ,63,7.0,10
3633,445000,90000,Diesel,Individual,Manual,1.0,13.6,2523 ,63,7.0,10
3634,370000,80000,Diesel,Individual,Manual,1.0,21.9,1396 ,88.76,5.0,8
3635,500000,50000,Petrol,Individual,Manual,1.0,18.9,1197 ,82,5.0,5
3637,140000,185000,Diesel,Individual,Manual,2.0,19.4,1405 ,70,5.0,9
3638,550000,40000,Petrol,Individual,Manual,1.0,21.21,1197 ,81.80,5.0,2
3639,300000,30000,Petrol,Individual,Manual,1.0,23.01,999 ,67,5.0,4
3640,150000,120000,Diesel,Individual,Manual,1.0,23.03,1396 ,69,5.0,10
3641,229999,500000,Petrol,Individual,Manual,2.0,18.9,998 ,67.1,5.0,10
3642,880000,46000,Diesel,Individual,Manual,1.0,15.4,2179 ,120,7.0,4
3643,900000,120000,Diesel,Individual,Manual,1.0,11.5,2982 ,171,7.0,10
3644,720000,80000,Diesel,Individual,Manual,1.0,15.4,2523 ,75,9.0,6
3645,550000,90000,Diesel,Individual,Manual,2.0,22.54,1396 ,88.73,5.0,5
3646,720000,90000,Diesel,Individual,Manual,1.0,15.4,2523 ,75,9.0,6
3648,535000,70000,Diesel,Individual,Manual,1.0,25.2,1248 ,74,5.0,5
3649,320000,91000,Diesel,Individual,Manual,3.0,24.4,1120 ,71,5.0,6
3650,500000,90000,Diesel,Individual,Manual,1.0,22.54,1396 ,88.73,5.0,6
3651,525000,110000,Diesel,Individual,Manual,2.0,20.77,1248 ,88.76,7.0,7
3652,220000,90000,Petrol,Individual,Manual,1.0,23.01,999 ,67,5.0,2
3653,350000,50000,Petrol,Individual,Manual,1.0,23.84,1199 ,84,5.0,3
3654,530000,60000,Diesel,Individual,Manual,1.0,18.49,1493 ,100,7.0,5
3655,215000,35000,Petrol,Individual,Manual,1.0,22.74,796 ,47.3,5.0,8
3656,335000,100000,Diesel,Individual,Manual,1.0,20.54,1598 ,103.6,5.0,9
3657,320000,90000,Diesel,Individual,Manual,2.0,24.4,1120 ,71,5.0,6
3658,135000,120000,Diesel,Individual,Manual,2.0,20.0,1399 ,68,5.0,10
3659,175000,95000,Petrol,Individual,Manual,2.0,19.0,998 ,66.1,5.0,12
3660,800000,35000,Diesel,Individual,Manual,1.0,15.96,2523 ,62.1,7.0,4
3661,78000,38000,Petrol,Individual,Manual,2.0,15.3,1193 ,65.3,5.0,14
3662,565000,56000,Petrol,Individual,Manual,2.0,17.4,1497 ,117.3,5.0,7
3663,575000,50000,Diesel,Individual,Manual,1.0,22.54,1396 ,88.73,5.0,4
3664,170000,70000,Petrol,Individual,Manual,2.0,21.1,814 ,55.2,5.0,7
3665,250999,30000,Petrol,Individual,Manual,1.0,22.74,796 ,47.3,5.0,7
3666,950000,188000,Diesel,Individual,Manual,1.0,16.0,2179 ,140,7.0,6
3667,650000,60000,Petrol,Individual,Manual,1.0,17.8,1497 ,117.3,5.0,7
3668,550000,133000,Diesel,Individual,Manual,1.0,14.0,2179 ,138.1,7.0,8
3669,650000,160000,Diesel,Individual,Manual,1.0,12.8,2494 ,102,7.0,11
3670,800000,150000,Diesel,Individual,Manual,2.0,15.1,2179 ,140,7.0,8
3671,250999,30000,Petrol,Individual,Manual,1.0,22.05,796 ,47.3,5.0,1
3672,170000,60000,Petrol,Individual,Manual,2.0,22.74,796 ,47.3,5.0,8
3673,250000,30000,Diesel,Individual,Manual,1.0,19.09,1396 ,69,5.0,8
3674,312000,80000,Petrol,Individual,Manual,1.0,13.7,1399 ,98.82,7.0,7
3675,250000,20000,Petrol,Individual,Manual,1.0,22.74,796 ,47.3,5.0,7
3676,200000,80000,Petrol,Individual,Manual,1.0,21.1,814 ,55.2,5.0,8
3677,670000,73000,Diesel,Individual,Manual,1.0,15.4,2523 ,75,7.0,5
3678,270000,50000,Petrol,Individual,Manual,1.0,21.1,814 ,55.2,5.0,4
3679,360000,200000,Diesel,Individual,Manual,1.0,15.96,2523 ,62.1,7.0,9
3680,630000,46000,Diesel,Individual,Manual,1.0,28.4,1248 ,74,5.0,3
3681,55599,36088,Petrol,Individual,Manual,1.0,16.1,796 ,37,4.0,18
3682,400000,50000,Diesel,Individual,Manual,1.0,23.5,909 ,45,8.0,3
3683,420000,50000,Diesel,Individual,Manual,1.0,22.54,1396 ,88.73,5.0,7
3684,764000,25000,Petrol,Individual,Manual,1.0,20.73,1373 ,91.1,5.0,3
3685,710000,30000,Diesel,Individual,Manual,1.0,15.96,2523 ,62.1,7.0,2
3686,1575000,30000,Diesel,Individual,Manual,1.0,17.6,2179 ,153.86,7.0,3
3687,1050000,13000,Diesel,Individual,Manual,1.0,17.0,2200 ,139.01,7.0,3
3688,1000000,15000,Petrol,Individual,Manual,1.0,19.01,1462 ,103.2,6.0,2
3689,650000,44000,Diesel,Dealer,Manual,1.0,23.65,1248 ,88.5,5.0,4
3690,600000,63000,Diesel,Individual,Manual,1.0,22.77,1498 ,98.59,5.0,6
3691,509999,110000,Diesel,Individual,Manual,1.0,18.49,1493 ,100,7.0,5
3692,610000,14000,Petrol,Individual,Manual,1.0,19.1,1197 ,82,5.0,4
3693,310000,35000,Petrol,Individual,Manual,1.0,24.7,796 ,47.3,5.0,4
3694,720000,35000,Diesel,Individual,Manual,1.0,15.96,2523 ,62.1,7.0,5
3695,158000,110000,Diesel,Individual,Manual,2.0,19.09,1396 ,69,5.0,9
3696,175000,85700,Diesel,Individual,Manual,2.0,17.0,1405 ,70,5.0,10
3697,217000,120000,Diesel,Individual,Manual,1.0,21.1,1248 ,73.9,5.0,11
3698,484999,50000,Diesel,Individual,Manual,1.0,25.8,1498 ,98.6,5.0,8
3700,550000,35000,Diesel,Individual,Manual,1.0,24.4,1120 ,71,5.0,5
3701,280000,70000,Petrol,Individual,Manual,2.0,18.6,1197 ,85.8,5.0,9
3702,350000,90000,Petrol,Individual,Manual,1.0,14.09,1596 ,99.6,5.0,8
3703,1150000,42000,Diesel,Individual,Manual,2.0,16.0,2179 ,140,7.0,4
3704,420000,30000,Petrol,Individual,Manual,2.0,18.9,1197 ,82,5.0,5
3705,810000,80000,Petrol,Individual,Manual,1.0,20.73,1373 ,91.1,5.0,4
3706,290000,90000,Petrol,Individual,Manual,3.0,17.0,1197 ,80,5.0,10
3707,180000,60000,Petrol,Individual,Manual,1.0,18.6,1199 ,79.4,5.0,9
3708,160000,162000,Petrol,Individual,Manual,1.0,15.37,1196 ,73,5.0,11
3709,66000,70000,Petrol,Individual,Manual,3.0,23.9,624 ,37.48,4.0,4
3710,369000,20000,Petrol,Individual,Manual,2.0,20.51,998 ,67.04,5.0,6
3711,300000,80000,Diesel,Individual,Manual,2.0,13.93,2179 ,138.1,7.0,9
3712,350000,90000,Diesel,Individual,Manual,1.0,13.6,2523 ,63,7.0,13
3713,220000,120000,Petrol,Individual,Automatic,2.0,19.2,1197 ,80,5.0,13
3714,160000,220000,Diesel,Individual,Manual,1.0,14.8,2499 ,80,10.0,16
3715,221000,100000,Diesel,Individual,Manual,2.0,17.8,1248 ,75,5.0,12
3716,400000,35000,Petrol,Individual,Manual,1.0,17.57,1193 ,88.7,5.0,4
3717,250000,120000,Petrol,Individual,Manual,2.0,13.4,2362 ,164.7,5.0,17
3718,390000,120000,Diesel,Individual,Manual,4.0,13.6,2523 ,63,7.0,10
3719,190000,110000,Petrol,Individual,Manual,1.0,15.37,1196 ,73,5.0,9
3720,300000,60000,Petrol,Individual,Manual,1.0,25.17,799 ,53.3,5.0,4
3721,750000,27000,Diesel,Individual,Manual,1.0,22.54,1396 ,88.73,5.0,4
3722,650000,50000,Diesel,Individual,Manual,1.0,26.59,1248 ,74,5.0,5
3723,635000,40000,Petrol,Individual,Manual,1.0,17.8,1198 ,86.7,5.0,3
3724,520000,88000,Diesel,Individual,Manual,2.0,22.32,1582 ,126.32,5.0,8
3725,1500000,50000,Diesel,Individual,Manual,1.0,16.36,2179 ,140,7.0,1
3726,415000,80000,Diesel,Individual,Manual,2.0,22.32,1582 ,126.32,5.0,9
3727,700000,60000,Diesel,Individual,Manual,1.0,22.54,1396 ,88.76,5.0,2
3728,484999,26000,Petrol,Individual,Manual,2.0,21.21,1197 ,81.80,5.0,4
3729,120000,80000,Petrol,Individual,Manual,2.0,16.6,1388 ,68,5.0,14
3730,220000,60000,Petrol,Individual,Manual,2.0,21.1,814 ,55.2,5.0,7
3731,320000,80000,Petrol,Individual,Manual,2.0,20.36,1197 ,78.9,5.0,7
3732,375000,90000,Diesel,Individual,Manual,2.0,22.9,1248 ,74,5.0,10
3733,440000,80000,Diesel,Individual,Manual,2.0,22.32,1582 ,126.32,5.0,9
3734,550000,15000,Petrol,Individual,Automatic,1.0,18.9,1197 ,81.86,5.0,2
3735,640000,35000,Diesel,Individual,Manual,2.0,25.2,1248 ,74,5.0,4
3736,420000,120000,Diesel,Individual,Manual,1.0,23.59,1364 ,67.04,5.0,7
3737,330000,63000,Diesel,Individual,Manual,3.0,24.0,1120 ,70,5.0,5
3738,800000,25000,Diesel,Individual,Manual,1.0,21.66,1498 ,108.62,5.0,2
3739,240000,64500,Petrol,Individual,Manual,1.0,18.9,998 ,67.1,5.0,10
3740,360000,100000,Diesel,Individual,Manual,2.0,25.32,1198 ,77,6.0,5
3741,750000,40000,Diesel,Individual,Manual,1.0,23.9,1582 ,126.2,5.0,4
3742,570000,15000,Petrol,Individual,Manual,2.0,18.6,1197 ,81.83,5.0,4
3743,450000,25000,Diesel,Individual,Manual,1.0,23.59,1364 ,67.04,5.0,6
3744,270000,82000,Petrol,Individual,Manual,3.0,18.5,1197 ,85.80,5.0,5
3745,459999,87000,Diesel,Individual,Manual,1.0,20.77,1248 ,88.76,7.0,9
3746,240000,80000,Petrol,Individual,Manual,2.0,23.95,998 ,67.05,5.0,6
3747,320000,110000,Diesel,Individual,Manual,3.0,19.01,1461 ,108.45,5.0,9
3748,149000,148000,Diesel,Individual,Manual,2.0,21.12,1248 ,88.8,5.0,10
3749,1500000,40000,Diesel,Individual,Manual,1.0,16.36,2179 ,140,7.0,3
3750,180000,70000,Petrol,Individual,Manual,1.0,16.36,1495 ,93.7,5.0,10
3751,185000,70000,LPG,Individual,Manual,2.0,13.45,1086 ,62.1,5.0,9
3752,65000,40000,Petrol,Individual,Manual,2.0,16.1,796 ,37,4.0,13
3753,130000,120000,Diesel,Individual,Manual,1.0,17.0,1405 ,70,5.0,11
3754,330000,60000,Diesel,Individual,Manual,1.0,17.8,1399 ,67,5.0,9
3755,190000,90000,Diesel,Dealer,Manual,1.0,18.8,1248 ,90,5.0,10
3756,501000,68000,Diesel,Dealer,Manual,1.0,22.9,1248 ,74,5.0,7
3757,600000,24500,Diesel,Dealer,Manual,1.0,25.8,1498 ,98.6,5.0,4
3758,570000,77000,Diesel,Dealer,Manual,2.0,15.1,2179 ,140,7.0,9
3759,450000,85000,Diesel,Dealer,Manual,1.0,25.8,1498 ,98.6,5.0,6
3760,285000,45500,Petrol,Dealer,Manual,1.0,16.78,1496 ,88.73,5.0,10
3761,490000,67000,Diesel,Dealer,Manual,1.0,28.4,1248 ,74,5.0,7
3762,500000,77000,Diesel,Dealer,Manual,1.0,28.4,1248 ,74,5.0,7
3763,275000,47000,Petrol,Dealer,Manual,1.0,21.1,814 ,55.2,5.0,5
3764,440000,57000,Petrol,Dealer,Manual,1.0,23.84,1199 ,84.48,5.0,4
3765,825000,71500,Diesel,Dealer,Manual,1.0,22.54,1396 ,88.73,5.0,3
3766,411000,110000,Diesel,Dealer,Manual,1.0,23.59,1364 ,67.04,5.0,9
3767,470000,82000,Diesel,Dealer,Manual,2.0,26.59,1248 ,74,5.0,8
3768,445000,70000,Diesel,Dealer,Manual,2.0,28.4,1248 ,74,5.0,8
3769,752000,28000,Diesel,Dealer,Manual,1.0,27.39,1248 ,74,5.0,4
3770,650000,125000,Diesel,Dealer,Manual,2.0,21.14,1498 ,103.52,5.0,5
3771,450000,67000,Diesel,Dealer,Manual,2.0,28.4,1248 ,74,5.0,8
3772,350000,93500,Petrol,Dealer,Manual,3.0,17.0,1497 ,118,5.0,10
3773,511000,8500,Petrol,Dealer,Manual,1.0,22.0,1197 ,81.80,5.0,9
3774,700000,80000,Diesel,Dealer,Manual,1.0,27.39,1248 ,74,5.0,5
3775,1800000,30000,Diesel,Individual,Automatic,1.0,11.36,2755 ,171.5,7.0,5
3776,550000,14200,Petrol,Individual,Manual,1.0,18.16,1196 ,86.8,5.0,3
3777,142000,97000,Petrol,Individual,Manual,1.0,16.6,1388 ,68,5.0,14
3778,725000,90000,Diesel,Individual,Manual,1.0,13.93,2179 ,138,7.0,9
3779,630000,30000,Petrol,Individual,Manual,1.0,18.6,1197 ,81.83,5.0,4
3780,480000,50000,Petrol,Individual,Manual,1.0,18.6,1197 ,81.83,5.0,6
3781,330000,30000,Petrol,Individual,Manual,1.0,23.95,998 ,67.05,5.0,5
3782,500000,20000,Petrol,Individual,Manual,1.0,11.96,1298 ,80,8.0,4
3783,300000,60300,Diesel,Individual,Manual,1.0,22.07,1199 ,73.9,5.0,9
3784,400000,35000,Diesel,Individual,Manual,1.0,23.0,1248 ,88.7,5.0,6
3785,320000,80000,Diesel,Individual,Manual,1.0,13.93,2179 ,138.03,7.0,10
3786,180000,44391,Petrol,Individual,Manual,2.0,19.81,1086 ,68.05,5.0,13
3787,530000,58000,Diesel,Individual,Manual,1.0,27.39,1248 ,74,5.0,5
3788,600000,40000,Diesel,Individual,Manual,1.0,15.96,2523 ,62.1,7.0,6
3789,780000,66000,Diesel,Individual,Manual,2.0,24.52,1248 ,88.5,7.0,4
3790,700000,110000,Diesel,Individual,Manual,1.0,26.0,1498 ,98.6,5.0,5
3791,175000,56315,Diesel,Individual,Manual,1.0,25.44,936 ,57.6,5.0,8
3792,735000,70000,Diesel,Individual,Manual,1.0,16.5,1493 ,70,7.0,4
3793,325000,120000,Diesel,Individual,Manual,1.0,23.59,1364 ,67.06,5.0,8
3794,225000,100000,Diesel,Individual,Manual,1.0,14.8,2499 ,80,10.0,15
3795,350000,90000,Diesel,Individual,Manual,2.0,23.0,1248 ,88.7,5.0,6
3796,110000,120000,LPG,Individual,Manual,3.0,17.3,1061 ,57.5,5.0,15
3797,85000,160000,Petrol,Individual,Manual,4.0,18.2,998 ,67.1,5.0,14
3798,150000,100000,Petrol,Individual,Manual,4.0,13.4,1794 ,125,5.0,15
3799,225000,120000,Diesel,Individual,Manual,3.0,19.3,1248 ,73.9,5.0,12
3800,111000,100000,Diesel,Individual,Manual,2.0,18.0,1248 ,75,5.0,11
3801,150000,70000,Petrol,Individual,Manual,3.0,18.9,1061 ,67,5.0,14
3802,300000,15151,Petrol,Individual,Manual,2.0,21.1,814 ,55.2,5.0,4
3803,630000,60000,Diesel,Individual,Manual,1.0,15.4,1997 ,120,7.0,6
3804,206000,100000,Petrol,Individual,Manual,1.0,19.81,1086 ,68.05,5.0,10
3805,70000,110000,Petrol,Individual,Manual,4.0,18.9,998 ,67.1,5.0,15
3806,567000,7000,Petrol,Individual,Automatic,1.0,18.9,1197 ,81.86,5.0,2
3807,65000,35000,Petrol,Individual,Manual,1.0,18.9,998 ,67.1,5.0,16
3808,550000,60000,Diesel,Individual,Manual,2.0,26.59,1248 ,74,5.0,5
3809,140000,70000,Petrol,Individual,Manual,4.0,20.36,1197 ,78.9,5.0,11
3810,300000,30000,Petrol,Individual,Manual,1.0,25.17,799 ,53.3,5.0,5
3811,500000,70000,Petrol,Individual,Manual,2.0,15.85,1499 ,110.4,5.0,8
3812,400000,128000,Petrol,Individual,Manual,1.0,18.9,1197 ,82,5.0,6
3814,850000,120000,Diesel,Individual,Manual,2.0,12.8,2494 ,102,8.0,9
3815,570000,15000,Diesel,Individual,Manual,1.0,25.2,1248 ,74,5.0,7
3816,699000,60000,Diesel,Individual,Manual,1.0,28.4,1248 ,74.02,5.0,4
3817,355000,80000,Petrol,Individual,Manual,1.0,19.4,1198 ,86.8,5.0,8
3818,690000,80000,Diesel,Individual,Manual,1.0,26.59,1248 ,74,5.0,5
3819,180000,114321,Diesel,Individual,Manual,2.0,17.8,1399 ,68,5.0,15
3820,200000,120000,Diesel,Individual,Manual,1.0,19.4,1405 ,70,5.0,8
3821,575000,120000,Diesel,Individual,Manual,2.0,12.05,2179 ,120,8.0,9
3822,415000,146000,Diesel,Individual,Manual,1.0,23.59,1364 ,67.06,5.0,7
3823,350000,30000,LPG,Individual,Manual,1.0,19.2,1086 ,68.05,5.0,9
3824,350000,20000,Petrol,Individual,Manual,1.0,21.1,814 ,55.2,5.0,4
3825,632000,150000,Diesel,Individual,Manual,1.0,23.59,1364 ,67.05,5.0,4
3826,325000,70000,CNG,Individual,Manual,2.0,21.94,1196 ,61.7,5.0,7
3827,511000,90000,Petrol,Individual,Manual,2.0,16.3,1797 ,147.5,5.0,8
3828,300000,100000,Petrol,Individual,Manual,3.0,17.0,1497 ,118,5.0,11
3829,70000,188000,Petrol,Individual,Manual,4.0,18.9,998 ,67.1,5.0,16
3830,180000,100000,Petrol,Individual,Manual,3.0,19.81,1086 ,68.05,5.0,13
3831,2711000,9000,Diesel,Dealer,Automatic,1.0,13.6,1999 ,177,5.0,4
3832,5150000,20000,Petrol,Dealer,Automatic,1.0,22.37,2487 ,214.56,5.0,2
3833,3200000,45000,Diesel,Dealer,Automatic,1.0,19.33,1999 ,177,5.0,4
3834,503000,110000,Diesel,Individual,Manual,1.0,14.1,2179 ,147.94,7.0,6
3835,3800000,20000,Diesel,Individual,Automatic,1.0,18.0,1969 ,190,5.0,2
3836,2000000,68089,Petrol,Trustmark Dealer,Automatic,1.0,19.16,2494 ,157.7,5.0,5
3837,225000,58343,Petrol,Trustmark Dealer,Manual,1.0,21.79,998 ,67.05,5.0,8
3838,740000,38817,Diesel,Dealer,Manual,1.0,27.39,1248 ,74,5.0,3
3839,550000,56494,Petrol,Trustmark Dealer,Manual,1.0,18.2,1199 ,88.7,5.0,5
3840,750000,79328,Diesel,Trustmark Dealer,Manual,2.0,12.99,2494 ,100.6,7.0,8
3841,650000,5621,Petrol,Trustmark Dealer,Automatic,1.0,22.0,1197 ,81.80,5.0,2
3842,625000,25538,Petrol,Trustmark Dealer,Manual,1.0,16.78,1496 ,88.73,5.0,4
3843,600000,69779,Petrol,Dealer,Automatic,1.0,22.0,1197 ,81.80,5.0,3
3844,450000,56290,Diesel,Dealer,Manual,1.0,24.0,1186 ,73.97,5.0,4
3845,5400000,7500,Diesel,Dealer,Automatic,1.0,16.78,1995 ,190,5.0,2
3846,5500000,8500,Diesel,Dealer,Automatic,1.0,16.78,1995 ,190,5.0,2
3847,779000,7032,Petrol,Trustmark Dealer,Automatic,1.0,19.0,1199 ,88.76,5.0,2
3848,645000,11000,Petrol,Dealer,Automatic,1.0,14.3,1598 ,103.5,5.0,5
3849,2475000,2000,Diesel,Dealer,Automatic,1.0,16.8,1984 ,150,5.0,3
3850,730000,37333,Petrol,Individual,Manual,1.0,18.6,1197 ,81.83,5.0,4
3851,450000,15000,Diesel,Individual,Manual,2.0,20.77,1248 ,88.76,7.0,7
3852,550000,330000,Petrol,Individual,Manual,2.0,13.44,2359 ,198.25,5.0,9
3853,420000,60000,CNG,Individual,Manual,1.0,26.6,998 ,58.16,5.0,4
3854,509999,80000,Diesel,Individual,Manual,2.0,23.59,1364 ,67.05,5.0,5
3855,905000,110000,Diesel,Individual,Manual,1.0,12.99,2494 ,100.6,7.0,6
3857,140000,72000,Petrol,Individual,Manual,2.0,19.7,796 ,46.3,5.0,10
3858,300000,140000,Diesel,Individual,Manual,2.0,12.8,2494 ,102,8.0,15
3859,300000,80000,Petrol,Individual,Manual,2.0,18.5,1197 ,85.80,5.0,6
3860,225000,120000,Diesel,Individual,Manual,2.0,19.3,1248 ,73.9,5.0,11
3861,860000,90000,Diesel,Individual,Manual,2.0,12.99,2494 ,100.6,8.0,6
3862,400000,100000,Diesel,Individual,Manual,2.0,20.46,1461 ,83.8,5.0,9
3863,190000,90000,Petrol,Individual,Manual,3.0,17.5,1298 ,85.8,5.0,12
3864,350000,140000,Diesel,Individual,Manual,3.0,25.8,1498 ,98.6,5.0,8
3865,75000,120000,Petrol,Individual,Manual,1.0,18.0,995 ,62,5.0,11
3866,860000,35000,Diesel,Individual,Automatic,1.0,24.3,1248 ,88.5,5.0,2
3867,250000,50000,Petrol,Individual,Manual,2.0,23.95,998 ,67.05,5.0,7
3868,700000,82000,Diesel,Individual,Manual,1.0,24.8,1396 ,88.7,5.0,4
3869,399000,70000,Diesel,Individual,Manual,3.0,25.2,1248 ,74,5.0,7
3870,320000,90000,Petrol,Individual,Manual,1.0,18.5,1197 ,85.80,5.0,5
3871,2000000,60000,Diesel,Individual,Automatic,1.0,12.55,2982 ,168.5,7.0,6
3872,1100000,79000,Diesel,Individual,Manual,2.0,20.6,1968 ,141,5.0,7
3873,750000,291000,Diesel,Individual,Manual,2.0,12.8,2494 ,102,7.0,10
3874,750000,250000,Diesel,Individual,Manual,2.0,12.8,2494 ,102,7.0,11
3875,530000,20000,Diesel,Individual,Manual,1.0,15.96,2523 ,63,9.0,3
3876,750000,53000,Diesel,Individual,Manual,1.0,28.09,1248 ,88.5,5.0,4
3877,560000,21500,Petrol,Individual,Automatic,1.0,19.34,1198 ,76,5.0,4
3878,450000,89000,Diesel,Individual,Manual,1.0,27.28,1047 ,69,5.0,4
3879,459999,35000,Petrol,Individual,Manual,2.0,19.1,1197 ,85.8,5.0,8
3880,235000,43000,Petrol,Individual,Manual,2.0,19.0,998 ,67.1,5.0,8
3881,180000,80000,Petrol,Individual,Manual,2.0,17.92,1086 ,62.1,5.0,12
3882,140000,80000,Petrol,Individual,Manual,2.0,17.8,1086 ,63,5.0,14
3883,620000,110000,Diesel,Individual,Manual,1.0,22.54,1396 ,88.73,5.0,7
3884,190000,100000,Petrol,Individual,Manual,1.0,21.1,814 ,55.2,5.0,9
3885,380000,25000,Petrol,Individual,Manual,1.0,21.1,814 ,55.2,5.0,3
3886,1145000,20000,Diesel,Individual,Manual,1.0,23.0,1498 ,98.96,5.0,2
3887,540000,70000,Diesel,Individual,Manual,1.0,22.95,1248 ,74,5.0,4
3888,800000,197000,Diesel,Individual,Manual,1.0,12.8,2494 ,102,7.0,10
3889,150000,100000,Petrol,Individual,Manual,2.0,14.0,1061 ,64,5.0,15
3890,55000,70000,Petrol,Individual,Manual,1.0,16.1,796 ,37,4.0,26
3891,919999,140000,Diesel,Individual,Manual,1.0,16.0,2179 ,140,7.0,6
3893,135000,50000,Petrol,Individual,Manual,1.0,19.7,796 ,46.3,5.0,12
3894,340000,40300,Petrol,Individual,Manual,1.0,23.84,1199 ,84,5.0,4
3895,525000,120000,Diesel,Individual,Manual,2.0,12.8,2494 ,102,8.0,11
3896,411000,25000,Petrol,Individual,Manual,2.0,23.1,998 ,67.04,5.0,5
3897,150000,155000,Petrol,Individual,Manual,3.0,18.9,998 ,67.1,5.0,11
3898,575000,50000,Petrol,Individual,Automatic,1.0,19.0,1199 ,88.7,5.0,6
3899,595000,30030,Petrol,Dealer,Manual,1.0,18.6,1197 ,81.83,5.0,4
3900,525000,29029,Petrol,Dealer,Manual,1.0,19.1,1197 ,82,5.0,4
3901,335000,72072,Diesel,Dealer,Manual,1.0,21.1,1248 ,73.9,5.0,9
3902,300000,54000,Diesel,Individual,Manual,1.0,20.0,1399 ,68,5.0,9
3903,415000,82082,Diesel,Dealer,Manual,1.0,22.54,1396 ,88.73,5.0,9
3904,925000,48000,Diesel,Individual,Manual,2.0,16.0,2179 ,140,7.0,5
3905,750000,20000,Petrol,Individual,Manual,1.0,17.5,1373 ,91.1,7.0,5
3906,1150000,49000,Diesel,Individual,Automatic,1.0,22.0,1582 ,126.2,5.0,3
3907,260000,35000,Petrol,Individual,Manual,3.0,19.44,1198 ,67,7.0,6
3908,260000,67000,CNG,Individual,Manual,1.0,33.44,796 ,40.3,4.0,4
3909,347000,80600,Diesel,Individual,Manual,1.0,19.3,1248 ,73.9,5.0,10
3910,195000,58609,Petrol,Individual,Manual,2.0,21.1,814 ,55.2,5.0,8
3911,265000,33003,Petrol,Individual,Manual,1.0,15.7,1172 ,67,5.0,5
3912,320000,43000,CNG,Individual,Manual,2.0,26.6,998 ,58.16,5.0,5
3913,590000,16500,Petrol,Individual,Manual,1.0,18.6,1197 ,81.83,5.0,5
3914,650000,138000,Diesel,Individual,Manual,2.0,12.8,2494 ,102,8.0,9
3915,509999,165500,Diesel,Individual,Manual,2.0,14.0,2523 ,75,9.0,8
3916,350000,120000,Diesel,Individual,Manual,2.0,19.3,1248 ,73.9,5.0,10
3917,749000,30000,Diesel,Individual,Manual,1.0,21.5,1497 ,108.5,5.0,3
3918,150000,70000,Diesel,Individual,Manual,2.0,19.09,1396 ,69,5.0,11
3920,58000,170000,Petrol,Individual,Manual,3.0,17.3,993 ,60,5.0,18
3921,200000,120000,Diesel,Individual,Manual,3.0,21.0,1461 ,64.1,5.0,10
3923,240000,168000,Diesel,Individual,Manual,2.0,22.3,1248 ,74,5.0,7
3924,515000,60000,Diesel,Individual,Manual,2.0,25.8,1498 ,98.6,5.0,4
3925,145000,120000,Petrol,Individual,Manual,2.0,19.7,796 ,46.3,5.0,13
3926,450000,5800,Petrol,Individual,Manual,2.0,20.51,998 ,67.04,5.0,5
3927,179000,68700,Petrol,Individual,Manual,3.0,19.0,998 ,66.1,5.0,11
3928,220000,108000,Petrol,Individual,Manual,3.0,13.9,1599 ,103.2,5.0,14
3929,500000,40000,Petrol,Individual,Manual,1.0,17.57,1193 ,88.7,5.0,1
3930,190000,100000,Diesel,Individual,Manual,2.0,17.8,1399 ,67,5.0,12
3931,200000,40000,Diesel,Individual,Manual,1.0,25.44,936 ,56.3,5.0,6
3932,850000,90000,Petrol,Individual,Manual,1.0,17.0,1497 ,121.36,5.0,3
3933,270000,60000,Petrol,Individual,Manual,2.0,16.47,1198 ,73.9,5.0,10
3934,335000,17000,Petrol,Individual,Manual,1.0,21.1,814 ,55.2,5.0,5
3935,459999,5000,Petrol,Individual,Manual,1.0,20.51,998 ,67.04,5.0,3
3936,710000,60000,Diesel,Individual,Manual,1.0,24.3,1248 ,88.5,5.0,4
3937,330000,140000,Diesel,Individual,Manual,2.0,26.59,1248 ,74,5.0,6
3938,1515000,15000,Diesel,Individual,Manual,1.0,17.1,1956 ,170,5.0,4
3939,750000,25000,Petrol,Individual,Manual,1.0,17.0,1198 ,108.5,5.0,3
3940,160000,50000,Petrol,Individual,Manual,2.0,16.2,995 ,62.1,5.0,5
3941,215000,60000,Diesel,Individual,Manual,2.0,25.44,936 ,56.3,5.0,5
3942,60000,40000,Petrol,Individual,Manual,2.0,25.4,624 ,38,4.0,9
3943,480000,72000,Petrol,Individual,Manual,1.0,19.1,1197 ,85.8,5.0,7
3944,140000,195000,Diesel,Individual,Manual,2.0,21.12,1248 ,88.8,5.0,9
3945,200000,70000,Petrol,Individual,Manual,1.0,21.1,814 ,55.2,5.0,9
3946,400000,83000,Diesel,Individual,Manual,1.0,23.08,1461 ,63.1,5.0,8
3947,180000,100000,Petrol,Individual,Manual,2.0,21.1,814 ,55.2,5.0,9
3948,550000,25000,Petrol,Individual,Manual,1.0,20.4,1197 ,81.80,5.0,6
3949,550000,50000,Diesel,Individual,Manual,1.0,25.2,1248 ,74,5.0,5
3950,550000,67000,Diesel,Individual,Manual,1.0,20.77,1248 ,88.76,7.0,9
3951,270000,30000,Petrol,Individual,Manual,1.0,19.0,998 ,67.1,5.0,10
3952,315000,85000,Diesel,Individual,Manual,1.0,23.08,1461 ,63.12,5.0,8
3953,875000,25000,Diesel,Individual,Manual,1.0,16.55,2498 ,105,6.0,3
3954,400000,170000,Diesel,Individual,Manual,1.0,12.8,2494 ,102,8.0,14
3955,540000,110000,Diesel,Individual,Manual,1.0,14.0,2523 ,75,8.0,7
3956,350000,60000,CNG,Individual,Manual,1.0,26.6,998 ,58.16,5.0,4
3957,360000,80000,Diesel,Individual,Manual,2.0,22.32,1582 ,126.32,5.0,10
3958,300000,31000,Petrol,Individual,Manual,1.0,20.51,998 ,67.04,5.0,7
3959,350000,100000,Diesel,Individual,Manual,1.0,24.0,1120 ,70,5.0,7
3960,650000,130000,Diesel,Individual,Manual,1.0,17.45,1493 ,100,7.0,5
3961,350000,20000,Petrol,Individual,Manual,1.0,20.51,998 ,67.04,5.0,5
3962,700000,60000,Diesel,Individual,Manual,1.0,22.77,1498 ,98.59,5.0,4
3963,415000,102996,Diesel,Individual,Manual,2.0,23.4,1248 ,74,5.0,8
3964,1460000,5000,Diesel,Individual,Manual,1.0,17.3,1497 ,121,7.0,2
3965,830000,35000,Diesel,Individual,Manual,1.0,21.5,1497 ,108.5,5.0,4
3966,430000,5000,Petrol,Individual,Manual,2.0,20.63,1198 ,67,5.0,3
3967,850000,60000,Diesel,Individual,Manual,1.0,22.77,1498 ,98.59,5.0,4
3968,650000,70000,Petrol,Individual,Manual,1.0,20.85,1197 ,83.14,5.0,4
3969,120000,120000,Diesel,Individual,Manual,2.0,16.8,1493 ,110,5.0,13
3970,730000,65100,Diesel,Individual,Manual,2.0,18.49,1493 ,100,7.0,5
3971,525000,20000,Petrol,Individual,Automatic,1.0,20.89,1197 ,81.80,5.0,2
3972,600000,108000,Diesel,Individual,Manual,1.0,21.19,1396 ,88.73,5.0,6
3973,500000,15000,Petrol,Individual,Manual,1.0,21.21,1197 ,81.80,5.0,2
3974,150000,77000,Petrol,Individual,Manual,1.0,17.92,1086 ,62.1,5.0,12
3975,409999,18500,Petrol,Individual,Manual,1.0,20.51,998 ,67.04,5.0,6
3976,625000,120000,Diesel,Individual,Manual,1.0,18.49,1493 ,100,7.0,5
3977,290000,15200,Petrol,Individual,Manual,1.0,25.17,799 ,53.3,5.0,6
3978,500000,35000,Petrol,Individual,Manual,1.0,17.3,1497 ,117.3,7.0,6
3979,475000,80000,Diesel,Individual,Manual,1.0,22.32,1582 ,126.32,5.0,10
3980,190000,70000,Petrol,Individual,Manual,1.0,21.1,814 ,55.2,5.0,8
3981,750000,80000,Diesel,Individual,Manual,2.0,15.1,2179 ,140,7.0,7
3982,525000,120000,Diesel,Individual,Manual,2.0,19.01,1461 ,108.5,5.0,7
3983,495000,82000,Diesel,Individual,Manual,3.0,17.3,1998 ,163.7,5.0,9
3984,550000,60000,Diesel,Individual,Manual,1.0,22.54,1396 ,88.73,5.0,6
3985,595000,129000,Diesel,Individual,Manual,3.0,15.1,2179 ,140,7.0,9
3986,550000,67000,Diesel,Individual,Manual,1.0,21.2,1248 ,75,5.0,6
3987,2000000,120000,Diesel,Individual,Manual,1.0,13.0,2494 ,142,7.0,6
3988,400000,120000,Diesel,Individual,Manual,4.0,13.93,2179 ,138.03,7.0,11
3989,500000,96500,Diesel,Individual,Manual,1.0,20.5,1248 ,91.72,5.0,6
3990,340000,52412,Petrol,Dealer,Manual,1.0,18.9,998 ,67.1,5.0,4
3991,480000,85472,Diesel,Dealer,Manual,1.0,12.05,2179 ,120,8.0,9
3992,480000,87452,Diesel,Dealer,Manual,2.0,22.77,1498 ,98.59,5.0,8
3993,750000,17000,Diesel,Individual,Manual,1.0,23.0,1498 ,98.96,5.0,3
3994,100000,66530,Petrol,Individual,Manual,2.0,18.9,1061 ,67,5.0,13
3995,290000,40000,Petrol,Individual,Manual,1.0,18.5,1197 ,82.85,5.0,8
3996,425000,96500,Diesel,Individual,Manual,1.0,20.5,1248 ,91.72,5.0,6
3997,285000,79000,Petrol,Individual,Manual,1.0,16.8,1497 ,116.3,5.0,11
3998,625000,50000,Diesel,Individual,Manual,1.0,18.49,1493 ,100,7.0,5
3999,170000,60000,Diesel,Individual,Manual,2.0,20.3,1248 ,75,5.0,9
4000,459999,35000,Petrol,Individual,Manual,1.0,17.57,1193 ,88.7,5.0,3
4001,450000,120000,Diesel,Individual,Manual,1.0,20.5,1248 ,91.72,5.0,6
4002,650000,10000,Petrol,Individual,Automatic,1.0,21.21,1197 ,81.80,5.0,2
4003,600000,15000,Petrol,Individual,Manual,1.0,17.19,1197 ,81.86,5.0,4
4004,178000,70000,CNG,Individual,Manual,2.0,30.46,796 ,47.3,5.0,8
4005,300000,5000,Petrol,Individual,Manual,1.0,22.74,796 ,47.3,5.0,5
4006,150000,40000,Petrol,Individual,Manual,1.0,19.7,796 ,46.3,5.0,12
4007,590000,10000,Petrol,Individual,Manual,1.0,18.6,1197 ,81.86,5.0,2
4008,310000,25000,Petrol,Individual,Manual,1.0,21.1,814 ,55.2,5.0,5
4009,400000,53000,Petrol,Individual,Manual,1.0,17.57,1193 ,88.7,5.0,4
4010,520000,110000,Diesel,Individual,Manual,2.0,12.05,2179 ,120,9.0,7
4011,300000,200000,Diesel,Individual,Manual,2.0,20.07,1461 ,75,8.0,8
4012,1000000,22000,Petrol,Individual,Manual,1.0,17.0,1197 ,110,5.0,2
4013,65000,70000,Petrol,Individual,Manual,4.0,18.9,998 ,67.1,5.0,18
4014,509999,75000,Diesel,Individual,Manual,2.0,25.8,1498 ,98.6,5.0,6
4015,221000,70000,Petrol,Individual,Manual,1.0,18.9,998 ,67.1,5.0,9
4016,390000,64000,Petrol,Individual,Manual,3.0,15.04,1598 ,103.2,5.0,7
4017,350000,60000,Petrol,Individual,Manual,1.0,11.96,1298 ,80,8.0,19
4018,195000,40000,Petrol,Individual,Manual,1.0,19.7,796 ,46.3,5.0,12
4019,1750000,110000,Diesel,Individual,Automatic,2.0,12.07,2967 ,241.4,7.0,11
4020,600000,60000,Diesel,Individual,Manual,1.0,12.05,2179 ,120,8.0,8
4021,615000,72000,Diesel,Individual,Manual,1.0,22.54,1396 ,88.73,5.0,6
4022,350000,70000,Diesel,Individual,Manual,2.0,21.9,1396 ,88.76,5.0,8
4023,140000,75000,Diesel,Individual,Manual,1.0,25.44,936 ,57.6,5.0,9
4024,650000,32331,Diesel,Individual,Manual,2.0,22.54,1396 ,88.73,5.0,4
4025,1100000,70000,Diesel,Individual,Manual,1.0,19.67,1582 ,126.2,5.0,5
4026,285000,80000,Diesel,Individual,Manual,2.0,23.0,1396 ,90,5.0,11
4027,190000,20000,Petrol,Individual,Manual,2.0,18.0,995 ,62,5.0,10
4028,350000,110000,Petrol,Individual,Manual,1.0,16.95,1498 ,97.7,5.0,9
4029,400000,40000,Petrol,Individual,Manual,2.0,18.9,1197 ,82,5.0,7
4030,2100000,40000,Petrol,Individual,Automatic,1.0,10.75,2694 ,163.7,7.0,5
4031,434999,90000,Petrol,Individual,Manual,2.0,18.6,1197 ,81.83,5.0,6
4032,450000,50000,Petrol,Individual,Manual,2.0,19.1,1197 ,85.8,5.0,7
4033,45000,137000,Petrol,Individual,Manual,1.0,18.5,796 ,53,5.0,20
4034,450000,60000,Petrol,Individual,Manual,1.0,18.6,1197 ,81.83,5.0,6
4035,580000,30000,Diesel,Individual,Manual,1.0,25.2,1248 ,74,5.0,4
4036,900000,98000,Diesel,Individual,Manual,1.0,19.67,1582 ,126.2,5.0,5
4037,750000,50000,Diesel,Individual,Manual,1.0,24.52,1248 ,88.5,7.0,5
4038,140000,120000,Diesel,Individual,Manual,3.0,19.09,1396 ,69,5.0,12
4039,525000,30000,Petrol,Individual,Manual,1.0,18.9,1197 ,81.86,5.0,4
4040,114999,120000,Diesel,Individual,Manual,3.0,19.09,1396 ,69,5.0,12
4041,399000,40000,Petrol,Individual,Manual,1.0,23.84,1199 ,84,5.0,5
4043,275000,90000,Diesel,Individual,Manual,2.0,19.0,1405 ,71,5.0,9
4044,340000,80000,Diesel,Individual,Manual,2.0,21.9,1396 ,90,5.0,10
4045,222000,120000,LPG,Individual,Manual,1.0,21.1,814 ,55.2,5.0,9
4046,850000,200000,Diesel,Individual,Automatic,1.0,11.18,2696 ,184,7.0,8
4047,70000,110000,Diesel,Individual,Manual,2.0,17.2,1396 ,53.5,5.0,14
4048,430000,38000,Petrol,Individual,Manual,2.0,23.84,1199 ,84,5.0,4
4049,430000,35000,Petrol,Individual,Manual,2.0,23.84,1199 ,84,5.0,4
4050,320000,70000,Petrol,Individual,Manual,1.0,20.51,998 ,67.04,5.0,7
4052,500000,120000,Diesel,Individual,Manual,2.0,21.8,1461 ,78,5.0,9
4053,500000,110000,Diesel,Individual,Manual,2.0,19.01,1461 ,108.45,5.0,9
4054,229999,140000,Diesel,Individual,Manual,1.0,18.4,1248 ,75,5.0,11
4055,600000,155000,Diesel,Individual,Automatic,2.0,11.79,2179 ,120,8.0,12
4057,500000,80000,Diesel,Individual,Manual,2.0,23.08,1461 ,63.1,5.0,4
4058,315000,120000,Diesel,Individual,Manual,2.0,13.6,2523 ,63,7.0,11
4059,265000,80000,Petrol,Individual,Manual,1.0,18.9,998 ,67.1,5.0,10
4060,350000,110000,Diesel,Individual,Manual,2.0,25.83,1498 ,99,5.0,6
4061,200000,230000,Diesel,Individual,Manual,1.0,23.57,1396 ,70,5.0,9
4062,114999,172000,Diesel,Individual,Manual,2.0,17.88,1396 ,52.8,5.0,10
4063,425000,25000,Petrol,Individual,Manual,1.0,18.6,1197 ,81.83,5.0,7
4064,900000,35000,Diesel,Individual,Manual,1.0,23.0,1498 ,98.96,5.0,2
4065,550000,126000,Diesel,Individual,Manual,1.0,12.05,2179 ,120,7.0,7
4066,900000,30000,Diesel,Individual,Manual,1.0,25.5,1498 ,98.6,5.0,3
4067,165000,97000,Petrol,Individual,Manual,3.0,19.81,1086 ,68.05,5.0,10
4068,850000,120000,Diesel,Individual,Automatic,1.0,19.08,1582 ,126.2,5.0,5
4069,850000,120000,Diesel,Individual,Manual,1.0,23.9,1582 ,126.32,5.0,5
4070,550000,80000,Diesel,Individual,Manual,2.0,16.55,2498 ,105,6.0,7
4071,500000,60000,Diesel,Individual,Manual,2.0,19.3,1248 ,73.9,5.0,10
4072,630000,15000,Petrol,Individual,Manual,1.0,21.21,1197 ,81.80,5.0,3
4073,160000,60000,Petrol,Individual,Manual,1.0,19.81,1086 ,68.05,5.0,10
4074,670000,60000,Diesel,Individual,Manual,1.0,25.1,1498 ,98.6,5.0,6
4075,430000,90000,Diesel,Individual,Manual,1.0,22.9,1248 ,74,5.0,7
4076,375000,30000,Petrol,Individual,Manual,1.0,19.1,1197 ,82,5.0,6
4077,650000,35000,Petrol,Individual,Manual,1.0,18.6,1197 ,81.83,5.0,5
4078,500000,35000,Diesel,Individual,Manual,1.0,26.59,1248 ,74,5.0,5
4079,500000,35000,Diesel,Individual,Manual,1.0,26.59,1248 ,74,5.0,5
4080,1350000,25000,Diesel,Individual,Manual,1.0,16.0,2179 ,140,7.0,4
4081,600000,40000,Diesel,Individual,Manual,1.0,21.66,1498 ,108.62,5.0,3
4082,1200000,25000,Diesel,Individual,Manual,1.0,19.67,1582 ,126.2,5.0,4
4083,3750000,56000,Diesel,Dealer,Automatic,1.0,11.2,2993 ,241,4.0,8
4084,795000,41779,Petrol,Dealer,Manual,1.0,21.21,1197 ,81.80,5.0,3
4085,625000,54000,Petrol,Dealer,Manual,1.0,18.7,1199 ,88.7,5.0,5
4086,2900000,31000,Diesel,Dealer,Automatic,1.0,13.0,2143 ,204,5.0,5
4087,625000,37000,Diesel,Individual,Automatic,1.0,26.8,1248 ,74,5.0,4
4088,440000,90000,Diesel,Individual,Automatic,2.0,18.1,1991 ,147.9,4.0,10
4089,1400000,13534,Petrol,Dealer,Manual,1.0,14.28,1798 ,138.03,5.0,3
4090,1450000,7000,Petrol,Dealer,Automatic,2.0,14.53,1794 ,138.1,5.0,4
4091,2700000,23000,Diesel,Dealer,Automatic,1.0,17.9,2143 ,136,5.0,4
4092,550000,23456,Petrol,Dealer,Manual,1.0,18.9,1197 ,82,5.0,4
4093,1925000,43000,Diesel,Dealer,Automatic,1.0,11.36,2755 ,171.5,8.0,2
4094,1225000,39000,Diesel,Dealer,Manual,1.0,16.0,2179 ,140,7.0,6
4095,700000,15000,Petrol,Individual,Manual,1.0,17.5,1199 ,88.7,5.0,4
4096,530000,40000,Diesel,Individual,Manual,1.0,23.4,1248 ,74,5.0,8
4097,1900000,5000,Diesel,Dealer,Automatic,1.0,17.8,1493 ,113.4,5.0,1
4098,844999,70000,Diesel,Dealer,Manual,1.0,28.09,1248 ,88.5,5.0,4
4099,650000,99000,Diesel,Dealer,Automatic,1.0,21.66,1498 ,103.52,5.0,5
4100,750000,15000,Petrol,Dealer,Manual,1.0,22.0,1197 ,81.80,5.0,3
4101,6000000,28156,Diesel,Dealer,Automatic,1.0,17.09,2993 ,261.4,4.0,3
4102,610000,30000,Petrol,Dealer,Manual,1.0,18.7,1199 ,88.7,5.0,6
4103,150000,70000,Petrol,Individual,Manual,1.0,18.6,1199 ,79.4,5.0,11
4104,475000,40000,Petrol,Individual,Manual,1.0,19.1,1197 ,85.8,5.0,7
4105,375000,136500,Diesel,Individual,Manual,4.0,12.7,2609 ,120,8.0,13
4106,425000,70000,Diesel,Individual,Manual,2.0,25.32,1198 ,77,6.0,5
4107,800000,90000,Diesel,Individual,Manual,2.0,25.1,1498 ,98.6,5.0,6
4108,40000,32000,Petrol,Individual,Manual,2.0,16.1,796 ,37,4.0,25
4109,509999,8000,Petrol,Individual,Automatic,2.0,20.51,998 ,67,5.0,3
4110,387000,170000,Diesel,Individual,Manual,1.0,23.59,1364 ,67.04,5.0,6
4111,235000,25000,Petrol,Individual,Manual,1.0,22.74,796 ,47.3,5.0,7
4112,95000,120000,Diesel,Individual,Manual,4.0,12.2,1948 ,68,10.0,21
4113,340000,110000,Diesel,Individual,Manual,3.0,17.8,1248 ,75,5.0,11
4114,1000000,100000,Diesel,Individual,Manual,1.0,16.0,2179 ,140,7.0,5
4115,160000,115000,Diesel,Individual,Manual,2.0,13.8,1399 ,68,5.0,12
4116,365000,120000,Diesel,Individual,Manual,4.0,12.7,2609 ,120,8.0,13
4117,300000,265000,Diesel,Individual,Manual,2.0,20.86,1199 ,75,5.0,10
4118,260000,90000,Diesel,Individual,Manual,2.0,17.8,1248 ,75,5.0,13
4119,860000,40000,Petrol,Individual,Automatic,1.0,18.2,1199 ,88.7,5.0,3
4120,114999,55000,Petrol,Individual,Manual,2.0,13.9,1599 ,103.2,5.0,13
4121,100000,90000,Petrol,Individual,Manual,2.0,19.7,796 ,46.3,5.0,14
4122,565000,111000,Diesel,Individual,Manual,1.0,20.34,1498 ,103.2,5.0,7
4123,450000,120000,Diesel,Individual,Manual,2.0,11.68,2498 ,112,7.0,8
4124,625000,15000,Petrol,Individual,Manual,1.0,21.4,1197 ,83.1,5.0,4
4125,280000,30000,Petrol,Individual,Manual,2.0,22.74,796 ,47.3,5.0,5
4126,330000,50000,Petrol,Individual,Manual,1.0,23.95,998 ,67.05,5.0,4
4127,1300000,40000,Diesel,Individual,Manual,1.0,19.67,1582 ,126.2,5.0,6
4128,65000,50000,Petrol,Individual,Manual,2.0,15.3,1396 ,70,5.0,13
4129,480000,45000,Petrol,Individual,Manual,2.0,23.84,1199 ,84,5.0,3
4130,400000,35000,Diesel,Individual,Manual,2.0,27.28,1047 ,69,5.0,5
4131,500000,80000,Diesel,Individual,Manual,1.0,13.93,2179 ,138,7.0,12
4132,320000,120000,Diesel,Individual,Manual,1.0,11.68,2498 ,112,7.0,9
4133,750000,90000,Diesel,Individual,Manual,2.0,15.1,2179 ,140,7.0,7
4134,620000,100000,Diesel,Individual,Manual,1.0,16.5,1493 ,70,7.0,4
4135,300000,120000,Diesel,Individual,Manual,3.0,19.3,1248 ,73.9,5.0,10
4136,1405000,15000,Petrol,Individual,Manual,1.0,15.8,1591 ,121.3,5.0,3
4137,282000,15000,Petrol,Individual,Manual,1.0,24.7,796 ,47.3,5.0,4
4138,700000,15000,Petrol,Individual,Automatic,1.0,21.21,1197 ,81.80,5.0,4
4139,700000,70000,Diesel,Individual,Manual,1.0,25.83,1498 ,99,5.0,4
4140,600000,135000,Diesel,Individual,Manual,1.0,22.77,1498 ,98.59,5.0,6
4141,290000,80000,Diesel,Individual,Manual,2.0,20.5,1598 ,103.5,5.0,9
4142,430000,80000,Diesel,Individual,Automatic,2.0,18.1,1991 ,147.9,4.0,10
4143,575000,19000,Petrol,Individual,Manual,1.0,18.6,1197 ,81.83,5.0,4
4144,875000,42000,Petrol,Individual,Manual,1.0,15.29,1591 ,121.3,5.0,4
4145,180000,77000,Petrol,Individual,Manual,1.0,18.9,998 ,67.1,5.0,11
4146,229999,120000,Diesel,Individual,Manual,1.0,23.2,1248 ,73.94,5.0,9
4147,800000,10000,Petrol,Individual,Automatic,1.0,19.56,1197 ,81.80,5.0,2
4148,60000,110000,Petrol,Individual,Manual,3.0,16.5,995 ,63,5.0,12
4149,150000,110000,Petrol,Individual,Manual,1.0,15.0,1586 ,104.68,5.0,12
4150,100000,90000,Diesel,Individual,Manual,3.0,23.57,1396 ,70,5.0,14
4151,900000,90000,Petrol,Individual,Manual,1.0,15.29,1591 ,121.3,5.0,6
4152,850000,50000,Diesel,Individual,Manual,1.0,22.54,1396 ,88.73,5.0,3
4153,220000,50000,Diesel,Individual,Manual,1.0,25.44,936 ,56.3,5.0,7
4154,250000,40000,Petrol,Individual,Manual,2.0,22.74,796 ,47.3,5.0,7
4155,125000,120000,Diesel,Individual,Manual,1.0,22.3,1248 ,74,5.0,9
4156,1200000,27000,Petrol,Individual,Manual,1.0,15.8,1591 ,121.3,5.0,3
4157,250000,100000,Diesel,Individual,Manual,1.0,23.57,1396 ,70,5.0,8
4158,440000,70000,Diesel,Individual,Manual,2.0,22.54,1396 ,88.73,5.0,7
4159,400000,40000,Petrol,Individual,Manual,1.0,23.84,1199 ,84,5.0,4
4160,50000,62000,Petrol,Individual,Manual,1.0,16.1,796 ,37,4.0,19
4161,1000000,10000,Petrol,Individual,Manual,1.0,17.0,1591 ,121.3,5.0,3
4162,600000,160000,Diesel,Individual,Manual,1.0,25.1,1498 ,98.6,5.0,7
4163,250000,60000,Petrol,Individual,Manual,1.0,17.0,1197 ,80,5.0,11
4164,310000,110000,Diesel,Individual,Manual,1.0,13.6,2523 ,63,7.0,12
4165,120000,60000,Petrol,Individual,Manual,4.0,18.9,998 ,67.1,5.0,16
4166,390000,78000,Diesel,Individual,Manual,1.0,11.68,2498 ,112,7.0,7
4167,458000,30000,Petrol,Individual,Manual,1.0,20.3,1086 ,68,5.0,2
4168,950000,20000,Diesel,Individual,Manual,1.0,23.0,1498 ,98.96,5.0,3
4169,650000,21000,Petrol,Individual,Manual,1.0,22.0,1197 ,81.80,5.0,4
4170,400000,70000,Diesel,Individual,Manual,1.0,22.9,1248 ,74,5.0,8
4171,400000,70000,Petrol,Individual,Automatic,2.0,18.9,1197 ,82,5.0,6
4172,100000,42500,Petrol,Individual,Manual,1.0,19.7,796 ,46.3,5.0,15
4173,350000,25000,Petrol,Individual,Manual,1.0,20.36,1197 ,78.9,5.0,9
4174,450000,80000,Diesel,Individual,Manual,2.0,13.7,2197 ,138.1,7.0,8
4175,350000,90000,Diesel,Individual,Manual,1.0,12.7,2609 ,116.6,8.0,15
4176,250000,80000,Diesel,Individual,Manual,4.0,22.07,1199 ,73.9,5.0,11
4177,450000,146000,Diesel,Individual,Manual,2.0,15.96,2523 ,62.1,7.0,8
4178,157000,47200,Petrol,Individual,Manual,3.0,16.1,796 ,37,4.0,8
4179,1500000,60000,Diesel,Individual,Manual,1.0,15.1,2179 ,152.87,7.0,3
4180,1500000,60000,Diesel,Individual,Manual,1.0,15.1,2179 ,152.87,7.0,3
4181,75000,100000,Petrol,Individual,Manual,2.0,15.3,1193 ,65.3,5.0,14
4182,280000,100000,Diesel,Individual,Manual,2.0,14.8,2499 ,80,10.0,11
4183,600000,35000,Petrol,Individual,Manual,1.0,18.6,1197 ,81.83,5.0,6
4184,250999,120000,Diesel,Individual,Manual,4.0,15.3,2956 ,83.8,7.0,9
4185,350000,80000,Petrol,Individual,Manual,2.0,12.5,1794 ,132,5.0,11
4186,300000,34000,Petrol,Individual,Manual,1.0,23.01,999 ,67,5.0,5
4187,819999,50000,Diesel,Individual,Manual,1.0,19.87,1461 ,83.8,5.0,4
4188,409999,100000,Diesel,Individual,Manual,2.0,19.61,1405 ,70,5.0,11
4189,275000,52000,Petrol,Individual,Manual,2.0,13.9,1599 ,103.2,5.0,13
4190,497000,110000,Diesel,Individual,Manual,1.0,20.77,1248 ,88.76,7.0,8
4191,500000,70000,Petrol,Individual,Manual,1.0,18.6,1197 ,81.83,5.0,6
4192,170000,120000,Diesel,Individual,Manual,2.0,14.0,2523 ,83,7.0,15
4193,515000,68609,Diesel,Dealer,Manual,1.0,22.7,1498 ,89.84,5.0,5
4194,925000,33360,Diesel,Dealer,Manual,1.0,22.77,1498 ,98.59,5.0,3
4195,1460000,5000,Diesel,Individual,Manual,1.0,17.3,1497 ,121,7.0,2
4196,2700000,10000,Diesel,Individual,Automatic,1.0,13.8,2999 ,174.57,7.0,2
4197,830000,35000,Diesel,Individual,Manual,1.0,21.5,1497 ,108.5,5.0,4
4198,975000,30000,Diesel,Individual,Manual,1.0,23.0,1498 ,98.96,5.0,2
4199,620000,15000,Petrol,Individual,Manual,1.0,20.4,1194 ,94.93,5.0,3
4200,860000,14317,Petrol,Dealer,Manual,1.0,14.23,1498 ,104.55,5.0,2
4201,430000,5000,Petrol,Individual,Manual,2.0,20.63,1198 ,67,5.0,3
4202,1227000,5000,Petrol,Individual,Automatic,1.0,18.0,1497 ,117.6,5.0,2
4203,860000,28000,Petrol,Individual,Manual,1.0,17.8,1497 ,117.3,5.0,4
4204,950000,40000,Diesel,Individual,Manual,1.0,23.0,1498 ,98.96,5.0,3
4205,225000,87237,Diesel,Dealer,Manual,2.0,20.0,1399 ,68.05,5.0,9
4206,500000,99500,Diesel,Individual,Manual,3.0,11.5,1991 ,147.9,7.0,10
4207,500000,62960,Diesel,Dealer,Manual,1.0,25.83,1498 ,99,5.0,4
4208,1700000,16500,Petrol,Dealer,Automatic,1.0,13.96,1451 ,141,5.0,2
4209,545000,110000,Diesel,Individual,Manual,1.0,20.77,1248 ,88.76,7.0,7
4210,400000,72000,Diesel,Individual,Manual,1.0,22.9,1248 ,74,5.0,10
4211,650000,50000,Diesel,Individual,Manual,1.0,28.4,1248 ,74.02,5.0,3
4212,114999,55000,Petrol,Individual,Manual,2.0,13.9,1599 ,103.2,5.0,13
4213,562000,60000,Diesel,Individual,Manual,1.0,27.39,1248 ,74,5.0,6
4214,96000,120000,Diesel,Individual,Manual,1.0,14.07,2956 ,83.1,7.0,19
4215,2711000,9000,Diesel,Dealer,Automatic,1.0,13.6,1999 ,177,5.0,4
4216,5150000,20000,Petrol,Dealer,Automatic,1.0,22.37,2487 ,214.56,5.0,2
4217,3200000,45000,Diesel,Dealer,Automatic,1.0,19.33,1999 ,177,5.0,4
4218,503000,110000,Diesel,Individual,Manual,1.0,14.1,2179 ,147.94,7.0,6
4219,3800000,20000,Diesel,Individual,Automatic,1.0,18.0,1969 ,190,5.0,2
4220,2000000,68089,Petrol,Trustmark Dealer,Automatic,1.0,19.16,2494 ,157.7,5.0,5
4221,225000,58343,Petrol,Trustmark Dealer,Manual,1.0,21.79,998 ,67.05,5.0,8
4222,740000,38817,Diesel,Dealer,Manual,1.0,27.39,1248 ,74,5.0,3
4223,550000,56494,Petrol,Trustmark Dealer,Manual,1.0,18.2,1199 ,88.7,5.0,5
4224,750000,79328,Diesel,Trustmark Dealer,Manual,2.0,12.99,2494 ,100.6,7.0,8
4225,650000,5621,Petrol,Trustmark Dealer,Automatic,1.0,22.0,1197 ,81.80,5.0,2
4226,625000,25538,Petrol,Trustmark Dealer,Manual,1.0,16.78,1496 ,88.73,5.0,4
4227,600000,69779,Petrol,Dealer,Automatic,1.0,22.0,1197 ,81.80,5.0,3
4228,450000,56290,Diesel,Dealer,Manual,1.0,24.0,1186 ,73.97,5.0,4
4229,5400000,7500,Diesel,Dealer,Automatic,1.0,16.78,1995 ,190,5.0,2
4230,5500000,8500,Diesel,Dealer,Automatic,1.0,16.78,1995 ,190,5.0,2
4231,779000,7032,Petrol,Trustmark Dealer,Automatic,1.0,19.0,1199 ,88.76,5.0,2
4232,645000,11000,Petrol,Dealer,Automatic,1.0,14.3,1598 ,103.5,5.0,5
4233,2475000,2000,Diesel,Dealer,Automatic,1.0,16.8,1984 ,150,5.0,3
4234,2711000,9000,Diesel,Dealer,Automatic,1.0,13.6,1999 ,177,5.0,4
4235,5150000,20000,Petrol,Dealer,Automatic,1.0,22.37,2487 ,214.56,5.0,2
4236,3200000,45000,Diesel,Dealer,Automatic,1.0,19.33,1999 ,177,5.0,4
4237,503000,110000,Diesel,Individual,Manual,1.0,14.1,2179 ,147.94,7.0,6
4238,3800000,20000,Diesel,Individual,Automatic,1.0,18.0,1969 ,190,5.0,2
4239,2000000,68089,Petrol,Trustmark Dealer,Automatic,1.0,19.16,2494 ,157.7,5.0,5
4240,225000,58343,Petrol,Trustmark Dealer,Manual,1.0,21.79,998 ,67.05,5.0,8
4241,740000,38817,Diesel,Dealer,Manual,1.0,27.39,1248 ,74,5.0,3
4242,550000,56494,Petrol,Trustmark Dealer,Manual,1.0,18.2,1199 ,88.7,5.0,5
4243,750000,79328,Diesel,Trustmark Dealer,Manual,2.0,12.99,2494 ,100.6,7.0,8
4244,650000,5621,Petrol,Trustmark Dealer,Automatic,1.0,22.0,1197 ,81.80,5.0,2
4245,625000,25538,Petrol,Trustmark Dealer,Manual,1.0,16.78,1496 ,88.73,5.0,4
4246,600000,69779,Petrol,Dealer,Automatic,1.0,22.0,1197 ,81.80,5.0,3
4247,450000,56290,Diesel,Dealer,Manual,1.0,24.0,1186 ,73.97,5.0,4
4248,5400000,7500,Diesel,Dealer,Automatic,1.0,16.78,1995 ,190,5.0,2
4249,5500000,8500,Diesel,Dealer,Automatic,1.0,16.78,1995 ,190,5.0,2
4250,779000,7032,Petrol,Trustmark Dealer,Automatic,1.0,19.0,1199 ,88.76,5.0,2
4251,645000,11000,Petrol,Dealer,Automatic,1.0,14.3,1598 ,103.5,5.0,5
4252,2475000,2000,Diesel,Dealer,Automatic,1.0,16.8,1984 ,150,5.0,3
4253,155000,100000,Diesel,Individual,Manual,3.0,14.8,1998 ,68,5.0,22
4255,2711000,9000,Diesel,Dealer,Automatic,1.0,13.6,1999 ,177,5.0,4
4256,5150000,20000,Petrol,Dealer,Automatic,1.0,22.37,2487 ,214.56,5.0,2
4257,3200000,45000,Diesel,Dealer,Automatic,1.0,19.33,1999 ,177,5.0,4
4258,503000,110000,Diesel,Individual,Manual,1.0,14.1,2179 ,147.94,7.0,6
4259,3800000,20000,Diesel,Individual,Automatic,1.0,18.0,1969 ,190,5.0,2
4260,2000000,68089,Petrol,Trustmark Dealer,Automatic,1.0,19.16,2494 ,157.7,5.0,5
4261,225000,58343,Petrol,Trustmark Dealer,Manual,1.0,21.79,998 ,67.05,5.0,8
4262,740000,38817,Diesel,Dealer,Manual,1.0,27.39,1248 ,74,5.0,3
4263,550000,56494,Petrol,Trustmark Dealer,Manual,1.0,18.2,1199 ,88.7,5.0,5
4264,750000,79328,Diesel,Trustmark Dealer,Manual,2.0,12.99,2494 ,100.6,7.0,8
4265,650000,5621,Petrol,Trustmark Dealer,Automatic,1.0,22.0,1197 ,81.80,5.0,2
4266,625000,25538,Petrol,Trustmark Dealer,Manual,1.0,16.78,1496 ,88.73,5.0,4
4267,600000,69779,Petrol,Dealer,Automatic,1.0,22.0,1197 ,81.80,5.0,3
4268,450000,56290,Diesel,Dealer,Manual,1.0,24.0,1186 ,73.97,5.0,4
4269,5400000,7500,Diesel,Dealer,Automatic,1.0,16.78,1995 ,190,5.0,2
4270,5500000,8500,Diesel,Dealer,Automatic,1.0,16.78,1995 ,190,5.0,2
4271,779000,7032,Petrol,Trustmark Dealer,Automatic,1.0,19.0,1199 ,88.76,5.0,2
4272,645000,11000,Petrol,Dealer,Automatic,1.0,14.3,1598 ,103.5,5.0,5
4273,2475000,2000,Diesel,Dealer,Automatic,1.0,16.8,1984 ,150,5.0,3
4274,590000,80000,Diesel,Individual,Manual,1.0,25.01,1498 ,89.75,5.0,6
4275,350000,120000,Diesel,Individual,Manual,2.0,24.4,1120 ,71,5.0,5
4276,484999,30000,Petrol,Individual,Manual,1.0,20.89,1197 ,81.80,5.0,4
4277,240000,110000,Diesel,Individual,Manual,2.0,19.1,1405 ,70,5.0,6
4278,500000,219000,Diesel,Individual,Manual,2.0,12.8,2494 ,102,8.0,13
4279,300000,80000,Petrol,Individual,Manual,1.0,24.7,796 ,47.3,5.0,4
4280,750000,80000,Diesel,Individual,Manual,1.0,28.09,1248 ,88.5,5.0,5
4281,574000,35000,Petrol,Individual,Manual,2.0,20.85,1197 ,83.14,5.0,5
4282,200000,167000,Diesel,Individual,Manual,1.0,22.3,1248 ,88.8,5.0,8
4283,1100000,94000,Diesel,Individual,Manual,1.0,19.67,1582 ,126.2,5.0,5
4284,350000,80000,Petrol,Individual,Manual,1.0,17.92,1086 ,62.1,5.0,9
4285,70000,100000,Petrol,Individual,Manual,2.0,16.1,796 ,37,4.0,23
4286,120000,90000,Petrol,Individual,Manual,2.0,13.8,1299 ,70,5.0,16
4287,700000,246000,Diesel,Individual,Manual,2.0,12.99,2494 ,100,7.0,9
4288,500000,10000,Petrol,Individual,Manual,1.0,21.4,1197 ,83.1,5.0,2
4289,370000,90000,Diesel,Individual,Manual,1.0,19.09,1405 ,69.01,5.0,5
4290,600000,5200,Petrol,Individual,Manual,1.0,20.3,1199 ,83.81,5.0,2
4291,100000,120000,Petrol,Individual,Manual,2.0,17.3,993 ,60,5.0,15
4292,409999,90000,Diesel,Individual,Manual,2.0,22.9,1248 ,74,5.0,8
4293,750000,50000,Petrol,Individual,Automatic,1.0,18.0,1497 ,117.3,5.0,5
4294,600000,5000,Petrol,Individual,Manual,1.0,18.9,1197 ,81.86,5.0,4
4295,550000,10500,Petrol,Individual,Manual,1.0,18.15,1198 ,82,6.0,3
4296,950000,26000,Diesel,Individual,Manual,1.0,19.6,1461 ,108.45,5.0,3
4297,645000,139000,Diesel,Individual,Automatic,1.0,11.79,2179 ,120,8.0,7
4298,750000,60000,Diesel,Individual,Manual,2.0,15.1,2179 ,140,7.0,7
4299,650000,40000,Petrol,Individual,Manual,1.0,11.7,1796 ,178,5.0,15
4300,800000,25000,Petrol,Individual,Manual,1.0,15.85,1499 ,110.4,5.0,6
4301,350000,60000,Petrol,Individual,Manual,2.0,14.53,1798 ,138,5.0,11
4302,700000,25000,Petrol,Individual,Manual,1.0,15.85,1499 ,110.4,5.0,6
4303,335000,15000,Petrol,Individual,Manual,1.0,17.5,1298 ,85.8,5.0,10
4304,270000,110000,Diesel,Individual,Manual,1.0,19.3,1248 ,73.9,5.0,9
4306,320000,100000,Diesel,Individual,Manual,2.0,19.3,1248 ,73.9,5.0,11
4307,120000,120000,Petrol,Individual,Manual,1.0,17.8,1086 ,63,5.0,14
4308,730000,55000,Petrol,Individual,Automatic,2.0,12.3,1781 ,163.2,5.0,11
4309,125000,120000,Petrol,Individual,Manual,3.0,15.0,1586 ,104.68,5.0,14
4310,150000,35000,Petrol,Individual,Manual,1.0,18.2,1061 ,64,5.0,14
4311,310000,13000,Petrol,Individual,Manual,1.0,24.7,796 ,47.3,5.0,3
4312,625000,50000,Diesel,Individual,Manual,1.0,26.59,1248 ,74,5.0,6
4313,267000,40000,Petrol,Individual,Manual,1.0,20.36,1197 ,78.9,5.0,9
4314,600000,25000,Petrol,Individual,Manual,1.0,17.19,1197 ,81.86,5.0,5
4315,180000,110000,Petrol,Individual,Manual,2.0,15.37,1196 ,73,7.0,10
4316,700000,5000,Petrol,Individual,Manual,1.0,23.87,1197 ,88.50,5.0,2
4317,121000,50000,Petrol,Individual,Manual,2.0,16.1,796 ,37,4.0,8
4318,350000,80000,Petrol,Individual,Manual,3.0,18.9,1197 ,82,5.0,7
4319,869999,225000,Diesel,Individual,Manual,2.0,12.99,2494 ,100,8.0,9
4320,2711000,9000,Diesel,Dealer,Automatic,1.0,13.6,1999 ,177,5.0,4
4321,5150000,20000,Petrol,Dealer,Automatic,1.0,22.37,2487 ,214.56,5.0,2
4322,3200000,45000,Diesel,Dealer,Automatic,1.0,19.33,1999 ,177,5.0,4
4323,503000,110000,Diesel,Individual,Manual,1.0,14.1,2179 ,147.94,7.0,6
4324,3800000,20000,Diesel,Individual,Automatic,1.0,18.0,1969 ,190,5.0,2
4325,2000000,68089,Petrol,Trustmark Dealer,Automatic,1.0,19.16,2494 ,157.7,5.0,5
4326,225000,58343,Petrol,Trustmark Dealer,Manual,1.0,21.79,998 ,67.05,5.0,8
4327,740000,38817,Diesel,Dealer,Manual,1.0,27.39,1248 ,74,5.0,3
4328,550000,56494,Petrol,Trustmark Dealer,Manual,1.0,18.2,1199 ,88.7,5.0,5
4329,750000,79328,Diesel,Trustmark Dealer,Manual,2.0,12.99,2494 ,100.6,7.0,8
4330,650000,5621,Petrol,Trustmark Dealer,Automatic,1.0,22.0,1197 ,81.80,5.0,2
4331,625000,25538,Petrol,Trustmark Dealer,Manual,1.0,16.78,1496 ,88.73,5.0,4
4332,600000,69779,Petrol,Dealer,Automatic,1.0,22.0,1197 ,81.80,5.0,3
4333,450000,56290,Diesel,Dealer,Manual,1.0,24.0,1186 ,73.97,5.0,4
4334,5400000,7500,Diesel,Dealer,Automatic,1.0,16.78,1995 ,190,5.0,2
4335,5500000,8500,Diesel,Dealer,Automatic,1.0,16.78,1995 ,190,5.0,2
4336,779000,7032,Petrol,Trustmark Dealer,Automatic,1.0,19.0,1199 ,88.76,5.0,2
4337,645000,11000,Petrol,Dealer,Automatic,1.0,14.3,1598 ,103.5,5.0,5
4338,2475000,2000,Diesel,Dealer,Automatic,1.0,16.8,1984 ,150,5.0,3
4339,80000,100000,Petrol,Individual,Manual,3.0,17.3,1061 ,64,5.0,13
4340,120000,93331,Petrol,Individual,Manual,2.0,19.81,1086 ,68.05,5.0,13
4341,370000,120000,Diesel,Individual,Manual,2.0,13.5,2179 ,115,5.0,9
4342,750000,70000,Diesel,Individual,Manual,1.0,19.01,1461 ,108.5,5.0,6
4343,484999,100000,Diesel,Individual,Manual,1.0,15.96,2523 ,63,9.0,6
4344,120000,90000,Diesel,Individual,Manual,2.0,13.1,1493 ,82,5.0,15
4345,860000,28000,Petrol,Individual,Manual,1.0,17.8,1497 ,117.3,5.0,4
4346,650000,50000,Diesel,Individual,Manual,1.0,28.4,1248 ,74.02,5.0,3
4347,650000,90000,Diesel,Individual,Manual,1.0,20.77,1248 ,88.8,7.0,7
4348,710000,40000,Diesel,Individual,Manual,1.0,24.8,1396 ,88.7,5.0,5
4349,430000,113000,Diesel,Individual,Manual,1.0,25.83,1498 ,99,5.0,4
4350,305000,188000,Diesel,Individual,Manual,2.0,17.8,1248 ,75,5.0,10
4351,220000,100000,Diesel,Individual,Manual,1.0,20.0,1399 ,68,5.0,10
4352,150000,225000,Diesel,Individual,Manual,3.0,14.0,1948 ,90,9.0,11
4353,660000,67000,Diesel,Individual,Manual,2.0,18.49,1493 ,100,7.0,4
4354,140000,70000,Diesel,Individual,Manual,4.0,25.44,936 ,57.6,5.0,10
4355,1100000,50000,Petrol,Individual,Manual,1.0,14.28,1798 ,138.03,5.0,6
4356,2450000,60000,Diesel,Individual,Automatic,1.0,16.36,2179 ,187.7,5.0,8
4357,625000,34000,Diesel,Individual,Automatic,1.0,22.0,1498 ,108.495,5.0,4
4358,198000,110000,Petrol,Individual,Manual,3.0,12.8,1493 ,100,5.0,17
4360,130000,140000,Petrol,Individual,Manual,2.0,18.9,998 ,67.1,5.0,16
4361,540000,100000,Petrol,Individual,Manual,2.0,16.8,1497 ,116.3,5.0,9
4362,550000,10000,Petrol,Individual,Automatic,1.0,18.9,1197 ,81.86,5.0,4
4363,475000,30000,Petrol,Individual,Manual,1.0,21.63,998 ,67.04,5.0,3
4364,3100000,90000,Diesel,Individual,Automatic,1.0,15.04,2755 ,174.5,7.0,5
4365,217000,120000,Diesel,Individual,Manual,1.0,21.1,1248 ,73.9,5.0,11
4367,750000,6500,Petrol,Individual,Automatic,1.0,21.21,1197 ,81.80,5.0,2
4368,350000,80000,Petrol,Individual,Manual,1.0,11.96,1298 ,80,8.0,11
4369,400000,100000,Diesel,Individual,Manual,3.0,12.05,2179 ,120,7.0,13
4370,570000,120000,Diesel,Individual,Manual,2.0,23.59,1364 ,67.05,5.0,6
4371,180000,120000,Petrol,Individual,Manual,2.0,21.1,814 ,55.2,5.0,9
4372,68000,110000,Petrol,Individual,Manual,3.0,13.1,1598 ,77,5.0,23
4373,280000,150000,Diesel,Individual,Manual,3.0,18.7,1896 ,66,5.0,15
4374,90000,120000,Diesel,Individual,Manual,4.0,16.1,1405 ,70,5.0,16
4375,2600000,100000,Diesel,Individual,Automatic,2.0,15.26,2143 ,203.2,5.0,6
4376,700000,63000,Diesel,Individual,Manual,1.0,15.3,2956 ,83.83,7.0,3
4377,1850000,40000,Diesel,Individual,Automatic,2.0,17.9,2143 ,136,5.0,5
4378,685000,109000,Diesel,Dealer,Manual,1.0,22.7,1498 ,89.84,5.0,6
4379,565000,114000,Diesel,Dealer,Manual,1.0,25.2,1248 ,73.94,5.0,6
4380,1600000,33000,Petrol,Dealer,Automatic,2.0,14.7,1798 ,177.5,5.0,4
4381,395000,160000,Diesel,Dealer,Manual,3.0,24.0,1120 ,70,5.0,7
4382,425000,101000,Diesel,Dealer,Manual,1.0,21.9,1396 ,88.76,5.0,8
4383,1350000,5400,Diesel,Dealer,Manual,,22.27,1498 ,108.6,5.0,2
4384,1950000,45000,Diesel,Dealer,Automatic,2.0,16.38,1995 ,183,5.0,5
4385,535000,31000,Petrol,Dealer,Automatic,1.0,24.04,999 ,67,5.0,3
4386,500000,31000,Petrol,Dealer,Manual,1.0,23.01,999 ,67,5.0,3
4387,434999,55000,Petrol,Dealer,Manual,1.0,20.52,1197 ,81.80,5.0,5
4388,250000,55000,Petrol,Dealer,Automatic,1.0,21.9,624 ,37.48,4.0,3
4389,700000,117000,Diesel,Dealer,Manual,1.0,22.32,1582 ,126.32,5.0,7
4390,1100000,102000,Diesel,Dealer,Automatic,1.0,19.62,1995 ,187.74,5.0,11
4391,900000,108000,Diesel,Dealer,Automatic,1.0,17.42,1968 ,175,5.0,9
4392,425000,75000,Petrol,Dealer,Manual,1.0,20.52,1197 ,81.80,5.0,6
4393,1600000,74000,Diesel,Dealer,Automatic,1.0,10.0,2148 ,170,5.0,10
4394,325000,158000,Diesel,Dealer,Manual,1.0,24.4,1499 ,98.96,5.0,8
4395,2700000,10000,Diesel,Individual,Automatic,1.0,13.8,2999 ,174.57,7.0,2
4396,950000,40000,Diesel,Individual,Manual,1.0,23.0,1498 ,98.96,5.0,3
4397,1140000,10000,Diesel,Individual,Automatic,1.0,21.5,1497 ,108.5,5.0,2
4398,980000,53000,Diesel,Individual,Manual,1.0,17.6,2179 ,147.94,7.0,4
4399,1920000,20000,Diesel,Individual,Manual,2.0,16.3,1956 ,170,5.0,4
4400,808000,5000,Petrol,Individual,Manual,1.0,18.24,999 ,108.6,5.0,1
4401,550000,30000,Petrol,Individual,Manual,1.0,19.1,1197 ,85.8,5.0,7
4402,215000,64000,Petrol,Individual,Manual,1.0,19.7,796 ,46.3,5.0,11
4403,512000,10500,Petrol,Individual,Manual,1.0,18.16,1196 ,86.8,5.0,5
4404,215000,50000,Petrol,Individual,Manual,2.0,19.7,796 ,46.3,5.0,10
4405,500000,60000,Diesel,Individual,Manual,1.0,20.5,1598 ,103.5,5.0,9
4406,700000,35000,Diesel,Individual,Manual,1.0,21.14,1498 ,103.52,5.0,6
4407,525000,135000,Diesel,Individual,Manual,1.0,13.93,2179 ,138.03,7.0,9
4408,550000,70000,Diesel,Individual,Manual,2.0,12.05,2179 ,120,9.0,10
4409,750000,80000,Diesel,Individual,Manual,1.0,24.3,1248 ,88.5,5.0,5
4410,395000,25000,Petrol,Individual,Manual,1.0,21.63,998 ,67,5.0,4
4411,675000,5000,Petrol,Individual,Manual,1.0,18.6,1197 ,81.83,5.0,4
4412,140000,80000,Petrol,Individual,Manual,3.0,17.92,1086 ,62.1,5.0,13
4413,430000,120000,Diesel,Individual,Manual,2.0,12.05,2179 ,120,8.0,10
4414,2711000,9000,Diesel,Dealer,Automatic,1.0,13.6,1999 ,177,5.0,4
4415,5150000,20000,Petrol,Dealer,Automatic,1.0,22.37,2487 ,214.56,5.0,2
4416,3200000,45000,Diesel,Dealer,Automatic,1.0,19.33,1999 ,177,5.0,4
4417,503000,110000,Diesel,Individual,Manual,1.0,14.1,2179 ,147.94,7.0,6
4418,3800000,20000,Diesel,Individual,Automatic,1.0,18.0,1969 ,190,5.0,2
4419,2000000,68089,Petrol,Trustmark Dealer,Automatic,1.0,19.16,2494 ,157.7,5.0,5
4420,225000,58343,Petrol,Trustmark Dealer,Manual,1.0,21.79,998 ,67.05,5.0,8
4421,740000,38817,Diesel,Dealer,Manual,1.0,27.39,1248 ,74,5.0,3
4422,550000,56494,Petrol,Trustmark Dealer,Manual,1.0,18.2,1199 ,88.7,5.0,5
4423,750000,79328,Diesel,Trustmark Dealer,Manual,2.0,12.99,2494 ,100.6,7.0,8
4424,650000,5621,Petrol,Trustmark Dealer,Automatic,1.0,22.0,1197 ,81.80,5.0,2
4425,625000,25538,Petrol,Trustmark Dealer,Manual,1.0,16.78,1496 ,88.73,5.0,4
4426,600000,69779,Petrol,Dealer,Automatic,1.0,22.0,1197 ,81.80,5.0,3
4427,450000,56290,Diesel,Dealer,Manual,1.0,24.0,1186 ,73.97,5.0,4
4428,5400000,7500,Diesel,Dealer,Automatic,1.0,16.78,1995 ,190,5.0,2
4429,5500000,8500,Diesel,Dealer,Automatic,1.0,16.78,1995 ,190,5.0,2
4430,779000,7032,Petrol,Trustmark Dealer,Automatic,1.0,19.0,1199 ,88.76,5.0,2
4431,645000,11000,Petrol,Dealer,Automatic,1.0,14.3,1598 ,103.5,5.0,5
4432,2475000,2000,Diesel,Dealer,Automatic,1.0,16.8,1984 ,150,5.0,3
4435,300000,10000,Petrol,Individual,Manual,1.0,20.51,998 ,67.04,5.0,7
4436,355000,68000,Diesel,Individual,Manual,1.0,22.1,1248 ,76.9,5.0,8
4437,180000,35000,Petrol,Individual,Manual,2.0,22.74,796 ,47.3,5.0,6
4438,280000,70000,Diesel,Individual,Manual,1.0,25.0,1396 ,69,5.0,8
4439,250000,70000,Diesel,Individual,Manual,1.0,19.0,1248 ,90,5.0,10
4440,125000,50000,Petrol,Individual,Manual,1.0,15.3,1193 ,65.3,5.0,14
4443,810000,29700,Diesel,Individual,Manual,1.0,25.1,1248 ,88.5,5.0,3
4444,671000,20000,Petrol,Individual,Automatic,1.0,18.6,1368 ,98.63,5.0,3
4445,295000,20000,Petrol,Individual,Manual,1.0,24.7,796 ,47.3,5.0,3
4446,850000,40000,Diesel,Individual,Manual,1.0,24.52,1248 ,88.5,7.0,4
4447,409999,90000,Diesel,Individual,Manual,1.0,22.9,1248 ,74,5.0,8
4448,600000,90000,Petrol,Individual,Manual,1.0,16.02,1373 ,93.7,7.0,6
4449,600000,80000,Diesel,Individual,Manual,1.0,15.96,2523 ,62.1,7.0,6
4450,220000,60000,Petrol,Individual,Manual,3.0,18.9,998 ,67.1,5.0,9
4451,550000,56000,Diesel,Individual,Manual,1.0,23.4,1248 ,74,5.0,8
4452,650000,50000,Diesel,Individual,Manual,1.0,14.0,2523 ,75,8.0,7
4453,655000,50000,Diesel,Individual,Manual,2.0,14.0,2523 ,75,9.0,7
4454,130000,74000,Diesel,Individual,Manual,1.0,13.7,1948 ,68,7.0,15
4455,400000,123000,Diesel,Individual,Manual,1.0,19.01,1461 ,108.45,5.0,7
4457,155000,54000,Petrol,Individual,Manual,1.0,19.7,796 ,46.3,5.0,12
4458,250000,50000,Petrol,Individual,Manual,1.0,15.64,1193 ,64.1,5.0,8
4459,400000,80000,Petrol,Individual,Manual,2.0,18.9,1197 ,82,5.0,7
4460,500000,10000,Petrol,Individual,Manual,1.0,19.02,1198 ,67.05,5.0,2
4461,565000,10000,Petrol,Individual,Automatic,1.0,20.3,1086 ,68,5.0,3
4462,900000,40000,Diesel,Individual,Manual,1.0,23.0,1498 ,98.96,5.0,3
4463,650000,120000,Diesel,Individual,Manual,1.0,16.5,1493 ,70,7.0,4
4464,600000,45000,Diesel,Individual,Manual,1.0,15.96,2523 ,62.1,7.0,8
4465,800000,35000,Diesel,Individual,Manual,1.0,28.4,1248 ,74.02,5.0,3
4466,575000,60000,Diesel,Individual,Manual,1.0,22.54,1396 ,88.73,5.0,6
4467,550000,40000,Petrol,Individual,Automatic,1.0,17.01,1499 ,110.4,5.0,5
4468,190000,80000,Petrol,Individual,Manual,3.0,15.5,1586 ,103.3,5.0,10
4469,750000,37000,Diesel,Individual,Manual,1.0,23.0,1498 ,98.96,5.0,4
4470,625000,22000,Petrol,Individual,Manual,1.0,21.4,1197 ,83.1,5.0,3
4471,799000,60000,Diesel,Individual,Manual,2.0,22.54,1396 ,88.73,5.0,3
4472,300000,57000,Petrol,Individual,Manual,2.0,20.51,998 ,67.04,5.0,8
4473,850000,27000,Petrol,Individual,Manual,1.0,20.73,1373 ,91.1,5.0,4
4474,130000,70000,Petrol,Individual,Manual,1.0,18.0,995 ,62,5.0,9
4475,229999,40000,Petrol,Individual,Manual,2.0,20.92,998 ,67.1,5.0,10
4476,400000,60000,Petrol,Individual,Manual,1.0,23.1,998 ,67.04,5.0,6
4477,900000,35000,Diesel,Individual,Manual,1.0,16.55,2498 ,105,6.0,3
4478,800000,70000,Diesel,Individual,Manual,1.0,15.4,1997 ,120,7.0,6
4479,250999,43000,Petrol,Individual,Manual,2.0,21.1,814 ,55.2,5.0,6
4480,250000,110000,Petrol,Individual,Manual,2.0,15.0,1368 ,90,5.0,10
4481,100000,100000,Petrol,Individual,Manual,2.0,15.7,1172 ,67,5.0,12
4482,450000,64000,Petrol,Individual,Manual,1.0,20.4,1197 ,81.80,5.0,5
4483,575000,96000,Diesel,Individual,Manual,1.0,19.87,1461 ,83.8,5.0,4
4484,400000,96000,Diesel,Individual,Manual,1.0,20.46,1461 ,83.8,5.0,8
4485,480000,7600,Petrol,Individual,Manual,1.0,21.63,998 ,67,5.0,2
4486,490000,7000,Petrol,Individual,Manual,1.0,21.63,998 ,67,5.0,2
4487,150000,120000,Diesel,Individual,Manual,2.0,17.0,1405 ,70,5.0,14
4488,600000,50000,Diesel,Individual,Manual,1.0,22.95,1248 ,74,5.0,4
4489,500000,50000,Diesel,Individual,Manual,2.0,24.4,1120 ,71,5.0,6
4490,425000,80000,Diesel,Individual,Manual,1.0,23.0,1248 ,88.7,5.0,6
4491,108000,200000,Diesel,Individual,Manual,2.0,13.1,1493 ,82,5.0,18
4492,1030000,190000,Diesel,Individual,Manual,1.0,12.99,2494 ,100.6,7.0,6
4493,360000,34000,Petrol,Individual,Manual,1.0,20.51,998 ,67.04,5.0,6
4494,290000,80000,Petrol,Individual,Manual,2.0,16.47,1198 ,73.9,5.0,9
4495,400000,72000,Diesel,Individual,Manual,1.0,22.9,1248 ,74,5.0,10
4496,70000,20000,Diesel,Individual,Manual,1.0,15.9,1527 ,57,5.0,18
4497,320000,70000,Diesel,Individual,Manual,2.0,15.3,2956 ,83.8,7.0,9
4498,975000,30000,Diesel,Individual,Manual,1.0,23.0,1498 ,98.96,5.0,2
4499,1227000,5000,Petrol,Individual,Automatic,1.0,18.0,1497 ,117.6,5.0,2
4500,755000,29340,Diesel,Individual,Manual,1.0,22.32,1582 ,126.32,5.0,7
4501,215000,120000,Diesel,Individual,Manual,1.0,20.0,1399 ,68,5.0,10
4502,735000,200000,Diesel,Individual,Manual,2.0,12.8,2494 ,102,7.0,10
4503,190000,70000,Petrol,Individual,Manual,2.0,19.81,1086 ,68.05,5.0,14
4504,1365000,80800,Diesel,Individual,Manual,2.0,12.99,2494 ,100.6,8.0,7
4505,675000,24265,Petrol,Dealer,Manual,1.0,18.7,1199 ,88.7,5.0,3
4506,438999,81000,Diesel,Dealer,Manual,1.0,23.4,1248 ,74,5.0,7
4507,550000,240000,Diesel,Individual,Manual,1.0,19.98,1461 ,108.5,7.0,6
4508,409999,35000,Petrol,Individual,Manual,1.0,19.1,1197 ,85.8,5.0,8
4509,350000,15000,Petrol,Individual,Manual,1.0,25.17,799 ,53.3,5.0,2
4510,135000,49000,Diesel,Individual,Manual,3.0,25.44,936 ,57.6,5.0,9
4511,1490000,56900,Diesel,Individual,Manual,2.0,13.68,2393 ,147.8,8.0,5
4512,520000,70000,Diesel,Individual,Manual,2.0,25.2,1248 ,74,5.0,7
4513,315000,180000,Diesel,Individual,Manual,1.0,19.3,1248 ,73.9,5.0,11
4514,235000,50000,Petrol,Individual,Manual,1.0,19.0,998 ,66.1,5.0,11
4515,80500,50000,Petrol,Individual,Manual,3.0,13.2,1495 ,94,5.0,16
4516,375000,88200,Diesel,Individual,Manual,1.0,23.2,1248 ,73.94,5.0,8
4517,189000,93000,Petrol,Individual,Manual,2.0,16.1,1197 ,85,5.0,15
4518,550000,120000,Diesel,Individual,Manual,1.0,25.8,1498 ,98.6,5.0,4
4519,260000,110000,Diesel,Individual,Manual,2.0,17.8,1399 ,68,5.0,10
4520,650000,50000,Diesel,Individual,Automatic,2.0,26.59,1248 ,74,5.0,5
4521,480000,80000,Diesel,Individual,Manual,1.0,23.4,1248 ,74,5.0,8
4522,700000,40000,Diesel,Individual,Manual,1.0,22.54,1396 ,88.73,5.0,5
4523,650000,110000,Diesel,Individual,Manual,3.0,20.77,1248 ,88.76,7.0,6
4524,1300000,48000,Diesel,Individual,Manual,2.0,19.67,1582 ,126.2,5.0,6
4525,1350000,97000,Diesel,Individual,Automatic,1.0,16.96,1968 ,138.03,5.0,5
4526,1000000,60000,Diesel,Individual,Automatic,1.0,22.15,1498 ,108.6,5.0,5
4527,1700000,110000,Diesel,Individual,Automatic,3.0,0.0,2987 ,165,5.0,10
4528,1080000,12800,Petrol,Individual,Automatic,1.0,17.8,1496 ,105.5,5.0,3
4529,170000,40000,Petrol,Individual,Manual,1.0,21.1,814 ,55.2,5.0,9
4530,610000,49000,Diesel,Individual,Manual,1.0,28.4,1248 ,74,5.0,4
4531,350000,25000,Petrol,Individual,Manual,1.0,18.5,1197 ,85.80,5.0,7
4532,260000,65000,Petrol,Individual,Manual,2.0,22.74,796 ,47.3,5.0,5
4533,700000,20000,Diesel,Individual,Manual,1.0,20.4,1248 ,91.7,5.0,6
4534,678000,17000,Petrol,Individual,Manual,1.0,18.78,999 ,75,5.0,3
4535,800000,15000,Diesel,Individual,Manual,1.0,23.65,1248 ,88.5,5.0,6
4536,400000,120000,Diesel,Individual,Manual,2.0,23.59,1364 ,67.04,5.0,7
4537,300000,49000,Petrol,Individual,Manual,1.0,18.5,1197 ,80,5.0,11
4538,520000,29000,Petrol,Individual,Manual,1.0,18.6,1197 ,81.83,5.0,5
4539,850000,55000,Diesel,Individual,Automatic,1.0,19.61,1461 ,108.5,5.0,4
4540,300000,40000,Petrol,Individual,Manual,1.0,23.95,998 ,67.05,5.0,6
4541,350000,120000,Petrol,Individual,Manual,2.0,17.0,1497 ,118,5.0,11
4543,892000,10000,Diesel,Individual,Manual,1.0,24.3,1248 ,88.5,5.0,2
4544,285000,70000,Diesel,Individual,Manual,2.0,20.3,1248 ,92,5.0,9
4545,300000,60000,LPG,Individual,Manual,1.0,19.2,1086 ,68.05,5.0,9
4546,620000,90000,Diesel,Individual,Manual,1.0,28.09,1248 ,88.5,5.0,5
4547,750000,90000,Diesel,Individual,Manual,1.0,24.3,1248 ,88.5,5.0,4
4548,270000,35000,Petrol,Individual,Manual,1.0,22.74,796 ,47.3,5.0,5
4549,560000,90000,Diesel,Individual,Manual,1.0,20.77,1248 ,88.8,7.0,7
4550,300000,40000,Petrol,Individual,Manual,2.0,17.92,1086 ,62.1,5.0,9
4551,300000,40000,Petrol,Individual,Manual,2.0,17.92,1086 ,62.1,5.0,9
4552,570000,20000,Petrol,Individual,Manual,1.0,18.9,1197 ,81.86,5.0,3
4553,220000,80000,Diesel,Individual,Manual,1.0,23.03,1396 ,69,5.0,10
4554,260000,99000,Petrol,Individual,Manual,2.0,15.5,1586 ,103.3,5.0,9
4555,600000,7500,Petrol,Individual,Automatic,1.0,21.21,1197 ,81.80,5.0,2
4556,80000,60000,Petrol,Individual,Manual,1.0,23.9,624 ,37.48,4.0,6
4557,300000,40800,Petrol,Individual,Manual,1.0,21.1,814 ,55.2,5.0,5
4558,300000,70000,Petrol,Individual,Manual,1.0,17.57,1193 ,88.7,5.0,6
4559,400000,100000,Petrol,Individual,Manual,1.0,18.15,1198 ,82,5.0,5
4560,550000,8588,Petrol,Individual,Manual,1.0,22.0,1197 ,81.80,5.0,5
4561,1200000,40000,Diesel,Individual,Manual,1.0,25.6,1498 ,97.9,5.0,2
4562,500000,60000,Diesel,Individual,Manual,1.0,25.83,1498 ,99,5.0,6
4563,93000,80000,Petrol,Individual,Manual,3.0,15.9,1298 ,85,5.0,16
4564,500000,110000,Diesel,Individual,Manual,1.0,26.0,1498 ,98.6,5.0,7
4565,670000,150000,Diesel,Individual,Manual,1.0,23.59,1364 ,67.05,5.0,3
4566,750000,120000,Diesel,Individual,Manual,2.0,12.8,2494 ,102,7.0,9
4567,370000,30000,Petrol,Individual,Manual,1.0,23.95,998 ,67.05,5.0,4
4568,100000,70000,Petrol,Individual,Manual,2.0,16.1,796 ,37,4.0,9
4569,425000,50000,Petrol,Individual,Manual,1.0,19.81,1086 ,68.05,5.0,5
4570,370000,305000,Diesel,Individual,Manual,4.0,12.8,2494 ,102,8.0,15
4572,229999,212000,Diesel,Individual,Manual,3.0,11.57,2179 ,138.1,7.0,12
4573,850000,35000,Diesel,Individual,Manual,1.0,24.52,1248 ,88.5,7.0,5
4574,750000,22000,Diesel,Individual,Manual,1.0,21.03,1461 ,65,5.0,3
4575,235000,50000,Diesel,Individual,Manual,1.0,10.71,1948 ,90,14.0,11
4576,700000,70000,Diesel,Individual,Manual,1.0,25.5,1498 ,98.6,5.0,4
4577,480000,56000,Diesel,Individual,Manual,1.0,24.0,1120 ,70,5.0,5
4578,475000,50000,Diesel,Individual,Manual,1.0,22.95,1248 ,74,5.0,5
4579,610000,120000,Diesel,Individual,Manual,1.0,21.14,1498 ,103.52,5.0,6
4580,650000,120000,Diesel,Individual,Manual,2.0,12.8,2494 ,102,8.0,10
4581,800000,70000,Diesel,Individual,Manual,1.0,25.5,1498 ,98.6,5.0,4
4582,520000,120000,Diesel,Individual,Manual,1.0,11.57,2179 ,138.1,7.0,6
4583,160000,90000,Diesel,Individual,Manual,1.0,25.0,1396 ,69,5.0,7
4584,1000000,70000,Diesel,Individual,Manual,1.0,25.1,1248 ,88.5,5.0,3
4585,700000,120000,Diesel,Individual,Manual,2.0,20.77,1248 ,88.76,7.0,6
4586,590000,70000,Diesel,Individual,Manual,2.0,25.8,1498 ,98.6,5.0,4
4587,140000,80000,Petrol,Individual,Manual,2.0,18.9,998 ,67.1,5.0,19
4588,725000,100000,Diesel,Individual,Manual,2.0,18.49,1493 ,100,7.0,4
4589,1680000,157000,Diesel,Individual,Manual,1.0,13.68,2393 ,147.8,7.0,4
4590,550000,50000,Diesel,Individual,Manual,1.0,26.59,1248 ,74,5.0,6
4591,240000,90000,Diesel,Individual,Manual,2.0,23.2,1248 ,73.94,5.0,9
4592,667000,65000,Diesel,Individual,Manual,1.0,14.6,2231 ,184,7.0,8
4593,670000,50000,Diesel,Individual,Manual,1.0,27.3,1498 ,98.6,5.0,4
4594,550000,110000,Diesel,Individual,Manual,1.0,26.59,1248 ,74,5.0,6
4595,400000,30000,Petrol,Individual,Manual,1.0,23.1,998 ,67.04,5.0,6
4596,545000,80000,Diesel,Individual,Manual,2.0,22.32,1582 ,126.32,5.0,7
4597,599000,70000,Petrol,Individual,Manual,1.0,16.02,1373 ,93.7,7.0,6
4598,725000,100000,Diesel,Individual,Manual,1.0,21.38,1396 ,88.7,5.0,5
4599,525000,120000,Petrol,Individual,Manual,2.0,17.4,1497 ,117.3,5.0,6
4600,204999,85000,Diesel,Individual,Manual,2.0,21.1,1248 ,73.9,5.0,10
4601,190000,110000,Diesel,Individual,Manual,1.0,21.0,1199 ,75,5.0,9
4602,310000,60000,Diesel,Individual,Manual,4.0,24.0,1120 ,70,5.0,6
4603,380000,90000,Diesel,Individual,Manual,2.0,24.0,1120 ,70,5.0,5
4604,204000,110000,Petrol,Individual,Manual,3.0,20.92,998 ,67.1,5.0,9
4605,350000,25000,Petrol,Individual,Manual,1.0,20.3,998 ,68.05,5.0,3
4606,350000,100000,Diesel,Individual,Manual,1.0,20.54,1598 ,103.6,5.0,8
4607,175000,120000,Diesel,Individual,Manual,2.0,20.0,1399 ,68,5.0,9
4608,340000,90000,Diesel,Individual,Manual,1.0,20.54,1598 ,103.6,5.0,10
4609,950000,35000,Petrol,Individual,Manual,1.0,17.4,1497 ,117.6,5.0,4
4610,894999,35000,Petrol,Individual,Manual,1.0,17.8,1497 ,117.3,5.0,4
4611,350000,101200,Diesel,Individual,Manual,2.0,15.3,2956 ,83.83,7.0,7
4612,100000,90000,Petrol,Individual,Manual,2.0,12.8,1396 ,85,5.0,16
4613,550000,76000,Diesel,Individual,Manual,1.0,26.59,1248 ,74,5.0,5
4614,100000,60000,Diesel,Individual,Manual,3.0,16.1,1405 ,70,5.0,17
4615,800000,90000,Diesel,Individual,Manual,1.0,16.0,2179 ,140,7.0,5
4616,525000,80000,Diesel,Individual,Manual,2.0,15.96,2523 ,62.1,7.0,8
4617,500000,179150,Diesel,Individual,Manual,2.0,11.57,2179 ,138.1,7.0,13
4618,42000,62000,Petrol,Individual,Manual,1.0,16.1,796 ,37,4.0,18
4619,190000,160000,Petrol,Individual,Manual,3.0,17.5,1197 ,85.8,5.0,12
4620,694000,35000,Diesel,Individual,Manual,1.0,28.4,1248 ,74.02,5.0,2
4621,861999,120000,Diesel,Individual,Automatic,1.0,16.0,2179 ,140,7.0,5
4622,650000,50000,Diesel,Individual,Manual,1.0,25.8,1498 ,98.6,5.0,4
4623,310000,70000,Diesel,Individual,Manual,2.0,19.3,1248 ,73.9,5.0,10
4624,360000,97000,Diesel,Individual,Manual,1.0,22.9,1248 ,74,5.0,8
4625,240000,90000,Diesel,Individual,Manual,2.0,19.3,1248 ,73.9,5.0,10
4626,500000,84487,Diesel,Individual,Manual,4.0,15.1,2179 ,140,7.0,9
4627,475000,100000,Diesel,Individual,Manual,2.0,12.8,2494 ,102,7.0,11
4628,100000,60000,Petrol,Individual,Manual,3.0,19.7,796 ,46.3,5.0,14
4629,200000,110000,Petrol,Individual,Manual,3.0,15.0,1586 ,104.68,5.0,12
4630,430000,264000,Diesel,Individual,Manual,1.0,12.8,2494 ,102,8.0,15
4631,245000,146000,Diesel,Individual,Manual,4.0,14.0,2498 ,112,7.0,11
4632,450000,70000,Diesel,Individual,Manual,1.0,23.4,1248 ,74,5.0,7
4633,800000,51146,Diesel,Individual,Manual,1.0,24.3,1248 ,88.5,5.0,4
4634,215000,40000,Petrol,Individual,Manual,1.0,21.1,1197 ,85.80,5.0,10
4635,760000,50000,Diesel,Individual,Manual,1.0,24.3,1248 ,88.5,5.0,4
4636,416000,80000,Diesel,Individual,Manual,1.0,20.14,1498 ,88.8,5.0,6
4637,195000,120000,Petrol,Individual,Manual,1.0,18.9,998 ,67.1,5.0,10
4638,325000,23000,Petrol,Individual,Manual,1.0,24.7,796 ,47.3,5.0,4
4639,145000,70000,Petrol,Individual,Manual,2.0,20.92,998 ,67.1,5.0,11
4640,675000,23000,Diesel,Individual,Manual,1.0,28.4,1248 ,74,5.0,3
4641,340000,30000,Petrol,Individual,Manual,2.0,20.51,998 ,67.04,5.0,5
4642,340000,50000,Diesel,Individual,Manual,1.0,19.0,1248 ,90,5.0,10
4643,260000,40000,Petrol,Individual,Manual,1.0,16.8,796 ,34.2,5.0,7
4644,300000,50000,Petrol,Individual,Manual,1.0,22.74,796 ,47.3,5.0,6
4645,75000,60000,Petrol,Individual,Manual,2.0,16.1,796 ,37,4.0,14
4646,350000,80000,Diesel,Individual,Manual,1.0,19.4,1405 ,70,5.0,10
4647,1000000,15000,Petrol,Individual,Manual,1.0,19.01,1462 ,103.2,6.0,2
4648,170000,150000,Diesel,Individual,Manual,3.0,21.12,1248 ,88.8,5.0,11
4649,600000,40000,Petrol,Individual,Manual,1.0,19.0,1197 ,85.8,5.0,3
4650,800000,25000,Petrol,Individual,Automatic,1.0,16.8,1497 ,118,5.0,11
4651,850000,120000,Diesel,Individual,Manual,2.0,17.0,2650 ,80.84,7.0,3
4652,980000,120000,Diesel,Individual,Manual,2.0,15.1,2179 ,140,7.0,7
4653,850000,298000,Diesel,Individual,Manual,2.0,13.1,2499 ,141,7.0,10
4654,340000,270000,Diesel,Individual,Manual,3.0,14.07,2956 ,68.4,7.0,9
4655,900000,50000,Diesel,Individual,Automatic,2.0,24.3,1248 ,88.5,5.0,3
4656,310000,120000,Diesel,Individual,Manual,2.0,19.3,1248 ,73.9,5.0,11
4657,600000,60000,Diesel,Individual,Manual,3.0,20.77,1248 ,88.8,7.0,8
4658,270000,149000,Diesel,Individual,Manual,2.0,19.3,1248 ,73.9,5.0,13
4659,509999,5000,Petrol,Individual,Manual,1.0,20.3,1086 ,68,5.0,2
4660,225000,70000,Diesel,Individual,Manual,2.0,19.4,1405 ,70,5.0,8
4661,280000,55000,Petrol,Individual,Manual,1.0,20.36,1197 ,78.9,5.0,6
4662,490000,100000,Diesel,Individual,Manual,1.0,27.28,1047 ,69,5.0,5
4663,440000,120000,Diesel,Individual,Manual,1.0,15.96,2523 ,62.1,9.0,8
4664,500000,291977,Diesel,Individual,Manual,1.0,14.0,2179 ,138.1,7.0,7
4665,476999,85000,Petrol,Individual,Manual,3.0,11.1,2354 ,158.8,5.0,16
4666,590000,70000,Petrol,Individual,Manual,3.0,17.19,1197 ,81.86,5.0,6
4667,500000,120000,Diesel,Individual,Manual,1.0,13.1,2499 ,141,7.0,11
4668,600000,40000,Diesel,Individual,Manual,1.0,22.77,1498 ,98.59,5.0,6
4669,750000,70000,Diesel,Individual,Manual,1.0,15.4,1997 ,120,7.0,5
4670,2950000,39000,Diesel,Dealer,Automatic,1.0,19.59,1995 ,187.74,5.0,4
4671,5200000,10000,Diesel,Dealer,Automatic,1.0,18.12,1995 ,190,5.0,2
4672,695000,36800,Diesel,Dealer,Manual,1.0,20.14,1498 ,88,5.0,2
4673,690000,52200,Diesel,Dealer,Manual,1.0,26.59,1248 ,74,5.0,3
4674,409999,78000,Diesel,Dealer,Manual,1.0,24.0,1186 ,73.97,5.0,5
4675,1650000,16000,Diesel,Dealer,Manual,1.0,17.0,1956 ,167.67,5.0,1
4676,2375000,30000,Diesel,Dealer,Automatic,1.0,15.73,1968 ,174.33,5.0,5
4677,525000,29000,Diesel,Dealer,Manual,2.0,24.0,1186 ,73.97,5.0,4
4678,2150000,25000,Diesel,Dealer,Manual,1.0,16.3,1956 ,170.63,5.0,2
4679,540000,60000,Diesel,Individual,Manual,2.0,15.1,2179 ,140,7.0,8
4680,2750000,60000,Diesel,Dealer,Automatic,2.0,12.55,2982 ,168.5,7.0,4
4681,1000000,112000,Diesel,Dealer,Manual,2.0,15.4,1997 ,120,7.0,5
4682,2900000,15000,Diesel,Dealer,Automatic,1.0,18.25,1968 ,187.74,5.0,3
4683,725000,40000,Diesel,Dealer,Manual,1.0,18.49,1493 ,100,7.0,4
4684,975000,36000,Diesel,Dealer,Manual,1.0,28.09,1248 ,88.50,5.0,3
4685,355000,60000,Petrol,Dealer,Manual,1.0,21.79,998 ,67.05,5.0,5
4686,400000,120000,Petrol,Individual,Manual,1.0,11.1,2354 ,158.8,5.0,13
4687,265000,48000,Petrol,Dealer,Manual,1.0,24.7,796 ,47.3,5.0,6
4688,650000,40000,Diesel,Dealer,Manual,1.0,20.14,1498 ,88,5.0,3
4689,720000,60000,Diesel,Individual,Manual,1.0,28.09,1248 ,88.5,5.0,4
4690,850000,25000,Petrol,Individual,Manual,1.0,17.01,1591 ,121.3,5.0,5
4691,290000,42000,Petrol,Individual,Manual,1.0,23.95,998 ,67.05,5.0,6
4692,1200000,35000,Petrol,Individual,Automatic,2.0,10.93,2497 ,204,5.0,11
4693,600000,90000,Diesel,Individual,Automatic,2.0,18.49,1493 ,100,7.0,5
4694,300000,90000,Diesel,Individual,Manual,2.0,21.1,1248 ,73.9,5.0,10
4695,225000,110000,Diesel,Individual,Manual,2.0,23.08,1461 ,63.12,5.0,9
4696,240000,70000,Diesel,Individual,Manual,2.0,19.3,1248 ,73.9,5.0,12
4697,700000,80000,Diesel,Individual,Manual,1.0,22.32,1582 ,126.32,5.0,7
4698,470000,70000,Diesel,Individual,Manual,2.0,25.2,1248 ,74,5.0,7
4699,800000,80000,Diesel,Individual,Manual,1.0,21.19,1396 ,88.73,5.0,5
4700,450000,90000,Diesel,Individual,Manual,1.0,19.01,1461 ,108.45,5.0,9
4701,90000,90000,Diesel,Individual,Manual,3.0,17.2,1396 ,53.5,5.0,14
4702,450000,120000,Diesel,Individual,Manual,2.0,21.43,1364 ,87.2,5.0,11
4704,1465000,62000,Diesel,Dealer,Automatic,1.0,11.36,2755 ,171.5,7.0,4
4705,925000,79000,Diesel,Dealer,Manual,1.0,19.67,1582 ,126.2,5.0,5
4706,1385000,60000,Diesel,Dealer,Manual,2.0,13.68,2393 ,147.8,7.0,5
4707,2000000,20000,Diesel,Individual,Manual,1.0,12.55,2982 ,168.5,7.0,6
4708,80000,248200,Diesel,Individual,Manual,2.0,16.1,1405 ,70,5.0,17
4709,300000,110000,Diesel,Individual,Manual,2.0,10.5,2179 ,120,7.0,14
4710,360000,100000,Diesel,Individual,Manual,1.0,19.3,1248 ,73.9,5.0,12
4711,320000,70000,Diesel,Individual,Manual,2.0,16.2,1493 ,110,5.0,11
4712,99000,100000,Diesel,Individual,Manual,2.0,12.8,1995 ,52,5.0,27
4713,780000,50000,Diesel,Individual,Manual,2.0,24.52,1248 ,88.5,7.0,5
4714,620000,139000,Diesel,Individual,Manual,1.0,20.77,1248 ,88.76,7.0,8
4715,100000,120000,Petrol,Individual,Manual,3.0,13.1,1781 ,149.5,5.0,15
4716,210000,35000,Petrol,Individual,Manual,2.0,16.7,1172 ,64.1,5.0,7
4717,375000,80000,Diesel,Individual,Manual,1.0,15.96,2523 ,62.1,7.0,6
4718,786000,7720,Petrol,Individual,Manual,1.0,20.0,999 ,71,7.0,2
4719,1000000,50000,Diesel,Individual,Manual,1.0,15.1,2179 ,140,7.0,7
4720,120000,60000,Diesel,Individual,Manual,2.0,20.8,1527 ,58,5.0,19
4721,750000,100000,Diesel,Individual,Manual,1.0,20.8,1461 ,64.1,5.0,5
4722,550000,57882,Petrol,Individual,Manual,1.0,18.6,1197 ,81.83,5.0,5
4723,875000,142000,Diesel,Individual,Manual,1.0,14.1,2179 ,147.94,5.0,3
4724,890000,140000,Diesel,Individual,Manual,3.0,14.1,2179 ,147.94,5.0,3
4725,700000,35000,Petrol,Individual,Manual,1.0,16.02,1373 ,93.7,7.0,6
4726,550000,30000,Diesel,Individual,Manual,1.0,15.96,2523 ,62.1,7.0,6
4727,400000,10000,Petrol,Individual,Manual,1.0,19.83,1198 ,67,5.0,3
4728,290000,30000,Petrol,Individual,Manual,2.0,23.1,998 ,67.04,5.0,6
4729,150000,90000,Diesel,Individual,Manual,1.0,19.09,1396 ,69,5.0,9
4730,300000,35000,Petrol,Individual,Manual,2.0,15.37,1196 ,73,7.0,6
4732,221000,35008,Petrol,Dealer,Manual,1.0,21.79,998 ,67.05,5.0,13
4733,270000,31100,Petrol,Dealer,Manual,1.0,22.7,799 ,53.64,5.0,4
4734,455000,42312,Diesel,Dealer,Manual,1.0,24.4,1120 ,71,5.0,7
4735,300000,72000,Petrol,Dealer,Manual,1.0,17.6,1496 ,88.7,5.0,10
4736,480000,54891,Diesel,Dealer,Manual,1.0,23.59,1364 ,67.04,5.0,7
4737,1000000,30000,Diesel,Individual,Automatic,1.0,22.0,1582 ,126.2,5.0,3
4738,2600000,44000,Diesel,Dealer,Automatic,1.0,22.69,1995 ,190,5.0,4
4739,1850000,18890,Diesel,Dealer,Automatic,1.0,11.36,2755 ,171.5,7.0,4
4740,500000,5000,Petrol,Individual,Manual,1.0,20.3,1086 ,68,5.0,2
4741,800000,117000,Diesel,Dealer,Automatic,1.0,11.18,2696 ,184,7.0,8
4742,1000000,75010,Diesel,Dealer,Automatic,1.0,13.73,1995 ,148,5.0,8
4743,250000,50000,Diesel,Individual,Manual,1.0,21.02,1248 ,88.8,5.0,8
4744,245000,100000,Diesel,Dealer,Manual,1.0,23.08,1461 ,63.1,5.0,9
4745,625000,4337,Petrol,Dealer,Automatic,1.0,18.9,1197 ,82,5.0,2
4746,560000,14495,Petrol,Dealer,Manual,1.0,18.78,999 ,75,5.0,3
4747,680000,8576,Petrol,Dealer,Manual,1.0,18.7,1199 ,88.7,5.0,3
4748,700000,30000,Diesel,Individual,Manual,1.0,28.4,1248 ,74.02,5.0,2
4749,220000,80000,Diesel,Individual,Manual,1.0,23.03,1396 ,69,5.0,8
4750,450000,70000,Diesel,Individual,Manual,1.0,19.09,1405 ,69.01,5.0,4
4751,525000,19723,Petrol,Dealer,Automatic,1.0,20.3,1199 ,84,5.0,4
4752,650000,242000,Diesel,Individual,Manual,4.0,12.8,2494 ,102,7.0,12
4753,5500000,22000,Diesel,Individual,Automatic,1.0,17.09,2993 ,261.4,4.0,3
4754,875000,30000,Diesel,Dealer,Automatic,1.0,28.4,1248 ,74.02,5.0,4
4755,785000,9000,Petrol,Dealer,Manual,1.0,18.6,1197 ,81.83,5.0,2
4756,819999,30000,Petrol,Dealer,Manual,1.0,17.5,1199 ,88.7,5.0,4
4757,2950000,60000,Diesel,Dealer,Automatic,1.0,21.76,1995 ,188,5.0,5
4758,1925000,27000,Diesel,Dealer,Manual,1.0,13.68,2393 ,147.51,7.0,5
4759,885000,39000,Diesel,Dealer,Manual,1.0,25.5,1498 ,98.6,5.0,4
4760,680000,64000,Petrol,Dealer,Automatic,1.0,16.05,1499 ,110.4,5.0,6
4761,960000,42000,Diesel,Dealer,Manual,1.0,23.0,1498 ,98.96,5.0,4
4762,385000,45000,Petrol,Dealer,Manual,1.0,18.5,1198 ,86.8,5.0,9
4763,1650000,15000,Diesel,Dealer,Manual,1.0,17.0,1956 ,167.67,5.0,2
4764,890000,55000,Diesel,Dealer,Manual,1.0,18.49,1493 ,100,7.0,3
4765,1275000,64000,Diesel,Dealer,Automatic,1.0,11.4,2953 ,153.86,7.0,6
4766,6000000,27000,Diesel,Dealer,Automatic,1.0,17.09,2993 ,261.4,4.0,3
4767,1025000,15000,Petrol,Dealer,Automatic,1.0,20.28,1462 ,103.25,5.0,2
4768,675000,69000,Petrol,Dealer,Automatic,1.0,17.2,1197 ,103.6,5.0,5
4769,700000,80000,Petrol,Dealer,Manual,1.0,22.0,1197 ,81.80,5.0,4
4770,780000,60000,Diesel,Dealer,Manual,1.0,22.77,1498 ,98.59,5.0,5
4771,1050000,70000,Diesel,Dealer,Manual,1.0,22.32,1582 ,126.32,5.0,4
4772,2700000,105000,Diesel,Dealer,Automatic,2.0,13.22,2967 ,241.4,5.0,6
4773,400000,100000,Diesel,Individual,Manual,1.0,22.95,1248 ,74,5.0,5
4774,400000,100000,Diesel,Individual,Manual,1.0,15.96,2523 ,62.1,9.0,10
4775,85000,90000,Petrol,Individual,Manual,2.0,19.7,796 ,46.3,5.0,12
4776,1300000,35000,Diesel,Individual,Manual,1.0,17.6,2179 ,153.86,7.0,3
4777,819999,11500,Diesel,Individual,Manual,1.0,18.49,1493 ,100,7.0,3
4778,620000,40000,Diesel,Individual,Automatic,1.0,18.49,1493 ,100,7.0,6
4779,260000,50000,Petrol,Individual,Manual,1.0,23.01,999 ,67,5.0,3
4780,805000,49900,Petrol,Dealer,Manual,1.0,16.3,1797 ,147.5,5.0,5
4781,484999,55380,Petrol,Dealer,Manual,1.0,18.9,1197 ,82,5.0,6
4782,2711000,9000,Diesel,Dealer,Automatic,1.0,13.6,1999 ,177,5.0,4
4783,811000,11000,Petrol,Dealer,Manual,1.0,17.0,1198 ,108.5,5.0,3
4784,575000,50000,Petrol,Individual,Automatic,1.0,19.0,1199 ,88.7,5.0,6
4785,1675000,80000,Diesel,Individual,Manual,1.0,17.1,1956 ,170,5.0,3
4786,645000,11000,Petrol,Dealer,Automatic,1.0,14.3,1598 ,103.5,5.0,5
4787,2500000,13500,Diesel,Dealer,Automatic,1.0,14.74,2993 ,270.9,5.0,6
4788,2550000,18000,Petrol,Dealer,Automatic,1.0,15.04,1991 ,183,5.0,3
4789,2700000,16000,Petrol,Dealer,Automatic,1.0,14.74,1991 ,181.04,5.0,4
4790,650000,18816,Petrol,Dealer,Manual,1.0,17.0,1198 ,73.75,5.0,4
4791,1748999,33019,Diesel,Dealer,Manual,1.0,13.68,2393 ,147.8,7.0,4
4792,925000,18000,Petrol,Dealer,Automatic,1.0,15.6,1497 ,116.3,5.0,4
4793,894999,9654,Petrol,Dealer,Automatic,1.0,19.56,1197 ,81.80,5.0,2
4794,175000,11000,Petrol,Dealer,Manual,1.0,23.95,998 ,67.05,5.0,10
4795,340000,24300,Petrol,Dealer,Manual,1.0,21.21,1197 ,81.80,5.0,9
4796,1525000,42163,Diesel,Dealer,Automatic,2.0,11.36,2755 ,171.5,7.0,5
4797,810000,47747,Diesel,Dealer,Manual,1.0,28.09,1248 ,88.5,5.0,4
4798,1025000,8000,Diesel,Dealer,Automatic,1.0,21.5,1497 ,108.5,5.0,3
4799,2150000,30000,Diesel,Dealer,Automatic,1.0,22.69,1995 ,190,5.0,5
4800,910000,70000,Diesel,Individual,Manual,2.0,12.99,2494 ,100,8.0,8
4801,300000,60000,Diesel,Individual,Manual,2.0,17.88,1405 ,48.21,5.0,5
4802,120000,80000,Petrol,Individual,Manual,2.0,17.3,993 ,60,5.0,17
4803,490000,45900,Petrol,Individual,Manual,2.0,18.6,1197 ,81.83,5.0,6
4804,425000,70000,Diesel,Individual,Manual,1.0,25.8,1498 ,98.6,5.0,8
4805,155000,40000,Petrol,Individual,Manual,1.0,19.7,796 ,46.3,5.0,10
4806,490000,90000,Diesel,Individual,Manual,2.0,12.05,2179 ,120,8.0,8
4807,132000,105000,Petrol,Individual,Manual,1.0,19.7,796 ,46.3,5.0,11
4808,750000,30000,Diesel,Individual,Manual,1.0,22.54,1396 ,88.76,5.0,3
4809,225000,20000,Petrol,Individual,Manual,1.0,18.9,998 ,67.1,5.0,10
4810,240000,80000,Petrol,Individual,Manual,1.0,20.36,1197 ,78.9,5.0,10
4811,33351,90000,Petrol,Individual,Manual,3.0,18.9,998 ,67.1,5.0,17
4812,80000,80000,Petrol,Individual,Manual,2.0,18.0,995 ,62,5.0,11
4813,40000,120000,Petrol,Individual,Manual,1.0,16.1,796 ,37,4.0,17
4814,1100000,50000,Diesel,Individual,Manual,2.0,21.9,1498 ,98.6,7.0,2
4815,2711000,9000,Diesel,Dealer,Automatic,1.0,13.6,1999 ,177,5.0,4
4816,5150000,20000,Petrol,Dealer,Automatic,1.0,22.37,2487 ,214.56,5.0,2
4817,3200000,45000,Diesel,Dealer,Automatic,1.0,19.33,1999 ,177,5.0,4
4818,503000,110000,Diesel,Individual,Manual,1.0,14.1,2179 ,147.94,7.0,6
4819,3800000,20000,Diesel,Individual,Automatic,1.0,18.0,1969 ,190,5.0,2
4820,2000000,68089,Petrol,Trustmark Dealer,Automatic,1.0,19.16,2494 ,157.7,5.0,5
4821,225000,58343,Petrol,Trustmark Dealer,Manual,1.0,21.79,998 ,67.05,5.0,8
4822,740000,38817,Diesel,Dealer,Manual,1.0,27.39,1248 ,74,5.0,3
4823,550000,56494,Petrol,Trustmark Dealer,Manual,1.0,18.2,1199 ,88.7,5.0,5
4824,750000,79328,Diesel,Trustmark Dealer,Manual,2.0,12.99,2494 ,100.6,7.0,8
4825,650000,5621,Petrol,Trustmark Dealer,Automatic,1.0,22.0,1197 ,81.80,5.0,2
4826,625000,25538,Petrol,Trustmark Dealer,Manual,1.0,16.78,1496 ,88.73,5.0,4
4827,600000,69779,Petrol,Dealer,Automatic,1.0,22.0,1197 ,81.80,5.0,3
4828,450000,56290,Diesel,Dealer,Manual,1.0,24.0,1186 ,73.97,5.0,4
4829,5400000,7500,Diesel,Dealer,Automatic,1.0,16.78,1995 ,190,5.0,2
4830,5500000,8500,Diesel,Dealer,Automatic,1.0,16.78,1995 ,190,5.0,2
4831,779000,7032,Petrol,Trustmark Dealer,Automatic,1.0,19.0,1199 ,88.76,5.0,2
4832,645000,11000,Petrol,Dealer,Automatic,1.0,14.3,1598 ,103.5,5.0,5
4833,2475000,2000,Diesel,Dealer,Automatic,1.0,16.8,1984 ,150,5.0,3
4834,380000,80000,Diesel,Individual,Manual,2.0,24.4,1120 ,71,5.0,5
4835,300000,120000,Diesel,Individual,Manual,2.0,11.57,2179 ,138.1,7.0,10
4836,240000,50000,Petrol,Individual,Manual,1.0,22.74,796 ,47.3,5.0,7
4837,325000,70000,Diesel,Individual,Manual,1.0,22.9,1248 ,74,5.0,10
4838,400000,130000,Diesel,Individual,Manual,1.0,25.32,1198 ,77,6.0,5
4839,800000,50000,Diesel,Individual,Manual,1.0,21.04,1461 ,83.8,8.0,4
4840,950000,80000,Diesel,Individual,Manual,1.0,23.0,1498 ,98.96,5.0,3
4841,300000,120000,Diesel,Individual,Manual,4.0,22.9,1248 ,74,5.0,8
4842,350000,5000,Petrol,Individual,Manual,1.0,22.05,796 ,47.3,5.0,1
4843,530000,59000,Petrol,Individual,Manual,1.0,18.15,1198 ,82,5.0,4
4844,350000,100000,Diesel,Individual,Manual,3.0,18.2,1248 ,73.8,7.0,8
4845,168000,50000,Petrol,Individual,Automatic,1.0,11.0,2359 ,165,5.0,13
4846,240000,45000,Petrol,Individual,Manual,2.0,25.17,799 ,53.3,5.0,5
4847,220000,80000,Diesel,Individual,Manual,4.0,19.3,1248 ,73.9,5.0,11
4848,110000,80000,Petrol,Individual,Manual,4.0,18.9,1061 ,67,5.0,13
4849,850000,100000,Diesel,Individual,Manual,1.0,24.3,1248 ,88.5,5.0,5
4850,545000,110000,Diesel,Individual,Manual,1.0,20.77,1248 ,88.76,7.0,7
4851,2064000,24000,Diesel,Individual,Manual,1.0,13.68,2393 ,147.8,8.0,3
4852,950000,25000,Diesel,Individual,Manual,1.0,25.1,1248 ,88.5,5.0,3
4853,200000,68697,Petrol,Individual,Manual,3.0,21.1,814 ,55.2,5.0,8
4854,660000,30000,Diesel,Individual,Manual,1.0,25.2,1248 ,74,5.0,4
4855,420000,40000,Diesel,Individual,Manual,2.0,25.8,1498 ,98.6,5.0,8
4856,150000,29000,Petrol,Individual,Manual,1.0,16.5,1172 ,65,5.0,11
4857,175000,68000,Diesel,Individual,Manual,2.0,25.44,936 ,57.6,5.0,8
4858,750000,15000,Petrol,Individual,Automatic,1.0,18.1,1199 ,88.7,5.0,3
4859,425000,70000,Diesel,Individual,Manual,1.0,23.2,1248 ,73.94,5.0,7
4860,790000,126000,Diesel,Individual,Manual,3.0,21.43,1364 ,87.2,5.0,6
4861,830000,300000,Diesel,Individual,Manual,3.0,12.8,2494 ,102,7.0,10
4862,650000,94000,Diesel,Individual,Manual,2.0,24.5,1498 ,98.6,7.0,6
4863,780000,129000,Diesel,Individual,Manual,3.0,21.43,1364 ,87.2,5.0,6
4864,180000,55000,Petrol,Individual,Manual,2.0,19.81,1086 ,68.05,5.0,11
4865,869999,40000,Diesel,Individual,Manual,1.0,23.0,1498 ,98.96,5.0,2
4866,275000,50000,Diesel,Individual,Manual,1.0,21.12,1248 ,88.8,5.0,10
4867,630000,25000,Petrol,Individual,Manual,2.0,18.6,1197 ,81.83,5.0,4
4868,150000,60000,Petrol,Individual,Manual,2.0,13.4,1794 ,125,5.0,13
4869,315000,25000,Petrol,Individual,Manual,1.0,22.74,796 ,47.3,5.0,5
4870,189000,70000,Diesel,Individual,Manual,2.0,23.57,1396 ,70,5.0,10
4871,580000,120000,Diesel,Individual,Manual,1.0,23.4,1248 ,74,5.0,7
4873,825000,35000,Diesel,Individual,Manual,1.0,24.3,1248 ,88.5,5.0,3
4874,650000,60000,Diesel,Individual,Manual,2.0,14.1,2179 ,148,7.0,5
4875,50000,62000,Petrol,Individual,Manual,2.0,13.0,1343 ,90,5.0,17
4876,200000,120000,Petrol,Individual,Manual,2.0,16.25,1198 ,73.9,5.0,10
4877,135000,120000,Diesel,Individual,Manual,3.0,15.42,1405 ,70,7.0,8
4878,680000,80000,Diesel,Individual,Manual,1.0,22.54,1396 ,88.73,5.0,4
4879,670000,80000,Diesel,Individual,Manual,1.0,22.54,1396 ,88.73,5.0,4
4880,1000000,60000,Diesel,Individual,Automatic,1.0,16.73,1995 ,218,5.0,11
4881,240000,80000,Petrol,Individual,Manual,2.0,20.92,998 ,67.1,5.0,11
4882,555000,147279,Diesel,Individual,Manual,2.0,17.0,2200 ,139.01,7.0,7
4883,455000,98000,Diesel,Individual,Manual,1.0,20.5,1598 ,103.5,5.0,8
4884,750000,25000,Diesel,Individual,Manual,1.0,28.4,1248 ,74.02,5.0,3
4885,700000,90000,Diesel,Individual,Automatic,1.0,26.59,1248 ,74,5.0,5
4886,220000,22000,Petrol,Individual,Automatic,1.0,21.9,624 ,37.48,4.0,5
4887,160000,120000,Diesel,Individual,Manual,1.0,25.0,1396 ,69,5.0,7
4888,225000,100000,Diesel,Individual,Manual,2.0,22.1,1248 ,76.9,5.0,8
4889,140000,120000,Diesel,Individual,Manual,2.0,19.09,1396 ,69,5.0,13
4890,600000,70000,Diesel,Individual,Manual,2.0,23.4,1248 ,74,5.0,7
4891,1000000,24700,Diesel,Individual,Manual,1.0,16.0,2179 ,140,7.0,6
4892,65000,100000,Petrol,Individual,Manual,3.0,18.0,995 ,62,5.0,13
4893,500000,10000,Petrol,Individual,Manual,1.0,20.89,1197 ,81.80,5.0,2
4894,1100000,88754,Diesel,Dealer,Manual,1.0,16.0,2179 ,140,7.0,4
4896,1150000,43526,Diesel,Dealer,Manual,1.0,16.0,2179 ,140,7.0,4
4897,320000,55885,Petrol,Dealer,Manual,1.0,16.25,1198 ,75,5.0,9
4898,950000,16034,Diesel,Dealer,Manual,1.0,21.7,1498 ,98.96,5.0,2
4899,250000,156040,Diesel,Dealer,Manual,1.0,20.0,1399 ,68,5.0,9
4900,400000,93415,Diesel,Dealer,Manual,1.0,13.1,2499 ,141,7.0,17
4901,1100000,122000,Diesel,Individual,Automatic,2.0,18.48,1995 ,177,5.0,13
4902,600000,20000,Diesel,Individual,Manual,1.0,27.39,1248 ,74,5.0,4
4903,509999,46000,Petrol,Individual,Manual,1.0,22.0,1197 ,81.80,5.0,4
4904,395000,50000,Petrol,Individual,Manual,3.0,15.41,1598 ,103.2,5.0,5
4905,469000,5000,Petrol,Individual,Manual,1.0,21.79,998 ,67.05,5.0,3
4906,250000,42000,Petrol,Individual,Manual,1.0,24.7,796 ,47.3,5.0,4
4907,130000,68519,Petrol,Dealer,Manual,1.0,16.2,995 ,62.1,5.0,10
4908,906000,30000,Diesel,Individual,Manual,1.0,23.0,1498 ,98.96,5.0,2
4909,160000,85000,Diesel,Individual,Manual,1.0,20.0,1399 ,68,5.0,10
4910,300000,88000,Petrol,Individual,Manual,1.0,17.5,1298 ,85.8,5.0,9
4911,60000,100000,Petrol,Individual,Manual,4.0,14.0,796 ,37.5,5.0,11
4912,400000,100000,Petrol,Individual,Manual,2.0,19.1,1197 ,85.8,5.0,7
4913,450000,22966,Petrol,Dealer,Manual,1.0,23.84,1199 ,84.48,5.0,3
4914,465000,80000,Diesel,Individual,Manual,2.0,15.96,2523 ,62.1,7.0,7
4915,325000,80000,Diesel,Individual,Manual,2.0,22.9,1248 ,74,5.0,9
4916,150000,70000,Petrol,Individual,Manual,2.0,19.7,796 ,46.3,5.0,13
4917,250000,2350,Petrol,Individual,Manual,1.0,21.1,814 ,55.2,5.0,7
4918,175000,50000,Petrol,Individual,Manual,1.0,19.7,796 ,46.3,5.0,10
4919,175000,58000,Petrol,Individual,Manual,1.0,19.7,796 ,46.3,5.0,11
4920,150000,80000,Petrol,Individual,Manual,2.0,16.9,1497 ,100,5.0,15
4921,797000,60000,Diesel,Individual,Manual,1.0,16.5,1493 ,70,7.0,3
4922,800000,35000,Petrol,Individual,Manual,1.0,18.6,1197 ,81.86,5.0,2
4923,750000,59872,Diesel,Individual,Manual,1.0,15.96,2523 ,62.1,7.0,2
4924,400000,140000,Diesel,Individual,Manual,2.0,13.5,2179 ,115,5.0,10
4925,160000,110000,Petrol,Individual,Manual,1.0,19.7,796 ,46.3,5.0,9
4926,700000,91182,Diesel,Individual,Manual,1.0,15.96,2523 ,62.1,7.0,5
4927,160000,60000,Petrol,Individual,Manual,3.0,19.7,796 ,46.3,5.0,11
4928,400000,100000,Diesel,Individual,Manual,1.0,21.27,1396 ,88.76,5.0,9
4929,451000,120000,Diesel,Individual,Manual,1.0,23.59,1364 ,67.06,5.0,8
4930,40000,80000,Petrol,Individual,Manual,1.0,16.1,796 ,37,4.0,19
4931,300000,70000,Diesel,Individual,Manual,3.0,21.12,1248 ,88.8,5.0,9
4932,421000,59500,Petrol,Individual,Manual,2.0,23.1,998 ,67.04,5.0,4
4934,950000,45000,Diesel,Individual,Manual,1.0,24.3,1248 ,88.5,5.0,5
4935,395000,75500,Diesel,Individual,Manual,2.0,23.0,1396 ,90,5.0,10
4936,950000,46000,Diesel,Individual,Manual,2.0,24.3,1248 ,88.5,5.0,5
4937,270000,60000,Petrol,Individual,Manual,1.0,22.74,796 ,47.3,5.0,8
4938,360000,60000,Petrol,Individual,Automatic,2.0,15.0,1396 ,100,5.0,12
4939,235000,152500,Diesel,Individual,Manual,1.0,17.8,1248 ,75,5.0,13
4940,1850000,60000,Diesel,Individual,Automatic,2.0,13.0,2143 ,201.1,5.0,7
4941,1900000,130000,Diesel,Individual,Automatic,1.0,12.55,2982 ,168.5,7.0,6
4942,550000,23456,Petrol,Dealer,Manual,1.0,18.9,1197 ,82,5.0,4
4943,1225000,39000,Diesel,Dealer,Manual,1.0,16.0,2179 ,140,7.0,6
4944,700000,15000,Petrol,Individual,Manual,1.0,17.5,1199 ,88.7,5.0,4
4945,1650000,69123,Diesel,Dealer,Manual,1.0,17.1,1956 ,170,5.0,4
4946,376000,26000,Petrol,Individual,Manual,1.0,19.4,1198 ,86.8,5.0,9
4947,875000,77524,Diesel,Dealer,Manual,1.0,22.7,1498 ,89.84,5.0,4
4948,459999,40523,Petrol,Dealer,Manual,2.0,18.5,1197 ,82.85,5.0,7
4949,755000,39000,Diesel,Dealer,Manual,1.0,28.4,1248 ,74,5.0,3
4950,6223000,7800,Petrol,Dealer,Automatic,,15.26,1798 ,187.74,5.0,2
4951,5923000,11500,Petrol,Dealer,Automatic,,15.26,1798 ,187.74,5.0,2
4952,6523000,23600,Petrol,Dealer,Automatic,,15.26,1798 ,187.74,5.0,2
4953,1050000,220000,Diesel,Individual,Manual,2.0,11.5,2982 ,171,7.0,11
4955,1050000,120000,Diesel,Individual,Manual,2.0,15.1,2179 ,140,7.0,6
4956,800000,25000,Petrol,Individual,Automatic,1.0,21.4,1197 ,83.1,5.0,3
4957,600000,31000,Diesel,Individual,Manual,2.0,25.2,1248 ,74,5.0,6
4958,530000,42000,Petrol,Individual,Manual,1.0,21.4,1197 ,83.1,5.0,4
4959,450000,80000,Petrol,Individual,Manual,1.0,20.85,1197 ,83.14,5.0,6
4960,235000,60000,Petrol,Individual,Manual,1.0,20.92,998 ,67.1,5.0,10
4961,550000,240000,Diesel,Individual,Manual,1.0,23.4,1248 ,74,5.0,8
4962,395000,35000,Petrol,Individual,Automatic,2.0,14.3,1598 ,103.5,5.0,8
4963,450000,35000,Petrol,Individual,Manual,1.0,20.3,1199 ,84,5.0,3
4964,600000,5000,Petrol,Individual,Manual,1.0,20.0,999 ,72,7.0,2
4965,610000,110000,Diesel,Individual,Manual,1.0,24.3,1248 ,88.5,5.0,5
4966,690000,20000,Petrol,Individual,Manual,1.0,18.6,1197 ,81.83,5.0,4
4967,790000,15000,Petrol,Individual,Manual,1.0,17.0,1198 ,108.5,5.0,3
4968,254999,40000,Petrol,Individual,Manual,2.0,20.92,998 ,67.1,5.0,7
4969,500000,41000,Petrol,Individual,Manual,1.0,18.7,1199 ,88.7,5.0,5
4970,340000,100000,Diesel,Individual,Manual,2.0,13.6,2523 ,63,7.0,10
4971,150000,120000,Diesel,Individual,Manual,1.0,12.2,1948 ,68,9.0,13
4972,245000,110000,Diesel,Individual,Manual,3.0,13.6,2523 ,63,7.0,14
4973,515000,120000,Diesel,Individual,Manual,2.0,20.34,1498 ,103.2,5.0,6
4974,122000,60000,Diesel,Individual,Manual,2.0,12.8,1995 ,52,5.0,13
4975,160000,35000,Petrol,Individual,Manual,3.0,19.81,1086 ,68.05,5.0,12
4976,110000,120000,Petrol,Individual,Manual,2.0,19.7,796 ,46.3,5.0,14
4977,360000,70000,Diesel,Individual,Manual,1.0,25.2,1248 ,74,5.0,7
4979,260000,90000,Diesel,Individual,Manual,3.0,16.2,1493 ,110,5.0,10
4980,128000,60000,Petrol,Individual,Manual,2.0,19.7,796 ,46.3,5.0,14
4981,600000,80000,Diesel,Individual,Manual,2.0,23.9,1582 ,126.2,5.0,6
4982,800000,151000,Diesel,Individual,Manual,2.0,11.5,2982 ,171,7.0,11
4983,675000,25000,Diesel,Individual,Manual,1.0,28.4,1248 ,74.02,5.0,2
4984,1000000,24700,Diesel,Individual,Manual,1.0,16.0,2179 ,140,7.0,6
4985,65000,100000,Petrol,Individual,Manual,3.0,18.0,995 ,62,5.0,13
4986,500000,10000,Petrol,Individual,Manual,1.0,20.89,1197 ,81.80,5.0,2
4987,300000,50000,Petrol,Individual,Manual,1.0,15.0,1586 ,104.68,5.0,11
4988,125000,80000,Petrol,Individual,Manual,1.0,16.1,796 ,37,4.0,12
4989,550000,25000,Petrol,Individual,Manual,1.0,18.9,1197 ,82,5.0,4
4990,150000,80000,Petrol,Individual,Manual,3.0,19.7,796 ,46.3,5.0,14
4991,891000,80000,Diesel,Individual,Manual,1.0,15.4,2179 ,120,7.0,4
4992,1050000,70000,Diesel,Individual,Manual,1.0,12.99,2494 ,100.6,7.0,6
4993,750000,15000,Petrol,Individual,Manual,1.0,21.1,998 ,100.5,5.0,3
4994,380000,27500,Petrol,Individual,Manual,1.0,18.5,1197 ,82.9,5.0,9
4995,800000,110000,Diesel,Individual,Manual,2.0,12.99,2494 ,100.6,8.0,8
4996,200000,120000,Petrol,Individual,Manual,1.0,15.7,1390 ,75,5.0,11
4997,700000,70000,Diesel,Individual,Manual,1.0,28.09,1248 ,88.5,5.0,5
4998,229999,290000,Diesel,Individual,Manual,1.0,13.1,2446 ,75,10.0,19
4999,300000,74000,Petrol,Individual,Manual,2.0,12.8,2354 ,177.6,5.0,11
5000,670000,120000,Diesel,Individual,Manual,1.0,24.2,1498 ,98.6,7.0,6
5001,210000,140000,Petrol,Individual,Manual,1.0,17.7,1497 ,78,5.0,14
5002,370000,40000,Petrol,Individual,Manual,1.0,20.89,1197 ,81.80,5.0,4
5003,600000,20000,Petrol,Individual,Automatic,1.0,21.4,1197 ,83.1,5.0,2
5004,810000,15000,Diesel,Individual,Manual,1.0,24.3,1248 ,88.5,5.0,1
5006,346000,16000,Petrol,Individual,Manual,1.0,23.84,1199 ,84,5.0,2
5007,55000,130000,Petrol,Individual,Manual,1.0,13.0,1343 ,90,5.0,16
5008,250000,118000,Diesel,Individual,Manual,2.0,13.93,2179 ,138.03,7.0,9
5009,120000,44000,Petrol,Individual,Manual,2.0,16.1,1298 ,88.2,5.0,15
5010,600000,50000,Diesel,Individual,Manual,2.0,20.77,1248 ,88.8,7.0,8
5011,330000,60000,Petrol,Individual,Manual,1.0,15.37,1196 ,73,5.0,5
5012,400000,147000,Petrol,Individual,Manual,2.0,18.6,1197 ,81.83,5.0,7
5013,100000,40000,Diesel,Individual,Manual,2.0,16.8,1405 ,62,5.0,17
5014,450000,100000,Petrol,Individual,Manual,3.0,19.1,1197 ,85.8,5.0,7
5015,800000,55000,Diesel,Individual,Manual,1.0,24.52,1248 ,88.5,7.0,4
5016,340000,40000,Diesel,Individual,Manual,2.0,27.62,793 ,47,5.0,6
5017,225000,64000,Diesel,Individual,Manual,3.0,21.1,1248 ,73.9,5.0,11
5018,55000,100000,Petrol,Individual,Manual,2.0,17.3,993 ,60,5.0,19
5019,900000,50000,Diesel,Individual,Manual,1.0,24.52,1248 ,88.5,7.0,5
5020,2500000,30000,Diesel,Individual,Automatic,1.0,9.0,1984 ,181,5.0,7
5021,465000,30000,Petrol,Individual,Manual,1.0,20.51,998 ,67.04,5.0,3
5022,70000,150000,Petrol,Individual,Manual,1.0,17.3,993 ,60,5.0,17
5023,400000,24177,Petrol,Individual,Manual,1.0,17.57,1193 ,88.7,5.0,5
5024,185000,80000,Diesel,Individual,Manual,1.0,16.1,1405 ,70,5.0,9
5025,140000,150000,Petrol,Individual,Manual,2.0,18.9,998 ,67.1,5.0,15
5026,415000,120000,Diesel,Individual,Manual,2.0,21.04,1461 ,83.8,7.0,6
5027,532000,121779,Diesel,Individual,Manual,1.0,12.05,2179 ,120,8.0,9
5028,600000,56000,Diesel,Individual,Manual,1.0,27.39,1248 ,74,5.0,4
5029,150000,100000,Petrol,Individual,Manual,4.0,15.0,1586 ,104.68,5.0,13
5030,459999,12000,Petrol,Individual,Manual,1.0,20.4,1197 ,81.80,5.0,3
5031,800000,15381,Diesel,Individual,Manual,1.0,24.3,1248 ,88.5,5.0,4
5032,310000,5000,Diesel,Individual,Manual,1.0,13.6,2523 ,63,7.0,10
5033,475000,40000,Diesel,Individual,Manual,1.0,19.01,1461 ,108.5,5.0,7
5034,310000,35000,CNG,Individual,Manual,2.0,26.6,998 ,58.16,5.0,5
5035,350000,10000,Petrol,Individual,Manual,1.0,23.95,998 ,67.05,5.0,3
5036,1800000,10000,Diesel,Individual,Manual,1.0,16.0,2179 ,140,7.0,2
5037,640000,25000,Petrol,Individual,Automatic,1.0,22.0,1197 ,81.80,5.0,3
5038,350000,50000,Petrol,Individual,Automatic,1.0,20.51,998 ,67,5.0,4
5039,600000,30000,Petrol,Individual,Manual,1.0,17.0,1198 ,108.5,5.0,3
5040,575000,23000,Diesel,Individual,Manual,1.0,23.9,1582 ,126.2,5.0,6
5041,974000,15000,Diesel,Individual,Manual,1.0,16.55,2498 ,105,6.0,2
5042,445000,5000,Petrol,Individual,Automatic,2.0,20.51,998 ,67,5.0,3
5043,580000,15000,Diesel,Individual,Manual,2.0,20.77,1248 ,88.76,7.0,6
5044,1050000,20000,Diesel,Individual,Manual,1.0,22.1,1396 ,88.7,5.0,1
5045,600000,50000,Diesel,Individual,Manual,1.0,22.77,1498 ,98.59,5.0,6
5046,370000,40000,Petrol,Individual,Manual,2.0,18.16,1196 ,86.8,5.0,4
5047,150000,70000,Petrol,Individual,Manual,3.0,18.2,1061 ,64,5.0,14
5048,483000,15000,Petrol,Individual,Manual,1.0,23.1,998 ,67.04,5.0,4
5049,470000,10000,Petrol,Individual,Manual,1.0,18.9,1197 ,82,5.0,5
5050,950000,25000,Diesel,Individual,Manual,1.0,24.3,1248 ,88.5,5.0,3
5051,450000,50000,Petrol,Individual,Manual,3.0,17.01,1591 ,121.3,5.0,8
5052,345000,70000,Petrol,Individual,Manual,1.0,17.6,1496 ,88.7,5.0,10
5053,600000,5000,Petrol,Individual,Automatic,1.0,20.89,1197 ,81.80,5.0,1
5054,300000,60000,Petrol,Individual,Manual,1.0,19.0,998 ,66.1,5.0,12
5055,160000,74800,Petrol,Individual,Manual,2.0,18.2,998 ,67.1,5.0,14
5056,120000,80000,Petrol,Individual,Manual,2.0,16.1,796 ,37,4.0,17
5057,220000,270000,CNG,Individual,Manual,1.0,21.94,1196 ,61.7,5.0,9
5058,340000,120000,Petrol,Individual,Manual,1.0,20.3,998 ,68.05,5.0,3
5059,138000,120000,Petrol,Individual,Manual,2.0,17.7,1497 ,78,5.0,14
5061,231000,80000,Petrol,Individual,Manual,3.0,17.5,1298 ,85.8,5.0,11
5062,800000,120000,Diesel,Individual,Manual,2.0,15.1,2179 ,140,7.0,8
5063,960000,20000,Petrol,Individual,Manual,1.0,17.0,1197 ,108.6,5.0,2
5064,120000,70000,Petrol,Individual,Manual,2.0,18.9,1061 ,67,5.0,12
5065,270000,40000,Petrol,Individual,Manual,1.0,18.9,998 ,67.1,5.0,9
5066,200000,100000,Petrol,Individual,Manual,2.0,21.1,1197 ,85.80,5.0,10
5067,328000,123000,Petrol,Individual,Manual,1.0,18.6,1197 ,85.8,5.0,9
5068,432000,77000,Diesel,Individual,Manual,1.0,22.32,1582 ,126.32,5.0,9
5069,565000,7000,Petrol,Individual,Manual,1.0,18.78,999 ,75,5.0,2
5070,390000,70000,Petrol,Individual,Manual,1.0,15.37,1196 ,73,5.0,4
5071,600000,30000,Diesel,Individual,Manual,1.0,25.83,1498 ,99,5.0,4
5072,250000,120000,Diesel,Individual,Manual,3.0,23.0,1396 ,90,5.0,10
5073,165000,70000,Petrol,Individual,Manual,1.0,18.0,995 ,62,5.0,10
5074,421000,105000,Petrol,Individual,Manual,1.0,17.0,1497 ,118,5.0,10
5075,225000,109322,Petrol,Individual,Manual,2.0,16.36,1495 ,93.7,5.0,9
5076,350000,120000,Diesel,Individual,Manual,1.0,21.64,1461 ,84.8,5.0,8
5077,1757000,24000,Diesel,Individual,Manual,1.0,17.1,1956 ,170,5.0,3
5078,600000,70000,Diesel,Individual,Manual,2.0,27.39,1248 ,74,5.0,6
5079,515000,35000,Petrol,Individual,Manual,1.0,24.0,1199 ,83.81,5.0,3
5080,80000,80000,Petrol,Individual,Manual,3.0,16.1,796 ,37,4.0,22
5081,800000,70000,Diesel,Individual,Manual,2.0,23.65,1248 ,88.5,5.0,4
5082,120000,100000,Diesel,Individual,Manual,4.0,10.5,2179 ,120,7.0,17
5083,2711000,9000,Diesel,Dealer,Automatic,1.0,13.6,1999 ,177,5.0,4
5084,5150000,20000,Petrol,Dealer,Automatic,1.0,22.37,2487 ,214.56,5.0,2
5085,3200000,45000,Diesel,Dealer,Automatic,1.0,19.33,1999 ,177,5.0,4
5086,503000,110000,Diesel,Individual,Manual,1.0,14.1,2179 ,147.94,7.0,6
5087,3800000,20000,Diesel,Individual,Automatic,1.0,18.0,1969 ,190,5.0,2
5088,2000000,68089,Petrol,Trustmark Dealer,Automatic,1.0,19.16,2494 ,157.7,5.0,5
5089,225000,58343,Petrol,Trustmark Dealer,Manual,1.0,21.79,998 ,67.05,5.0,8
5090,740000,38817,Diesel,Dealer,Manual,1.0,27.39,1248 ,74,5.0,3
5091,550000,56494,Petrol,Trustmark Dealer,Manual,1.0,18.2,1199 ,88.7,5.0,5
5092,750000,79328,Diesel,Trustmark Dealer,Manual,2.0,12.99,2494 ,100.6,7.0,8
5093,650000,5621,Petrol,Trustmark Dealer,Automatic,1.0,22.0,1197 ,81.80,5.0,2
5094,625000,25538,Petrol,Trustmark Dealer,Manual,1.0,16.78,1496 ,88.73,5.0,4
5095,600000,69779,Petrol,Dealer,Automatic,1.0,22.0,1197 ,81.80,5.0,3
5096,450000,56290,Diesel,Dealer,Manual,1.0,24.0,1186 ,73.97,5.0,4
5097,5400000,7500,Diesel,Dealer,Automatic,1.0,16.78,1995 ,190,5.0,2
5098,5500000,8500,Diesel,Dealer,Automatic,1.0,16.78,1995 ,190,5.0,2
5099,779000,7032,Petrol,Trustmark Dealer,Automatic,1.0,19.0,1199 ,88.76,5.0,2
5100,645000,11000,Petrol,Dealer,Automatic,1.0,14.3,1598 ,103.5,5.0,5
5101,2475000,2000,Diesel,Dealer,Automatic,1.0,16.8,1984 ,150,5.0,3
5102,475000,40000,Petrol,Individual,Manual,1.0,20.51,998 ,67.04,5.0,4
5103,400000,20000,Petrol,Individual,Automatic,1.0,20.51,998 ,67,5.0,6
5105,300000,60000,Diesel,Individual,Manual,1.0,20.3,1248 ,75,5.0,10
5106,400000,475000,Diesel,Individual,Manual,3.0,13.5,2179 ,115,5.0,10
5107,235000,70000,Petrol,Individual,Manual,2.0,17.3,1061 ,64,5.0,12
5108,350000,40000,Petrol,Individual,Manual,2.0,20.51,998 ,67.04,5.0,6
5109,625000,34000,Diesel,Individual,Manual,2.0,28.4,1248 ,74.02,5.0,4
5110,525000,120000,Diesel,Individual,Manual,1.0,15.1,2179 ,140,7.0,7
5111,550000,10000,Petrol,Individual,Manual,1.0,20.3,1199 ,84,5.0,3
5112,550000,80000,Diesel,Individual,Manual,2.0,15.96,2523 ,62.1,7.0,6
5113,200000,100000,Petrol,Individual,Manual,2.0,17.7,1497 ,78,5.0,15
5114,350000,120000,Diesel,Individual,Manual,1.0,13.0,2489 ,95,8.0,10
5115,220000,100000,Petrol,Individual,Manual,2.0,17.7,1497 ,78,5.0,15
5116,412000,25000,Petrol,Individual,Manual,1.0,18.9,1197 ,82,5.0,5
5117,126000,52000,Petrol,Individual,Manual,2.0,18.9,1061 ,67,5.0,12
5118,430000,63000,Diesel,Individual,Manual,1.0,23.4,1248 ,74,5.0,8
5119,130000,90000,Petrol,Individual,Manual,2.0,19.0,998 ,66.1,5.0,12
5120,350000,60000,Petrol,Individual,Manual,1.0,23.84,1199 ,84,5.0,4
5121,220000,35000,Petrol,Individual,Manual,1.0,19.7,796 ,46.3,5.0,10
5122,380000,80000,Diesel,Individual,Manual,1.0,13.6,2523 ,63,7.0,10
5123,200000,110000,Diesel,Individual,Manual,2.0,20.0,1399 ,68,5.0,11
5124,2000000,20000,Diesel,Individual,Manual,1.0,12.55,2982 ,168.5,7.0,6
5125,610000,90000,Diesel,Individual,Manual,1.0,22.77,1498 ,98.59,5.0,6
5126,2500000,30000,Petrol,Individual,Automatic,2.0,15.71,1998 ,189,5.0,5
5127,620000,61000,Diesel,Individual,Manual,1.0,26.59,1248 ,74,5.0,4
5128,150000,66000,Petrol,Individual,Manual,1.0,14.7,796 ,37,8.0,8
5129,450000,80000,Petrol,Individual,Manual,1.0,20.62,1198 ,67,7.0,3
5130,1150000,27000,Diesel,Individual,Manual,2.0,19.67,1582 ,126.2,5.0,4
5131,500000,60000,Petrol,Individual,Manual,1.0,18.15,1198 ,82,6.0,3
5132,246000,139000,Petrol,Individual,Manual,1.0,18.9,998 ,67.1,5.0,10
5133,400000,60000,CNG,Individual,Manual,1.0,21.94,1196 ,61.7,5.0,4
5134,65000,10000,Petrol,Individual,Manual,2.0,16.1,796 ,37,4.0,13
5135,725000,30000,Diesel,Individual,Manual,1.0,21.7,1498 ,98.96,5.0,5
5136,736000,125000,Diesel,Individual,Automatic,1.0,22.32,1582 ,126.32,5.0,7
5137,700000,45000,Diesel,Individual,Manual,1.0,28.4,1248 ,74.02,5.0,3
5138,150000,30000,Petrol,Individual,Manual,1.0,18.0,995 ,62,5.0,10
5139,180000,80500,Petrol,Individual,Manual,2.0,19.7,796 ,46.3,5.0,11
5140,409999,200000,Diesel,Individual,Manual,1.0,23.59,1364 ,67.04,5.0,7
5141,550000,60000,Diesel,Individual,Manual,1.0,15.96,2523 ,62.1,7.0,8
5142,50000,18000,Petrol,Individual,Manual,2.0,16.1,796 ,37,4.0,17
5143,80000,110000,Diesel,Individual,Manual,2.0,20.8,1527 ,58,5.0,15
5144,110000,90000,Petrol,Individual,Manual,2.0,19.7,796 ,46.3,5.0,16
5145,180000,120000,Petrol,Individual,Manual,2.0,17.7,1497 ,78,5.0,15
5146,605000,127000,Diesel,Individual,Manual,1.0,28.4,1248 ,74.02,5.0,4
5147,800000,70000,Diesel,Individual,Manual,1.0,24.52,1248 ,88.5,7.0,4
5148,350000,116500,Diesel,Individual,Manual,1.0,23.0,1396 ,90,5.0,10
5149,300000,120000,Petrol,Individual,Manual,1.0,18.5,1197 ,82.85,5.0,9
5150,160000,100000,Petrol,Individual,Manual,4.0,13.9,1599 ,103.2,5.0,13
5151,225000,90000,Diesel,Individual,Manual,2.0,20.0,1399 ,68,5.0,10
5152,1025000,120000,Diesel,Individual,Automatic,3.0,12.07,2967 ,241.4,7.0,12
5153,1300000,40000,Diesel,Individual,Automatic,1.0,17.6,2179 ,153.86,7.0,4
5154,560000,18000,Diesel,Individual,Manual,1.0,21.66,1498 ,108.62,5.0,3
5155,650000,70000,Diesel,Individual,Manual,1.0,24.3,1248 ,88.5,5.0,4
5156,1150000,29000,Diesel,Individual,Manual,1.0,15.1,2179 ,152.87,7.0,3
5157,480000,65755,Petrol,Individual,Manual,1.0,21.4,1197 ,83.1,5.0,5
5158,960000,2600,Diesel,Individual,Manual,1.0,23.0,1498 ,98.96,5.0,2
5159,1050000,46000,Diesel,Individual,Automatic,1.0,16.0,2179 ,140,7.0,4
5160,310000,15000,Petrol,Individual,Manual,2.0,21.1,814 ,55.2,5.0,4
5161,500000,60000,Diesel,Individual,Manual,1.0,23.4,1248 ,74,5.0,7
5162,350000,15500,Petrol,Individual,Automatic,1.0,23.95,998 ,67.1,5.0,4
5163,365000,120000,Diesel,Individual,Manual,1.0,25.8,1498 ,98.6,5.0,6
5164,165000,120000,Diesel,Individual,Manual,3.0,14.8,1998 ,68,5.0,13
5165,100000,120000,Diesel,Individual,Manual,3.0,14.6,2956 ,63,10.0,14
5166,240000,80000,Diesel,Individual,Manual,2.0,13.6,2523 ,63,7.0,14
5167,925000,40000,Diesel,Individual,Manual,1.0,17.3,1497 ,121,7.0,2
5168,590000,15000,Petrol,Individual,Manual,1.0,18.16,1196 ,86.8,5.0,3
5169,525000,110000,Diesel,Individual,Manual,2.0,13.7,2179 ,138.1,7.0,8
5170,720000,80000,Diesel,Individual,Manual,2.0,12.99,2494 ,100.6,8.0,7
5171,850000,50000,Diesel,Individual,Automatic,1.0,19.6,1461 ,108.45,5.0,4
5172,490000,110000,Diesel,Individual,Automatic,1.0,11.79,2179 ,120,8.0,11
5173,325000,100000,Diesel,Individual,Manual,1.0,25.8,1498 ,98.6,5.0,8
5174,1200000,20000,Diesel,Individual,Automatic,1.0,22.0,1582 ,126.2,5.0,2
5175,450000,135000,Diesel,Individual,Manual,1.0,15.96,2523 ,62.1,7.0,9
5176,300000,50700,Diesel,Individual,Manual,1.0,19.09,1405 ,69.01,5.0,7
5177,365000,70000,Diesel,Individual,Manual,2.0,22.07,1199 ,73.9,5.0,8
5178,500000,120000,Petrol,Individual,Automatic,1.0,11.7,1796 ,178,5.0,14
5179,900000,112000,Diesel,Individual,Manual,2.0,12.99,2494 ,100.6,8.0,7
5180,700000,35000,Diesel,Individual,Manual,1.0,24.0,1186 ,73.97,5.0,3
5181,880000,50000,Diesel,Individual,Manual,1.0,19.6,1461 ,108.45,5.0,4
5182,700000,121000,Diesel,Individual,Manual,3.0,12.99,2494 ,100.6,7.0,7
5183,380000,120000,Diesel,Individual,Manual,2.0,12.05,2179 ,120,7.0,12
5184,150000,90000,Petrol,Individual,Manual,3.0,13.4,1794 ,125,5.0,15
5185,235000,70000,CNG,Individual,Manual,2.0,26.3,998 ,67.1,5.0,7
5186,320000,20000,Petrol,Individual,Manual,1.0,23.01,999 ,67,5.0,3
5187,550000,60000,Diesel,Individual,Manual,1.0,20.45,1461 ,83.8,5.0,6
5188,3200000,40000,Diesel,Individual,Automatic,1.0,18.12,1995 ,190,5.0,5
5189,750000,440000,Diesel,Individual,Manual,2.0,12.99,2494 ,100.6,7.0,8
5190,645000,60000,Diesel,Individual,Manual,1.0,18.49,1493 ,100,7.0,4
5191,300000,110000,Petrol,Individual,Manual,1.0,20.51,998 ,67.04,5.0,6
5192,580000,152000,Diesel,Individual,Manual,1.0,21.19,1396 ,88.73,5.0,5
5193,220000,220000,Petrol,Individual,Manual,4.0,17.0,1197 ,80,5.0,10
5194,451000,70000,Diesel,Individual,Manual,1.0,15.96,2523 ,62.1,7.0,8
5195,850000,50000,Petrol,Individual,Manual,1.0,17.0,1198 ,108.5,5.0,3
5196,300000,125000,Diesel,Individual,Manual,1.0,19.3,1248 ,73.9,5.0,10
5197,350000,60000,Petrol,Individual,Manual,1.0,18.16,1196 ,86.8,5.0,5
5198,300000,90000,CNG,Individual,Manual,1.0,21.94,1196 ,63,5.0,7
5199,390000,30000,CNG,Individual,Manual,1.0,21.94,1196 ,63,5.0,4
5200,1200000,90000,Diesel,Individual,Manual,1.0,12.99,2494 ,100.6,8.0,5
5201,550000,20000,Petrol,Individual,Manual,1.0,17.0,1198 ,73.75,5.0,4
5202,300000,110000,Diesel,Individual,Manual,3.0,22.9,1248 ,74,5.0,9
5203,300000,150000,Diesel,Individual,Manual,2.0,20.54,1598 ,103.6,5.0,9
5204,350000,110000,Diesel,Individual,Manual,1.0,23.0,1396 ,90,5.0,9
5205,880000,120000,Diesel,Individual,Manual,2.0,19.67,1582 ,126.2,5.0,6
5206,160000,120000,CNG,Individual,Manual,2.0,13.2,1495 ,93.7,5.0,11
5207,250000,80000,Diesel,Individual,Manual,4.0,15.3,2956 ,83.8,7.0,9
5208,660000,110000,Diesel,Individual,Manual,1.0,21.19,1396 ,88.73,5.0,5
5209,450000,40000,Petrol,Individual,Manual,1.0,17.57,1193 ,88.7,5.0,6
5210,400000,110000,Diesel,Individual,Manual,2.0,19.7,1598 ,103.6,5.0,9
5211,1300000,20000,Diesel,Individual,Manual,1.0,16.36,2179 ,120,7.0,2
5212,229999,230000,Diesel,Individual,Manual,1.0,20.0,1399 ,68.1,5.0,8
5213,140000,60000,Petrol,Individual,Manual,1.0,18.6,1199 ,79.4,5.0,11
5214,195000,35000,Petrol,Individual,Manual,2.0,19.0,998 ,67.1,5.0,9
5215,500000,45000,Petrol,Individual,Manual,1.0,17.19,1197 ,81.86,5.0,6
5216,60000,45000,Petrol,Individual,Manual,1.0,25.4,624 ,38,4.0,9
5217,400000,25000,Petrol,Individual,Manual,1.0,17.57,1193 ,88.7,5.0,5
5218,400000,10000,Petrol,Individual,Manual,1.0,18.6,1197 ,81.83,5.0,7
5219,380000,19000,Petrol,Individual,Manual,1.0,20.51,998 ,67.04,5.0,3
5220,579000,10000,Petrol,Individual,Manual,1.0,21.4,1197 ,83.1,5.0,2
5221,400000,25000,Petrol,Individual,Manual,1.0,18.15,1198 ,82,6.0,2
5222,270000,30000,Petrol,Individual,Manual,1.0,20.36,1197 ,78.9,5.0,9
5223,500000,90000,Diesel,Individual,Manual,1.0,15.96,2523 ,62.1,7.0,7
5224,475000,20000,Petrol,Individual,Manual,1.0,23.84,1199 ,84,5.0,4
5225,850000,48000,Diesel,Individual,Manual,1.0,19.87,1461 ,83.14,5.0,3
5226,475000,120000,Diesel,Individual,Manual,1.0,12.05,2179 ,120,7.0,12
5227,370000,210000,Diesel,Individual,Manual,2.0,19.3,1248 ,73.9,5.0,9
5228,187000,200400,Petrol,Individual,Manual,2.0,19.81,1086 ,68.05,5.0,11
5229,195000,110000,Petrol,Individual,Manual,2.0,20.36,1197 ,78.9,5.0,13
5230,459999,38000,Diesel,Individual,Manual,1.0,13.93,2179 ,138.03,7.0,7
5231,135000,90000,Petrol,Individual,Manual,2.0,13.4,1794 ,125,5.0,17
5232,850000,43000,Diesel,Individual,Manual,1.0,24.52,1248 ,88.5,7.0,4
5233,500000,25000,Petrol,Individual,Manual,1.0,20.3,1086 ,68,5.0,3
5234,385000,26000,Petrol,Individual,Manual,2.0,20.51,998 ,67.04,5.0,5
5235,135000,120000,Diesel,Individual,Manual,2.0,16.8,1493 ,110,5.0,15
5236,120000,70000,Petrol,Individual,Manual,3.0,19.7,796 ,46.3,5.0,13
5237,200000,60000,Petrol,Individual,Manual,3.0,11.9,2354 ,144,5.0,15
5238,200000,120000,Diesel,Individual,Manual,2.0,13.93,2956 ,138.1,7.0,14
5239,700000,20000,Petrol,Individual,Manual,1.0,20.73,1373 ,91.1,5.0,5
5240,290000,25000,Diesel,Individual,Manual,1.0,23.57,1396 ,70,5.0,8
5241,725000,60000,Diesel,Individual,Manual,1.0,28.4,1248 ,74.02,5.0,4
5242,200000,80000,Diesel,Individual,Manual,1.0,12.2,1948 ,68,10.0,13
5243,155000,80000,Petrol,Individual,Manual,1.0,16.8,796 ,34.2,8.0,7
5244,690000,1303,Petrol,Dealer,Manual,1.0,17.8,1198 ,86.7,5.0,2
5245,3975000,31800,Diesel,Dealer,Automatic,1.0,17.01,1968 ,188,5.0,3
5246,5150000,20000,Petrol,Dealer,Automatic,1.0,22.37,2487 ,214.56,5.0,2
5247,3200000,45000,Diesel,Dealer,Automatic,1.0,19.33,1999 ,177,5.0,4
5248,4100000,17000,Petrol,Individual,Automatic,1.0,9.5,3604 ,280,5.0,4
5249,2000000,68089,Petrol,Trustmark Dealer,Automatic,1.0,19.16,2494 ,157.7,5.0,5
5250,550000,56494,Petrol,Trustmark Dealer,Manual,1.0,18.2,1199 ,88.7,5.0,5
5251,750000,79328,Diesel,Trustmark Dealer,Manual,2.0,12.99,2494 ,100.6,7.0,8
5252,5400000,7500,Diesel,Dealer,Automatic,1.0,16.78,1995 ,190,5.0,2
5253,5500000,8500,Diesel,Dealer,Automatic,1.0,16.78,1995 ,190,5.0,2
5254,779000,7032,Petrol,Trustmark Dealer,Automatic,1.0,19.0,1199 ,88.76,5.0,2
5255,2475000,2000,Diesel,Dealer,Automatic,1.0,16.8,1984 ,150,5.0,3
5256,5200000,17000,Petrol,Dealer,Automatic,1.0,15.0,1991 ,194.4,5.0,2
5257,4500000,21000,Diesel,Dealer,Automatic,1.0,12.83,1999 ,148.31,7.0,2
5258,6000000,37000,Diesel,Dealer,Automatic,1.0,13.5,2987 ,254.79,5.0,4
5259,4000000,10000,Diesel,Dealer,Automatic,1.0,22.48,1995 ,187.74,5.0,3
5260,1125000,3500,Petrol,Dealer,Automatic,1.0,18.15,998 ,118.35,5.0,2
5261,1898999,46000,Diesel,Dealer,Automatic,1.0,18.25,1968 ,187.74,5.0,5
5262,1650000,52000,Petrol,Dealer,Automatic,1.0,12.0,2354 ,187.4,5.0,4
5263,280000,20000,Petrol,Individual,Manual,2.0,18.6,1197 ,85.8,5.0,10
5264,450000,25000,Petrol,Individual,Manual,1.0,20.3,1199 ,84,5.0,2
5265,135000,70000,Petrol,Individual,Manual,2.0,15.9,1298 ,85,5.0,15
5266,650000,40000,Diesel,Individual,Manual,1.0,15.1,2179 ,140,7.0,7
5267,650000,7300,Petrol,Individual,Manual,1.0,21.01,1197 ,81.80,5.0,1
5268,750000,25000,Diesel,Individual,Manual,1.0,28.09,1248 ,88.5,5.0,3
5269,150000,100000,Petrol,Individual,Manual,1.0,19.7,796 ,46.3,5.0,11
5270,500000,35000,Diesel,Individual,Manual,1.0,25.32,1198 ,77,6.0,4
5272,425000,80000,Diesel,Individual,Manual,2.0,22.32,1582 ,126.32,5.0,8
5273,260000,60000,Petrol,Individual,Manual,1.0,20.36,1197 ,78.9,5.0,11
5274,400000,110000,Diesel,Individual,Manual,2.0,20.14,1498 ,88.8,5.0,7
5275,575000,70000,Diesel,Individual,Manual,2.0,22.54,1396 ,88.73,5.0,4
5276,175000,40000,Petrol,Individual,Manual,1.0,0.0,1086 ,62,5.0,13
5277,250000,90000,CNG,Individual,Manual,2.0,21.4,1586 ,103.3,5.0,11
5278,400000,95000,Diesel,Individual,Manual,1.0,19.7,1598 ,103.6,5.0,9
5279,350000,200000,Diesel,Individual,Manual,2.0,13.6,2523 ,63,7.0,10
5280,484999,30000,Diesel,Individual,Manual,1.0,25.2,1248 ,74,5.0,6
5281,484999,30000,Diesel,Individual,Manual,1.0,25.2,1248 ,74,5.0,6
5282,350000,70000,Diesel,Individual,Manual,2.0,20.14,1498 ,88.5,5.0,8
5283,1400000,80000,Diesel,Individual,Automatic,2.0,12.55,2982 ,168.7,7.0,7
5284,250000,100000,Diesel,Individual,Manual,3.0,19.3,1248 ,73.9,5.0,9
5285,655000,70000,Diesel,Individual,Manual,1.0,28.4,1248 ,74.02,5.0,4
5286,500000,30000,Diesel,Individual,Manual,1.0,27.3,1498 ,98.6,5.0,5
5287,300000,15000,Petrol,Individual,Manual,1.0,18.6,1199 ,76.8,5.0,5
5288,650000,21000,Diesel,Individual,Manual,1.0,25.83,1498 ,99,5.0,3
5289,300000,35000,Petrol,Individual,Manual,1.0,20.52,1197 ,81.80,5.0,7
5290,475000,25000,Petrol,Individual,Manual,1.0,18.7,1199 ,88.7,5.0,5
5291,450000,30000,Petrol,Individual,Manual,1.0,23.84,1199 ,84,5.0,4
5292,754000,10000,Diesel,Individual,Manual,1.0,28.4,1248 ,74.02,5.0,2
5293,300000,40000,Petrol,Individual,Manual,1.0,20.36,1197 ,78.9,5.0,8
5294,250000,25000,Petrol,Individual,Manual,1.0,21.1,814 ,55.2,5.0,7
5295,725000,15000,Diesel,Individual,Manual,1.0,28.4,1248 ,74.02,5.0,3
5296,95000,70000,Petrol,Individual,Manual,1.0,19.7,796 ,46.3,5.0,13
5297,475000,7800,Petrol,Individual,Manual,1.0,20.3,1086 ,68,5.0,3
5298,575000,55000,Diesel,Individual,Manual,1.0,14.0,2179 ,138.1,7.0,7
5299,350000,30000,Petrol,Individual,Manual,1.0,23.84,1199 ,84,5.0,5
5300,330000,125000,Diesel,Individual,Manual,2.0,15.96,2523 ,62.1,7.0,8
5301,482000,50000,Petrol,Individual,Manual,1.0,20.4,1197 ,81.80,5.0,5
5302,625000,40000,Diesel,Individual,Manual,4.0,22.77,1498 ,98.59,5.0,4
5303,380000,30000,Petrol,Individual,Manual,1.0,23.84,1199 ,84,5.0,4
5304,310000,30000,Petrol,Individual,Manual,1.0,18.6,1199 ,76.8,5.0,5
5305,280000,35000,Petrol,Individual,Manual,1.0,17.5,1298 ,85.8,5.0,12
5306,900000,30000,Petrol,Individual,Automatic,1.0,14.99,1498 ,104.5,5.0,3
5307,250000,60000,Petrol,Individual,Manual,1.0,18.9,1061 ,67,5.0,11
5308,750000,39000,Petrol,Individual,Manual,1.0,17.01,1591 ,121.3,5.0,4
5309,420000,15000,Petrol,Individual,Manual,1.0,23.01,999 ,67,5.0,2
5310,670000,5000,Petrol,Individual,Manual,1.0,19.5,1199 ,88.76,5.0,2
5311,420000,9750,Petrol,Individual,Manual,2.0,19.81,1086 ,68.05,5.0,5
5312,1800000,110000,Diesel,Individual,Manual,1.0,13.68,2393 ,147.8,7.0,5
5313,900000,35000,Petrol,Individual,Manual,1.0,17.5,1199 ,88.7,5.0,3
5314,1200000,10000,Diesel,Individual,Manual,1.0,15.1,2179 ,140,7.0,6
5315,195000,157138,Diesel,Individual,Manual,3.0,10.5,2179 ,120,7.0,18
5316,185000,120000,Diesel,Individual,Manual,4.0,16.8,1493 ,110,5.0,14
5317,185000,110000,Petrol,Individual,Manual,4.0,19.81,1086 ,68.05,5.0,13
5318,1525000,46000,Diesel,Individual,Manual,1.0,15.1,2179 ,152.87,7.0,3
5319,215000,102000,Petrol,Individual,Manual,3.0,16.1,1298 ,88.2,5.0,15
5320,210000,50000,Petrol,Individual,Manual,2.0,22.74,796 ,47.3,5.0,6
5321,1700000,110000,Diesel,Individual,Manual,2.0,13.68,2393 ,147.8,7.0,5
5323,530000,285000,Diesel,Individual,Manual,3.0,12.8,2494 ,102,8.0,12
5324,800000,50000,Petrol,Individual,Manual,1.0,17.4,1497 ,117.3,5.0,6
5325,570000,70000,Diesel,Individual,Manual,2.0,25.2,1248 ,74,5.0,7
5326,350000,120000,Diesel,Individual,Manual,2.0,21.5,1248 ,88.8,5.0,9
5327,350000,93000,Diesel,Individual,Manual,2.0,21.9,1396 ,90,5.0,10
5328,750000,50000,Diesel,Individual,Manual,1.0,16.5,1493 ,70,7.0,3
5329,160000,100000,Petrol,Individual,Manual,2.0,15.37,1196 ,73,7.0,10
5330,150000,70000,Diesel,Individual,Manual,3.0,15.7,1405 ,70,5.0,11
5332,562000,5000,Petrol,Individual,Manual,1.0,18.9,1197 ,81.86,5.0,2
5333,290000,27000,Petrol,Individual,Manual,1.0,20.36,1197 ,78.9,5.0,9
5334,600000,122000,Diesel,Individual,Manual,2.0,15.1,2179 ,140,7.0,7
5335,401000,74000,Diesel,Individual,Manual,2.0,24.4,1120 ,71,5.0,6
5336,750000,6500,Petrol,Individual,Automatic,1.0,21.21,1197 ,81.80,5.0,2
5337,240000,80000,Diesel,Individual,Manual,2.0,13.6,2523 ,63,7.0,14
5338,229999,50000,Petrol,Individual,Manual,1.0,20.92,998 ,67.1,5.0,9
5339,500000,50000,Diesel,Individual,Manual,1.0,15.96,2523 ,62.1,7.0,8
5340,350000,80000,Petrol,Individual,Manual,1.0,11.96,1298 ,80,8.0,11
5341,217000,25000,Petrol,Individual,Manual,1.0,22.7,799 ,53.64,5.0,3
5342,670000,35000,Diesel,Individual,Manual,1.0,22.71,1461 ,84.8,5.0,3
5343,225000,30000,Petrol,Individual,Manual,1.0,20.92,998 ,67.1,5.0,10
5344,737000,10000,Petrol,Individual,Automatic,1.0,18.76,1462 ,103.26,5.0,1
5345,300000,80000,Petrol,Individual,Manual,1.0,23.1,998 ,67.04,5.0,7
5346,85000,120000,Diesel,Individual,Manual,1.0,17.0,1405 ,70,5.0,13
5347,195000,120000,Diesel,Individual,Manual,2.0,16.2,1493 ,110,5.0,11
5348,675000,127991,Diesel,Dealer,Manual,1.0,25.5,1498 ,98.6,5.0,4
5349,150000,198000,Diesel,Individual,Manual,2.0,14.8,1998 ,68,5.0,22
5350,290000,65000,Petrol,Individual,Manual,1.0,15.64,1193 ,64.1,5.0,11
5352,889000,20000,Diesel,Individual,Manual,1.0,28.09,1248 ,88.5,5.0,3
5353,400000,60000,Petrol,Individual,Manual,1.0,17.0,1198 ,73.75,5.0,5
5354,390000,13120,Petrol,Individual,Manual,1.0,25.17,799 ,53.3,5.0,3
5355,1550000,87500,Diesel,Individual,Manual,1.0,17.1,1956 ,170,5.0,4
5356,600000,125000,Diesel,Individual,Manual,1.0,22.32,1582 ,126.32,5.0,7
5357,800000,25000,Petrol,Individual,Automatic,1.0,17.4,1197 ,81.86,5.0,3
5358,600000,120000,Diesel,Individual,Manual,3.0,20.77,1248 ,88.8,7.0,8
5359,795000,35000,Petrol,Individual,Manual,1.0,17.01,1591 ,121.3,5.0,6
5360,735000,25000,Diesel,Individual,Manual,1.0,22.54,1396 ,88.73,5.0,5
5361,250000,120000,Diesel,Individual,Manual,3.0,16.4,1896 ,90,5.0,16
5362,400000,25000,Petrol,Individual,Automatic,1.0,24.04,999 ,67,5.0,3
5363,395000,140000,Diesel,Individual,Manual,1.0,14.0,2489 ,95,8.0,7
5364,130000,79000,Diesel,Individual,Manual,2.0,13.1,1493 ,82,5.0,16
5365,600000,125000,Diesel,Individual,Manual,1.0,21.04,1461 ,83.8,8.0,6
5366,720000,80000,Diesel,Individual,Manual,1.0,21.19,1396 ,88.73,5.0,5
5367,450000,110000,Petrol,Individual,Manual,3.0,16.8,1497 ,116.4,5.0,10
5368,220000,80000,Diesel,Individual,Manual,2.0,16.2,1493 ,110,5.0,11
5369,545000,100000,Diesel,Individual,Manual,2.0,22.32,1582 ,126.32,5.0,7
5370,370000,100000,Diesel,Individual,Manual,2.0,20.54,1598 ,103.6,5.0,10
5371,450000,78000,Diesel,Individual,Manual,1.0,13.6,2523 ,63,7.0,11
5372,750000,15000,Petrol,Individual,Automatic,1.0,17.4,1197 ,81.86,5.0,3
5373,1100000,70000,Diesel,Individual,Manual,1.0,15.4,2179 ,120,7.0,6
5374,711000,5000,Petrol,Individual,Manual,1.0,21.4,1197 ,83.1,5.0,2
5375,285000,75000,Petrol,Individual,Manual,1.0,23.95,998 ,67.05,5.0,5
5376,749000,5500,Petrol,Individual,Manual,1.0,21.01,1197 ,81.80,5.0,1
5377,550000,80000,Diesel,Individual,Manual,2.0,19.64,1461 ,108.45,5.0,5
5378,300000,120000,Diesel,Individual,Manual,2.0,19.3,1248 ,73.9,5.0,11
5379,625000,70000,Diesel,Individual,Manual,1.0,27.39,1248 ,74,5.0,4
5380,650000,80000,Petrol,Individual,Manual,2.0,17.19,1197 ,81.86,5.0,4
5381,575000,120000,Diesel,Individual,Manual,3.0,22.32,1582 ,126.32,5.0,7
5382,631000,75000,Diesel,Individual,Manual,2.0,26.59,1248 ,74,5.0,5
5383,220000,80000,Diesel,Individual,Manual,2.0,16.2,1493 ,110,5.0,11
5384,600000,40000,Petrol,Individual,Manual,2.0,20.3,1199 ,84,5.0,4
5386,390000,120000,Diesel,Individual,Manual,1.0,23.5,1498 ,88.7,5.0,9
5387,375000,110000,Diesel,Individual,Manual,4.0,12.7,2609 ,116.6,8.0,14
5388,340000,110000,Diesel,Individual,Manual,1.0,23.0,1396 ,90,5.0,11
5389,670000,2000,Diesel,Individual,Manual,1.0,27.28,1047 ,69,5.0,2
5390,530000,80000,Diesel,Individual,Manual,2.0,23.4,1248 ,74,5.0,7
5391,350000,38000,Petrol,Individual,Automatic,2.0,23.95,998 ,67.05,5.0,6
5392,415000,46000,Petrol,Dealer,Manual,1.0,21.63,998 ,67.04,5.0,7
5393,700000,102000,Diesel,Dealer,Manual,1.0,24.2,1498 ,93.87,7.0,7
5394,925000,96000,Diesel,Dealer,Automatic,2.0,19.62,1998 ,190,5.0,9
5395,375000,20000,Petrol,Dealer,Automatic,1.0,22.0,999 ,67,5.0,4
5396,575000,16000,Petrol,Dealer,Manual,1.0,19.1,1197 ,85.8,5.0,6
5397,425000,23000,Petrol,Dealer,Manual,1.0,17.0,1197 ,80,5.0,8
5398,245000,25000,Petrol,Dealer,Manual,1.0,18.16,1196 ,86.8,5.0,10
5399,540000,35000,Petrol,Dealer,Manual,2.0,17.7,1497 ,113.42,5.0,6
5400,1000000,90000,Diesel,Dealer,Automatic,1.0,14.94,2143 ,204,5.0,10
5401,291000,37000,Petrol,Dealer,Manual,1.0,20.36,1197 ,78.9,5.0,8
5402,600000,34000,Petrol,Dealer,Manual,2.0,21.4,1197 ,83.1,5.0,4
5403,355000,60000,Petrol,Dealer,Manual,1.0,17.7,1497 ,113.42,5.0,9
5404,225000,50000,Petrol,Dealer,Manual,1.0,20.36,1197 ,78.9,5.0,11
5405,350000,37000,Petrol,Dealer,Manual,1.0,13.7,1399 ,98.79,7.0,8
5406,200000,38000,Petrol,Dealer,Manual,2.0,24.7,796 ,47.3,5.0,9
5408,434999,57000,Petrol,Dealer,Manual,1.0,17.7,1497 ,113.42,5.0,9
5409,440000,62200,Petrol,Dealer,Manual,1.0,17.0,1197 ,80,5.0,7
5410,390000,77000,Diesel,Dealer,Manual,1.0,21.1,1248 ,73.9,5.0,8
5411,50000,110000,Petrol,Individual,Manual,2.0,16.1,796 ,37,4.0,24
5412,450000,30000,Petrol,Individual,Manual,1.0,17.5,1197 ,85.8,5.0,9
5413,125000,60000,Petrol,Individual,Manual,3.0,19.7,796 ,46.3,5.0,12
5414,999000,25000,Diesel,Individual,Manual,1.0,15.4,2179 ,120,9.0,7
5415,225000,188000,Diesel,Individual,Manual,1.0,12.3,1948 ,90,7.0,16
5416,85000,150000,Petrol,Individual,Manual,3.0,19.7,796 ,46.3,5.0,11
5417,150000,40000,Petrol,Individual,Manual,1.0,21.1,814 ,55.2,5.0,9
5418,500000,120000,Diesel,Individual,Manual,1.0,19.01,1461 ,108.45,5.0,7
5419,220000,70000,Petrol,Individual,Manual,3.0,20.36,1197 ,78.9,5.0,10
5420,999000,25000,Diesel,Individual,Manual,1.0,15.4,2179 ,120,9.0,7
5421,957000,60000,Diesel,Individual,Manual,1.0,21.38,1396 ,88.7,5.0,4
5422,1050000,250000,Diesel,Individual,Manual,1.0,12.8,2494 ,102,7.0,15
5423,320000,35000,Petrol,Individual,Manual,1.0,22.5,999 ,67,5.0,3
5424,300000,15000,Petrol,Individual,Manual,1.0,23.95,998 ,67.05,5.0,5
5425,270000,98000,Diesel,Individual,Manual,1.0,17.8,1248 ,75,5.0,11
5426,170000,62000,Petrol,Individual,Manual,3.0,16.36,1495 ,93.7,5.0,10
5427,270000,90000,Diesel,Individual,Manual,2.0,18.3,1991 ,147.9,5.0,11
5428,140000,110000,Petrol,Individual,Manual,2.0,18.6,1199 ,79.4,5.0,8
5429,170000,90000,Petrol,Individual,Manual,3.0,20.36,1197 ,78.9,5.0,11
5430,1450000,10000,Diesel,Individual,Manual,1.0,17.3,1497 ,121,7.0,2
5431,1200000,25000,Diesel,Individual,Manual,1.0,20.0,1497 ,115,5.0,2
5432,834000,13000,Diesel,Individual,Manual,1.0,22.54,1396 ,88.76,5.0,2
5433,450000,80000,Diesel,Individual,Manual,1.0,27.28,1047 ,69,5.0,4
5434,575000,40000,Diesel,Individual,Manual,3.0,20.14,1498 ,88.8,5.0,7
5435,900000,20000,Diesel,Individual,Manual,1.0,28.4,1248 ,74.02,5.0,2
5436,149000,87540,LPG,Individual,Manual,3.0,16.6,796 ,35.5,5.0,13
5437,100000,84000,LPG,Individual,Manual,3.0,16.0,995 ,60,5.0,14
5438,325000,160000,Diesel,Individual,Manual,3.0,20.86,1199 ,75,5.0,10
5439,400000,100000,Diesel,Individual,Manual,2.0,20.54,1598 ,103.6,5.0,9
5440,250000,35000,Petrol,Individual,Manual,2.0,20.3,998 ,68.05,5.0,4
5441,225000,60000,Petrol,Individual,Manual,2.0,12.9,1598 ,102.5,5.0,11
5442,300000,70000,Diesel,Individual,Manual,1.0,18.6,1388 ,67,5.0,9
5443,459999,60000,Diesel,Individual,Manual,2.0,20.5,1248 ,91.72,5.0,6
5444,825000,35000,Diesel,Individual,Manual,2.0,22.77,1498 ,98.59,5.0,5
5445,150000,231438,Diesel,Individual,Manual,2.0,18.4,1248 ,75,5.0,9
5446,710000,71000,Diesel,Individual,Manual,1.0,27.39,1248 ,74,5.0,5
5448,425000,70000,Diesel,Individual,Manual,1.0,23.2,1248 ,73.94,5.0,5
5449,45000,80000,Petrol,Individual,Manual,1.0,16.1,796 ,37,4.0,14
5450,380000,239451,Diesel,Individual,Manual,2.0,13.6,2523 ,63,7.0,10
5452,240000,90000,Diesel,Individual,Manual,1.0,21.1,1248 ,73.9,5.0,12
5453,1150000,154000,Diesel,Individual,Manual,1.0,19.67,1582 ,126.2,5.0,5
5454,520000,109000,Diesel,Individual,Manual,2.0,19.64,1461 ,108.45,5.0,8
5455,675000,120000,Diesel,Individual,Manual,2.0,26.59,1248 ,74,5.0,5
5457,297000,100000,CNG,Individual,Manual,3.0,26.2,998 ,58.2,5.0,9
5458,250000,110000,Diesel,Individual,Manual,1.0,11.57,2179 ,138.1,7.0,12
5459,200000,200000,Diesel,Individual,Manual,2.0,13.1,1493 ,82,5.0,16
5461,380000,39000,Petrol,Individual,Manual,3.0,20.51,998 ,67.04,5.0,5
5462,40000,96000,Petrol,Individual,Manual,4.0,16.1,796 ,37,4.0,16
5463,575000,90000,Diesel,Individual,Manual,1.0,20.54,1598 ,103.6,5.0,7
5464,300000,135000,Diesel,Individual,Manual,2.0,17.8,1248 ,75,5.0,11
5465,450000,90000,Diesel,Individual,Manual,1.0,27.28,1047 ,69,5.0,3
5466,45000,90000,Petrol,Individual,Manual,4.0,16.1,796 ,37,4.0,18
5467,950000,426000,Diesel,Individual,Manual,1.0,12.8,2494 ,102,7.0,11
5468,745000,35000,Diesel,Individual,Manual,1.0,28.4,1248 ,74.02,5.0,4
5469,509999,120000,Diesel,Individual,Manual,1.0,24.4,1120 ,71,5.0,5
5470,142000,110000,Petrol,Individual,Manual,1.0,20.36,1197 ,78.9,5.0,12
5471,185000,50000,Petrol,Individual,Manual,1.0,19.0,998 ,66.1,5.0,12
5472,300000,77000,Diesel,Individual,Manual,1.0,20.4,1248 ,91.7,5.0,9
5473,210000,120000,Petrol,Individual,Manual,2.0,17.7,1497 ,78,5.0,14
5474,260000,120000,Petrol,Individual,Manual,2.0,13.9,1599 ,103.2,5.0,13
5475,430000,190000,Diesel,Individual,Manual,2.0,23.4,1248 ,74,5.0,8
5476,600000,110000,Diesel,Individual,Manual,2.0,12.05,2179 ,120,8.0,8
5477,400000,30000,Petrol,Individual,Manual,1.0,15.6,1196 ,70,5.0,11
5478,400000,182000,Diesel,Individual,Manual,2.0,24.8,1396 ,88.7,5.0,9
5479,669000,60000,Diesel,Individual,Manual,1.0,28.4,1248 ,74.02,5.0,4
5480,509999,40000,Petrol,Individual,Manual,1.0,20.14,1197 ,81.86,5.0,2
5481,616000,112000,Diesel,Individual,Manual,1.0,22.54,1396 ,88.73,5.0,5
5482,530000,80000,Diesel,Individual,Manual,2.0,12.05,2179 ,120,8.0,8
5483,190000,90000,Diesel,Individual,Manual,2.0,16.8,1493 ,110,5.0,11
5484,700000,140000,Diesel,Individual,Manual,2.0,25.1,1498 ,98.6,5.0,6
5485,250000,188000,Diesel,Individual,Manual,2.0,14.0,2179 ,120,8.0,9
5486,225000,60000,Petrol,Individual,Manual,2.0,20.36,1197 ,78.9,5.0,7
5487,470000,30000,Petrol,Individual,Manual,1.0,18.9,1197 ,81.86,5.0,4
5488,900000,40000,Diesel,Individual,Manual,1.0,24.3,1248 ,88.5,5.0,2
5489,170000,70000,Diesel,Individual,Manual,1.0,25.44,936 ,57.6,5.0,8
5490,140000,100000,Diesel,Individual,Manual,1.0,19.09,1396 ,69,5.0,8
5491,95000,44000,Petrol,Individual,Manual,2.0,16.0,995 ,63,5.0,10
5492,280000,110000,Petrol,Individual,Manual,2.0,18.5,1197 ,85.80,5.0,5
5493,470000,215000,Diesel,Individual,Manual,1.0,12.05,2179 ,120,7.0,9
5494,129000,80000,Petrol,Individual,Manual,2.0,21.1,814 ,55.2,5.0,10
5495,165000,70000,Diesel,Individual,Manual,2.0,25.44,936 ,57.6,5.0,9
5496,600000,25000,Petrol,Individual,Manual,1.0,17.19,1197 ,81.86,5.0,5
5497,260000,31000,Petrol,Individual,Manual,1.0,18.9,998 ,67.1,5.0,9
5498,70000,50000,Petrol,Individual,Manual,3.0,18.9,998 ,67.1,5.0,16
5499,515000,120000,Petrol,Individual,Manual,2.0,18.6,1197 ,81.83,5.0,6
5500,225000,60000,Diesel,Individual,Manual,1.0,20.0,1399 ,68,5.0,9
5501,270000,60000,Diesel,Individual,Manual,2.0,19.3,1248 ,73.9,5.0,10
5502,225000,110000,Diesel,Individual,Manual,3.0,13.93,2179 ,138.03,7.0,10
5503,459999,70000,Diesel,Individual,Manual,1.0,22.32,1582 ,126.32,5.0,9
5504,115999,110000,Petrol,Individual,Manual,2.0,19.7,796 ,46.3,5.0,12
5505,475000,77300,Diesel,Dealer,Manual,1.0,21.14,1498 ,103.52,5.0,8
5506,1925000,91500,Diesel,Dealer,Automatic,1.0,10.0,2148 ,170,5.0,8
5507,165000,75000,Diesel,Dealer,Manual,2.0,25.0,1396 ,69,5.0,10
5508,550000,45000,Diesel,Dealer,Manual,1.0,28.4,1248 ,74,5.0,6
5509,861000,61260,Diesel,Dealer,Manual,1.0,24.3,1248 ,88.5,5.0,4
5510,1050000,26000,Diesel,Dealer,Manual,1.0,23.0,1498 ,98.96,5.0,2
5511,3251000,17601,Diesel,Dealer,Automatic,1.0,16.25,1968 ,148,7.0,3
5512,750000,43000,Diesel,Dealer,Manual,1.0,22.54,1396 ,88.73,5.0,4
5513,730000,4773,Petrol,Dealer,Manual,1.0,22.0,1197 ,81.80,5.0,3
5514,860000,31000,Diesel,Dealer,Automatic,1.0,21.66,1498 ,103.52,5.0,4
5515,940000,57900,Diesel,Dealer,Manual,1.0,21.9,1498 ,98.6,7.0,4
5516,1075000,8600,Diesel,Dealer,Manual,1.0,17.3,1497 ,121,7.0,2
5517,775000,52000,Diesel,Dealer,Manual,1.0,23.65,1248 ,88.5,5.0,5
5518,411000,62000,Petrol,Dealer,Manual,1.0,22.0,1197 ,81.80,5.0,8
5519,911000,155000,Diesel,Dealer,Manual,1.0,12.8,2494 ,102,8.0,9
5520,540000,66000,Diesel,Dealer,Manual,1.0,20.14,1498 ,88.8,5.0,5
5521,660000,78010,Diesel,Dealer,Automatic,1.0,21.66,1498 ,103.52,5.0,5
5522,875000,83844,Diesel,Dealer,Manual,1.0,24.52,1248 ,88.5,7.0,3
5523,411000,23999,Petrol,Dealer,Automatic,1.0,23.1,998 ,67.04,5.0,6
5524,635000,52000,Diesel,Dealer,Manual,1.0,27.39,1248 ,74,5.0,5
5525,350000,145000,Diesel,Individual,Manual,3.0,22.9,1248 ,74,5.0,9
5526,800000,70000,Diesel,Individual,Manual,2.0,18.49,1493 ,100,7.0,3
5527,180000,25000,Petrol,Individual,Manual,2.0,16.8,796 ,34.2,5.0,6
5528,2000000,51000,Diesel,Individual,Automatic,1.0,14.74,2993 ,270.9,5.0,7
5529,490000,120000,Diesel,Individual,Manual,1.0,24.2,1498 ,98.6,7.0,7
5530,180000,55000,Petrol,Individual,Manual,1.0,19.0,998 ,67.1,5.0,11
5531,310000,91400,Petrol,Individual,Automatic,2.0,19.34,1198 ,76,5.0,8
5532,275000,48000,CNG,Individual,Manual,1.0,13.2,1495 ,93.7,5.0,9
5533,450000,80000,Diesel,Individual,Manual,2.0,18.2,1248 ,73.8,7.0,7
5534,500000,50000,Diesel,Individual,Manual,1.0,25.32,1198 ,77,6.0,4
5535,245000,185000,Diesel,Individual,Automatic,4.0,16.2,1493 ,110,5.0,11
5536,275000,125000,Diesel,Individual,Manual,4.0,20.54,1598 ,103.6,5.0,10
5537,200000,178500,Petrol,Individual,Manual,3.0,17.7,1497 ,78,5.0,15
5538,1500000,66953,Diesel,Individual,Manual,1.0,16.0,2179 ,140,7.0,4
5539,229999,166000,Diesel,Individual,Manual,2.0,23.08,1461 ,63.1,5.0,9
5540,280000,131000,Diesel,Individual,Manual,4.0,20.54,1598 ,103.6,5.0,10
5541,125000,50000,Petrol,Individual,Manual,2.0,18.9,1061 ,67,5.0,12
5542,600000,25000,Diesel,Individual,Manual,1.0,25.2,1248 ,74,5.0,6
5543,600000,20000,Petrol,Individual,Manual,1.0,18.2,1199 ,88.7,5.0,3
5544,411000,60000,Petrol,Individual,Manual,2.0,18.5,1198 ,86.8,5.0,5
5545,150000,170000,Petrol,Individual,Manual,3.0,15.37,1196 ,73,5.0,11
5546,630000,70000,Diesel,Individual,Manual,1.0,26.21,1248 ,88.5,5.0,6
5547,1200000,110000,Diesel,Individual,Automatic,1.0,17.11,1968 ,174.33,5.0,8
5548,700000,45000,Petrol,Individual,Automatic,1.0,22.0,1197 ,81.80,5.0,2
5549,250000,60000,Diesel,Individual,Manual,2.0,14.0,2498 ,112,7.0,11
5550,535000,32000,Diesel,Individual,Manual,1.0,18.2,1248 ,73.74,8.0,5
5551,600000,60000,Diesel,Individual,Manual,1.0,18.49,1493 ,100,7.0,5
5552,145000,120000,Diesel,Individual,Manual,4.0,13.1,1493 ,82,5.0,18
5553,400000,143000,Diesel,Individual,Manual,1.0,25.83,1498 ,99,5.0,6
5554,600000,100000,Diesel,Individual,Manual,1.0,26.59,1248 ,74,5.0,6
5555,459999,50000,Petrol,Individual,Manual,1.0,21.63,998 ,67,5.0,3
5556,800000,30000,Diesel,Individual,Manual,1.0,22.54,1396 ,88.73,5.0,3
5557,370000,25000,CNG,Individual,Manual,1.0,21.94,1196 ,61.7,5.0,4
5558,800000,102000,Diesel,Individual,Manual,2.0,12.8,2494 ,102,8.0,9
5559,290000,90000,Diesel,Individual,Manual,1.0,23.08,1461 ,63.12,5.0,8
5560,671000,62000,Diesel,Individual,Manual,1.0,28.4,1248 ,74,5.0,3
5561,140000,80000,Diesel,Individual,Manual,4.0,19.09,1396 ,69,5.0,9
5562,141000,15000,Petrol,Individual,Manual,3.0,19.7,796 ,46.3,5.0,10
5563,125000,70000,Petrol,Individual,Manual,2.0,19.7,796 ,46.3,5.0,12
5564,150000,90000,Diesel,Individual,Manual,2.0,19.4,1405 ,70,5.0,8
5565,125000,100000,Petrol,Individual,Manual,3.0,18.9,1061 ,67,5.0,14
5566,600000,25000,Petrol,Individual,Manual,2.0,18.9,1197 ,81.86,5.0,3
5567,700000,40000,Diesel,Individual,Manual,1.0,22.54,1396 ,88.73,5.0,4
5568,700000,70000,Diesel,Individual,Manual,1.0,22.54,1396 ,88.73,5.0,4
5569,740000,40000,Diesel,Individual,Manual,1.0,28.4,1248 ,74.02,5.0,4
5570,140000,200000,Diesel,Individual,Manual,2.0,17.0,1405 ,71,5.0,10
5571,1150000,35000,Diesel,Individual,Manual,1.0,22.0,1582 ,126.2,5.0,3
5572,300000,155000,Diesel,Individual,Manual,1.0,18.7,1896 ,66,5.0,14
5573,300000,110000,Petrol,Individual,Manual,1.0,17.6,1496 ,88.73,5.0,10
5574,530000,110000,Diesel,Individual,Manual,1.0,21.64,1461 ,84.8,5.0,6
5575,530000,80000,Diesel,Individual,Manual,2.0,24.0,1186 ,73.97,5.0,4
5576,210000,50000,Petrol,Individual,Manual,2.0,17.92,1086 ,62.1,5.0,10
5577,130000,90000,Petrol,Individual,Manual,2.0,19.7,796 ,46.3,5.0,14
5578,148000,80000,LPG,Individual,Manual,2.0,17.3,1061 ,57.5,5.0,13
5579,585000,120000,Diesel,Individual,Automatic,1.0,14.3,1968 ,140,5.0,13
5580,270000,105000,Diesel,Individual,Manual,2.0,21.9,1396 ,90,5.0,10
5581,375000,40000,Petrol,Individual,Manual,1.0,20.36,1197 ,78.9,5.0,8
5582,725000,141000,Diesel,Individual,Manual,2.0,15.1,2179 ,140,7.0,7
5584,180000,150000,Diesel,Individual,Manual,2.0,18.1,1493 ,110,5.0,14
5585,425000,80000,Diesel,Individual,Manual,2.0,23.2,1248 ,73.94,5.0,7
5586,900000,25000,Diesel,Individual,Manual,1.0,23.0,1498 ,98.96,5.0,3
5587,570000,51000,Diesel,Individual,Manual,1.0,14.07,2956 ,69.01,7.0,4
5588,290000,40000,Diesel,Individual,Manual,1.0,25.0,1396 ,69,5.0,4
5589,229999,40000,Diesel,Individual,Manual,2.0,20.0,1399 ,68,5.0,10
5590,300000,70000,Diesel,Individual,Manual,1.0,20.0,1399 ,68,5.0,9
5591,220000,110000,Diesel,Individual,Manual,3.0,21.1,1248 ,73.9,5.0,11
5592,409999,80000,Diesel,Individual,Manual,2.0,18.3,1991 ,147.9,5.0,10
5593,355000,136000,Diesel,Individual,Manual,2.0,18.2,1248 ,73.8,7.0,8
5594,695000,120000,Diesel,Individual,Manual,1.0,19.01,1461 ,108.45,5.0,8
5595,320000,120000,Diesel,Individual,Manual,2.0,19.3,1248 ,73.9,5.0,11
5596,710000,120000,Diesel,Individual,Manual,1.0,18.49,1493 ,100,7.0,4
5597,85000,120000,Diesel,Individual,Manual,2.0,16.8,1405 ,62,5.0,17
5598,409999,210000,Diesel,Individual,Manual,4.0,12.2,1994 ,105.3,9.0,11
5599,550000,90000,Diesel,Individual,Manual,1.0,20.14,1498 ,88.8,5.0,6
5600,215000,100750,Petrol,Individual,Manual,2.0,16.1,1298 ,88.2,5.0,14
5601,110000,140000,Petrol,Individual,Manual,2.0,14.4,1599 ,94,5.0,15
5602,170000,110000,Petrol,Individual,Manual,3.0,17.7,1497 ,78,5.0,14
5603,850000,40000,Petrol,Individual,Manual,2.0,17.0,1198 ,108.5,5.0,3
5604,350000,148000,Diesel,Individual,Manual,2.0,23.0,1396 ,90,5.0,11
5606,250000,155000,Diesel,Individual,Manual,2.0,22.3,1248 ,74,5.0,6
5607,433000,70000,Diesel,Individual,Manual,1.0,25.83,1498 ,99,5.0,6
5608,1200000,100000,Diesel,Individual,Manual,1.0,11.5,2982 ,171,7.0,11
5609,300000,45000,Petrol,Individual,Manual,1.0,21.1,814 ,55.2,5.0,6
5610,70000,40000,Petrol,Individual,Manual,2.0,17.3,993 ,60,5.0,23
5611,760000,90000,Diesel,Individual,Manual,2.0,15.96,2523 ,62.1,7.0,4
5612,250000,20000,Petrol,Individual,Manual,1.0,21.1,814 ,55.2,5.0,7
5613,187000,120000,Petrol,Individual,Manual,2.0,17.92,1086 ,62.1,5.0,8
5614,2711000,9000,Diesel,Dealer,Automatic,1.0,13.6,1999 ,177,5.0,4
5615,5150000,20000,Petrol,Dealer,Automatic,1.0,22.37,2487 ,214.56,5.0,2
5616,3200000,45000,Diesel,Dealer,Automatic,1.0,19.33,1999 ,177,5.0,4
5617,503000,110000,Diesel,Individual,Manual,1.0,14.1,2179 ,147.94,7.0,6
5618,3800000,20000,Diesel,Individual,Automatic,1.0,18.0,1969 ,190,5.0,2
5619,2000000,68089,Petrol,Trustmark Dealer,Automatic,1.0,19.16,2494 ,157.7,5.0,5
5620,225000,58343,Petrol,Trustmark Dealer,Manual,1.0,21.79,998 ,67.05,5.0,8
5621,740000,38817,Diesel,Dealer,Manual,1.0,27.39,1248 ,74,5.0,3
5622,550000,56494,Petrol,Trustmark Dealer,Manual,1.0,18.2,1199 ,88.7,5.0,5
5623,750000,79328,Diesel,Trustmark Dealer,Manual,2.0,12.99,2494 ,100.6,7.0,8
5624,650000,5621,Petrol,Trustmark Dealer,Automatic,1.0,22.0,1197 ,81.80,5.0,2
5625,625000,25538,Petrol,Trustmark Dealer,Manual,1.0,16.78,1496 ,88.73,5.0,4
5626,600000,69779,Petrol,Dealer,Automatic,1.0,22.0,1197 ,81.80,5.0,3
5627,450000,56290,Diesel,Dealer,Manual,1.0,24.0,1186 ,73.97,5.0,4
5628,5400000,7500,Diesel,Dealer,Automatic,1.0,16.78,1995 ,190,5.0,2
5629,5500000,8500,Diesel,Dealer,Automatic,1.0,16.78,1995 ,190,5.0,2
5630,779000,7032,Petrol,Trustmark Dealer,Automatic,1.0,19.0,1199 ,88.76,5.0,2
5631,645000,11000,Petrol,Dealer,Automatic,1.0,14.3,1598 ,103.5,5.0,5
5632,2475000,2000,Diesel,Dealer,Automatic,1.0,16.8,1984 ,150,5.0,3
5633,335000,90000,Diesel,Individual,Manual,2.0,22.9,1248 ,74,5.0,8
5634,488000,80000,Petrol,Individual,Manual,2.0,20.85,1197 ,83.14,5.0,5
5635,111000,110000,Petrol,Individual,Manual,3.0,15.6,1586 ,104.68,5.0,13
5636,600000,70000,Diesel,Individual,Manual,1.0,26.21,1248 ,88.5,5.0,6
5637,570000,5000,Petrol,Individual,Manual,1.0,21.21,1197 ,81.80,5.0,1
5638,110000,75000,Petrol,Individual,Manual,2.0,17.8,1086 ,63,5.0,14
5639,434999,50000,Petrol,Individual,Manual,1.0,18.6,1197 ,85.8,5.0,7
5640,229999,70000,Petrol,Individual,Manual,1.0,21.1,814 ,55.2,5.0,7
5641,490000,90000,Diesel,Individual,Manual,2.0,20.45,1461 ,83.8,5.0,7
5642,300000,100000,Petrol,Individual,Manual,2.0,17.5,1298 ,85.8,5.0,10
5643,350000,90000,Petrol,Individual,Manual,1.0,17.8,1199 ,76.8,5.0,4
5644,580000,35000,Petrol,Individual,Manual,1.0,17.5,1199 ,88.7,5.0,2
5645,385000,155000,Diesel,Individual,Manual,1.0,25.0,1396 ,69.01,5.0,4
5646,434999,19500,Petrol,Dealer,Manual,1.0,20.3,1086 ,68.07,5.0,2
5647,3200000,50000,Diesel,Individual,Manual,1.0,14.24,2755 ,174.5,7.0,3
5648,495000,30000,Petrol,Dealer,Manual,1.0,18.6,1197 ,81.83,5.0,6
5649,575000,53000,Diesel,Dealer,Manual,1.0,22.54,1396 ,88.73,5.0,5
5650,200000,120000,Diesel,Individual,Manual,2.0,19.09,1405 ,69.01,5.0,8
5651,140000,120000,Diesel,Individual,Manual,2.0,21.03,1461 ,65,5.0,9
5652,300000,64000,Diesel,Individual,Manual,2.0,17.8,1399 ,67,5.0,9
5653,350000,50000,Petrol,Individual,Manual,1.0,18.2,1199 ,82.4,5.0,6
5654,250000,80000,Diesel,Individual,Manual,2.0,19.09,1405 ,69.01,5.0,6
5655,280000,80000,Diesel,Individual,Manual,1.0,21.02,1248 ,88.76,5.0,8
5656,600000,5000,Petrol,Individual,Manual,1.0,20.14,1197 ,81.86,5.0,4
5657,700000,25000,Petrol,Individual,Manual,1.0,17.01,1591 ,121.4,5.0,6
5658,560000,72000,Diesel,Dealer,Manual,1.0,26.0,1498 ,98.6,5.0,7
5660,880000,65000,Diesel,Individual,Manual,1.0,19.98,1461 ,108.5,8.0,4
5661,250000,80000,Diesel,Individual,Manual,1.0,13.6,2523 ,63,7.0,16
5662,550000,120000,Diesel,Individual,Manual,1.0,15.96,2523 ,62.1,9.0,5
5663,530000,60000,Diesel,Individual,Manual,1.0,25.4,1186 ,73.97,5.0,3
5664,750000,110000,Diesel,Individual,Manual,2.0,15.1,2179 ,140,7.0,8
5665,310000,35000,Petrol,Individual,Manual,1.0,24.7,796 ,47.3,5.0,4
5666,620000,130000,Diesel,Individual,Manual,1.0,20.77,1248 ,88.8,7.0,7
5667,400000,188000,Diesel,Individual,Manual,2.0,22.9,1248 ,74,5.0,8
5668,67000,80000,Diesel,Individual,Manual,2.0,17.2,1396 ,53.5,5.0,13
5669,480000,80000,Diesel,Individual,Manual,1.0,25.83,1498 ,99,5.0,6
5670,110000,48676,Petrol,Individual,Manual,1.0,19.7,796 ,35,8.0,13
5672,475000,40000,Petrol,Individual,Manual,1.0,20.62,1198 ,67,7.0,3
5675,300000,15000,Petrol,Individual,Manual,2.0,24.7,796 ,47.3,5.0,3
5676,100000,70000,Petrol,Individual,Manual,1.0,19.7,796 ,46.3,5.0,14
5677,70000,80000,Diesel,Individual,Manual,2.0,17.0,1405 ,71,5.0,10
5678,900000,60000,Diesel,Individual,Manual,1.0,22.77,1498 ,98.59,5.0,4
5679,650000,120000,Diesel,Individual,Manual,2.0,23.59,1364 ,67.04,5.0,4
5681,50000,180000,Petrol,Individual,Manual,4.0,17.3,993 ,60,5.0,21
5682,550000,70000,Petrol,Individual,Manual,1.0,18.9,1197 ,82,5.0,5
5683,475000,250000,Diesel,Individual,Manual,1.0,20.46,1461 ,83.8,5.0,8
5684,425000,15000,Petrol,Individual,Manual,1.0,20.3,1086 ,68,5.0,2
5685,900000,65000,Diesel,Individual,Manual,1.0,28.09,1248 ,88.5,5.0,4
5686,516000,90000,Petrol,Individual,Manual,1.0,18.6,1197 ,81.83,5.0,6
5687,150000,70000,Petrol,Individual,Manual,2.0,16.5,1172 ,65,5.0,10
5688,400000,30000,Petrol,Individual,Manual,1.0,20.51,998 ,67.04,5.0,5
5689,800000,79500,Diesel,Individual,Manual,1.0,15.4,2179 ,120,7.0,5
5690,165000,90000,Petrol,Individual,Manual,3.0,17.8,1086 ,63,5.0,14
5691,1000000,110000,Diesel,Individual,Manual,1.0,20.45,1461 ,83.8,5.0,6
5692,440000,110000,Diesel,Individual,Manual,1.0,26.59,1248 ,74,5.0,6
5693,390000,153000,Diesel,Individual,Manual,1.0,22.32,1582 ,126.32,5.0,10
5694,136000,200185,Petrol,Individual,Manual,1.0,16.6,1388 ,68,5.0,13
5695,475000,149000,Diesel,Individual,Manual,1.0,23.4,1248 ,74,5.0,8
5696,515000,100000,Diesel,Individual,Manual,1.0,25.83,1498 ,99,5.0,5
5697,175000,90000,Diesel,Individual,Manual,2.0,15.42,1405 ,70,7.0,9
5698,380000,80000,Diesel,Individual,Manual,4.0,21.5,1248 ,88.8,5.0,9
5700,535000,12000,Petrol,Individual,Manual,1.0,20.89,1197 ,81.80,5.0,3
5701,215000,40000,Petrol,Individual,Manual,2.0,20.36,1197 ,78.9,5.0,10
5702,70000,100000,Petrol,Individual,Manual,2.0,17.3,993 ,60,5.0,24
5703,445000,27000,Petrol,Individual,Manual,1.0,18.9,1197 ,81.86,5.0,4
5704,335000,120000,Petrol,Individual,Manual,1.0,20.51,998 ,67.04,5.0,6
5705,600000,80000,Diesel,Individual,Manual,1.0,15.96,2523 ,62.1,7.0,6
5706,300000,49025,Petrol,Individual,Manual,1.0,15.37,1196 ,73,5.0,7
5707,110000,15000,Petrol,Individual,Manual,1.0,25.4,624 ,37.5,4.0,6
5708,240000,90000,Petrol,Individual,Manual,2.0,23.95,998 ,67.05,5.0,7
5709,300000,90000,Petrol,Individual,Manual,1.0,23.84,1199 ,84,5.0,5
5710,2000000,90000,Diesel,Individual,Automatic,2.0,14.49,2993 ,258,5.0,11
5711,50000,80000,Diesel,Individual,Manual,3.0,17.2,1396 ,53.5,5.0,14
5712,295000,195000,Diesel,Individual,Manual,2.0,14.8,2499 ,80,10.0,12
5713,310000,90000,Diesel,Individual,Manual,3.0,10.5,2179 ,120,8.0,15
5714,29999,80000,Petrol,Individual,Manual,3.0,16.1,796 ,37,4.0,24
5715,925000,22000,Petrol,Individual,Manual,1.0,17.8,1497 ,117.3,5.0,5
5716,640000,70000,Diesel,Individual,Manual,1.0,24.3,1248 ,88.5,5.0,5
5717,350000,35000,Petrol,Individual,Manual,1.0,17.5,1197 ,85.8,5.0,9
5718,385000,120000,Petrol,Individual,Manual,1.0,19.1,1197 ,85.8,5.0,8
5719,409999,100000,Diesel,Individual,Manual,2.0,23.4,1248 ,74,5.0,8
5720,1300000,40000,Diesel,Individual,Automatic,1.0,16.0,2179 ,140,7.0,5
5721,210000,60000,Petrol,Individual,Manual,3.0,15.3,1596 ,101,5.0,12
5722,300000,110000,Diesel,Individual,Manual,1.0,10.5,2179 ,120,7.0,14
5723,450000,112000,Diesel,Individual,Manual,1.0,10.5,2609 ,120,9.0,13
5724,170000,70000,Diesel,Individual,Manual,2.0,20.0,1399 ,68,5.0,10
5725,650000,140000,Diesel,Individual,Manual,1.0,25.1,1498 ,98.6,5.0,7
5726,125000,94000,Petrol,Individual,Automatic,4.0,15.9,1298 ,85,5.0,24
5727,145000,70000,Petrol,Individual,Manual,1.0,19.7,796 ,46.3,5.0,9
5728,681000,27000,Diesel,Individual,Manual,1.0,20.14,1498 ,88,5.0,3
5729,635000,173000,Diesel,Individual,Manual,1.0,25.1,1498 ,98.6,5.0,6
5730,140000,80000,Petrol,Individual,Manual,2.0,19.7,796 ,46.3,5.0,11
5731,750000,86000,Diesel,Individual,Manual,3.0,26.0,1498 ,98.6,5.0,5
5732,611000,80000,Diesel,Individual,Manual,2.0,26.0,1498 ,98.6,5.0,6
5733,110000,120000,Petrol,Individual,Manual,3.0,19.7,796 ,46.3,5.0,14
5734,100000,100000,Petrol,Individual,Automatic,2.0,16.0,1061 ,64,5.0,15
5735,225000,120000,Diesel,Individual,Manual,1.0,22.3,1248 ,74,5.0,7
5736,250000,190000,Diesel,Individual,Manual,3.0,16.2,1493 ,110,5.0,11
5737,385000,120000,Diesel,Individual,Manual,2.0,14.0,2523 ,75,8.0,10
5738,135000,70000,Petrol,Individual,Manual,1.0,19.7,796 ,46.3,5.0,9
5739,65000,100000,Petrol,Individual,Manual,2.0,19.7,796 ,46.3,5.0,15
5740,260000,120000,Petrol,Individual,Manual,1.0,23.95,998 ,67.05,5.0,5
5741,465000,120000,Diesel,Individual,Manual,2.0,23.4,1248 ,74,5.0,7
5743,430000,20000,Petrol,Individual,Manual,2.0,18.15,1198 ,82,6.0,4
5744,200000,81000,Petrol,Individual,Manual,4.0,17.0,1197 ,80,5.0,12
5745,125000,90000,Petrol,Individual,Manual,2.0,18.6,1199 ,79.4,5.0,10
5746,45000,60000,Petrol,Individual,Manual,2.0,16.1,796 ,37,4.0,20
5747,124000,40000,Petrol,Individual,Manual,2.0,18.6,1199 ,79.4,5.0,9
5748,80000,80000,Petrol,Individual,Manual,3.0,15.3,1193 ,65.3,5.0,14
5749,545000,35000,CNG,Individual,Manual,1.0,22.8,1373 ,80.9,7.0,7
5750,1050000,20000,Diesel,Individual,Manual,1.0,25.47,1248 ,88.50,7.0,2
5751,200000,50000,Petrol,Individual,Manual,1.0,18.2,1199 ,82.4,5.0,6
5752,1100000,77000,Diesel,Individual,Automatic,2.0,16.0,2179 ,140,7.0,6
5753,750000,50000,Diesel,Individual,Manual,1.0,15.1,2179 ,140,7.0,7
5754,425000,13500,Petrol,Individual,Manual,1.0,23.84,1199 ,84,5.0,5
5755,300000,38000,Petrol,Individual,Manual,1.0,24.7,796 ,47.3,5.0,5
5756,1200000,14000,Diesel,Individual,Manual,1.0,25.47,1248 ,88.50,7.0,2
5757,240000,70000,Petrol,Individual,Manual,1.0,13.5,1799 ,130,5.0,12
5758,450000,55000,Diesel,Individual,Manual,2.0,25.32,1198 ,77,6.0,5
5759,80000,150000,Petrol,Individual,Manual,4.0,18.9,998 ,67.1,5.0,15
5760,500000,160000,Diesel,Individual,Manual,1.0,15.96,2523 ,62.1,7.0,8
5761,295000,50000,Diesel,Individual,Manual,1.0,22.1,1248 ,76.9,5.0,8
5762,100000,120000,Diesel,Individual,Manual,3.0,19.09,1396 ,69,5.0,13
5763,700000,76460,Diesel,Individual,Manual,1.0,22.32,1582 ,126.32,5.0,8
5764,180000,125000,Diesel,Individual,Manual,2.0,20.0,1399 ,68,5.0,10
5765,225000,110000,Diesel,Individual,Manual,2.0,20.8,1461 ,65,5.0,9
5766,310000,25000,Petrol,Individual,Manual,1.0,21.1,814 ,55.2,5.0,4
5767,625000,30000,Diesel,Individual,Manual,1.0,26.0,1498 ,98.6,5.0,6
5768,275000,70000,LPG,Individual,Manual,2.0,19.2,1086 ,68.05,5.0,8
5769,245000,110000,Petrol,Individual,Manual,2.0,19.81,1086 ,68.05,5.0,8
5770,160000,200000,Petrol,Individual,Manual,1.0,19.0,998 ,67.1,5.0,11
5771,250000,80000,Petrol,Individual,Manual,1.0,21.1,814 ,55.2,5.0,7
5772,450000,76000,Diesel,Individual,Manual,1.0,25.8,1498 ,98.6,5.0,7
5773,85000,150000,Diesel,Individual,Manual,2.0,17.2,1396 ,53.5,5.0,14
5774,1938000,35000,Diesel,Individual,Manual,1.0,13.68,2393 ,147.8,7.0,3
5775,550000,40000,Petrol,Individual,Manual,1.0,18.6,1197 ,81.83,5.0,5
5776,551000,110000,Diesel,Individual,Manual,1.0,22.77,1498 ,98.59,5.0,6
5777,500000,60000,Petrol,Individual,Manual,1.0,20.14,1197 ,81.86,5.0,2
5778,585000,15000,Petrol,Individual,Manual,1.0,17.8,1198 ,86.7,5.0,3
5779,172000,120000,Petrol,Individual,Manual,1.0,16.36,1495 ,93.7,5.0,8
5780,360000,100000,Diesel,Individual,Manual,2.0,22.32,1582 ,126.32,5.0,9
5781,350000,24000,Diesel,Individual,Manual,2.0,27.28,1047 ,69,5.0,4
5782,700000,53000,Diesel,Individual,Manual,1.0,23.0,1498 ,98.96,5.0,3
5783,148000,40000,Petrol,Individual,Manual,3.0,19.7,796 ,46.3,5.0,10
5784,330000,47370,CNG,Individual,Manual,1.0,21.94,1196 ,63,5.0,5
5785,110000,120000,Diesel,Individual,Manual,2.0,18.7,1896 ,66,5.0,14
5786,450000,100000,Diesel,Individual,Manual,1.0,25.2,1248 ,73.94,5.0,6
5787,260000,80000,Diesel,Individual,Manual,2.0,11.5,1991 ,147.9,7.0,12
5788,200000,91000,Petrol,Individual,Manual,2.0,20.36,1197 ,78.9,5.0,10
5789,430000,20000,CNG,Individual,Manual,1.0,32.26,998 ,58.3,4.0,2
5790,550000,80000,Diesel,Individual,Manual,2.0,12.05,2179 ,120,8.0,8
5791,245000,80000,Diesel,Individual,Manual,1.0,23.2,1248 ,73.94,5.0,8
5792,320000,80000,CNG,Individual,Manual,1.0,21.94,1196 ,61.7,5.0,5
5793,120000,110000,CNG,Individual,Manual,3.0,13.2,1495 ,94,5.0,13
5794,615000,120000,Diesel,Individual,Manual,1.0,22.7,1582 ,126.24,5.0,8
5795,600000,90000,Diesel,Individual,Automatic,1.0,17.2,1968 ,138.1,5.0,8
5796,300000,120000,Petrol,Individual,Manual,2.0,14.3,1798 ,160,5.0,11
5797,400000,45217,Diesel,Dealer,Manual,1.0,25.83,1498 ,99,5.0,5
5798,1000000,60000,Diesel,Individual,Automatic,2.0,17.01,1582 ,126.2,5.0,4
5799,525000,70000,Petrol,Individual,Manual,2.0,13.44,2359 ,198.25,5.0,9
5800,300000,133000,Diesel,Individual,Manual,1.0,20.3,1248 ,75,5.0,8
5801,220000,117000,Diesel,Individual,Manual,2.0,20.3,1248 ,75,5.0,10
5802,850000,173000,Diesel,Individual,Manual,1.0,16.0,2179 ,140,7.0,6
5803,500000,35000,Petrol,Individual,Manual,1.0,17.0,1497 ,118,5.0,10
5804,59000,70000,Petrol,Individual,Manual,2.0,13.2,1495 ,94,5.0,18
5805,130000,60000,Petrol,Individual,Manual,3.0,19.7,796 ,46.3,5.0,10
5806,375000,120000,Petrol,Individual,Manual,2.0,16.2,1199 ,74,5.0,5
5808,220000,222300,Diesel,Individual,Manual,1.0,22.07,1199 ,73.9,5.0,10
5809,625000,100000,Diesel,Individual,Manual,2.0,12.99,2494 ,100.57,7.0,8
5810,295000,120000,Diesel,Individual,Manual,1.0,23.2,1248 ,73.94,5.0,8
5812,235000,90000,Diesel,Individual,Manual,1.0,14.0,1948 ,90,9.0,11
5813,500000,330000,Petrol,Individual,Manual,2.0,13.44,2359 ,198.25,5.0,9
5814,509999,20000,Petrol,Individual,Manual,1.0,22.0,1197 ,81.80,5.0,4
5815,370000,16000,CNG,Individual,Manual,1.0,33.0,796 ,47.3,5.0,1
5816,370000,30000,Petrol,Individual,Manual,2.0,18.9,1197 ,82,5.0,5
5818,300000,210000,Diesel,Individual,Manual,1.0,17.21,1493 ,100,7.0,9
5819,350000,20000,Petrol,Individual,Manual,1.0,19.81,1086 ,68.05,5.0,6
5820,395000,20000,Petrol,Individual,Manual,1.0,23.01,999 ,67,5.0,3
5821,850000,100000,Diesel,Individual,Manual,1.0,12.99,2494 ,100.6,8.0,6
5822,1150000,40000,Diesel,Individual,Manual,1.0,12.99,2494 ,100.6,7.0,6
5823,3500000,35000,Diesel,Individual,Automatic,1.0,14.74,2993 ,270.9,5.0,5
5824,280000,120000,Diesel,Individual,Manual,2.0,20.54,1598 ,103.6,5.0,9
5825,775000,50000,Diesel,Individual,Manual,2.0,18.49,1493 ,100,7.0,3
5826,420000,100000,Diesel,Individual,Manual,2.0,22.32,1582 ,126.32,5.0,9
5827,310000,91000,Petrol,Individual,Manual,2.0,17.0,1497 ,118,5.0,11
5828,1550000,50000,Diesel,Individual,Manual,1.0,17.1,1956 ,170,5.0,4
5829,375000,67000,Diesel,Individual,Manual,1.0,20.4,1248 ,91.7,5.0,6
5830,500000,40000,Petrol,Individual,Manual,1.0,18.9,1197 ,82,5.0,6
5831,300000,100000,Diesel,Individual,Manual,2.0,23.2,1248 ,73.94,5.0,8
5832,155000,120000,Petrol,Individual,Manual,2.0,17.7,1497 ,78,5.0,13
5833,350000,185000,Diesel,Individual,Manual,1.0,23.4,1248 ,74,5.0,8
5834,950000,75000,Diesel,Individual,Automatic,3.0,16.0,2179 ,140,7.0,5
5835,350000,80000,Diesel,Individual,Manual,3.0,24.0,1120 ,70,5.0,6
5836,1900000,30000,Diesel,Individual,Automatic,1.0,12.4,1999 ,147.9,5.0,2
5837,537000,5000,Petrol,Individual,Manual,1.0,17.0,1198 ,108.5,5.0,1
5838,585000,10000,Petrol,Individual,Manual,1.0,18.78,999 ,75,5.0,2
5840,350000,140000,Diesel,Individual,Manual,1.0,20.77,1248 ,88.76,7.0,9
5841,700000,19000,Petrol,Individual,Manual,1.0,18.6,1197 ,81.86,5.0,2
5842,849000,44600,Diesel,Dealer,Manual,1.0,24.52,1248 ,88.5,7.0,4
5843,574000,28080,Petrol,Dealer,Automatic,1.0,0.0,1197 ,103.25,5.0,7
5844,484999,28800,Petrol,Dealer,Manual,1.0,18.6,1197 ,81.83,5.0,7
5845,360000,21900,Petrol,Dealer,Manual,1.0,20.71,799 ,53.26,5.0,3
5846,575000,28100,Petrol,Dealer,Automatic,1.0,0.0,1197 ,103.25,5.0,7
5847,550000,110000,Diesel,Individual,Manual,2.0,26.0,1498 ,98.6,5.0,7
5848,700000,100000,Diesel,Individual,Manual,1.0,22.54,1396 ,88.73,5.0,5
5849,825000,7673,Diesel,Individual,Automatic,1.0,28.4,1248 ,74.02,5.0,2
5850,114999,100000,Petrol,Individual,Manual,2.0,18.9,1061 ,67,5.0,13
5851,150000,75000,Petrol,Individual,Manual,2.0,15.0,1368 ,90,5.0,12
5852,851000,50000,Diesel,Individual,Automatic,1.0,28.4,1248 ,74.02,5.0,3
5853,550000,40000,Petrol,Individual,Manual,1.0,17.43,1396 ,105.5,5.0,7
5854,890000,40000,Diesel,Individual,Manual,1.0,24.52,1248 ,88.5,7.0,5
5855,265000,100000,Petrol,Individual,Manual,2.0,18.5,1197 ,80,5.0,9
5856,900000,110000,Diesel,Individual,Manual,1.0,15.4,1997 ,120,7.0,7
5857,210000,96272,Diesel,Individual,Manual,1.0,25.44,936 ,57.6,5.0,8
5858,1650000,74000,Diesel,Individual,Automatic,1.0,18.88,1995 ,184,5.0,6
5859,750000,168000,Diesel,Individual,Manual,2.0,12.8,2494 ,102,7.0,10
5860,675000,7000,Petrol,Individual,Manual,1.0,19.4,1194 ,94.93,5.0,2
5861,715000,60000,Diesel,Individual,Manual,1.0,21.19,1396 ,88.73,5.0,4
5862,227999,60000,Diesel,Individual,Manual,2.0,25.0,1396 ,69.01,5.0,8
5863,400000,22500,Petrol,Individual,Manual,1.0,20.51,998 ,67.04,5.0,6
5864,925000,7400,Diesel,Individual,Automatic,1.0,24.3,1248 ,88.5,5.0,1
5865,275000,70000,Petrol,Individual,Manual,3.0,17.5,1298 ,85.8,5.0,10
5866,175000,67000,Petrol,Individual,Manual,1.0,18.9,1061 ,67,5.0,12
5867,155000,110000,Diesel,Individual,Manual,3.0,17.7,1399 ,68,5.0,12
5868,325000,175000,Diesel,Individual,Manual,2.0,21.5,1248 ,88.8,5.0,9
5869,700000,120000,Diesel,Individual,Manual,1.0,12.05,2179 ,120,9.0,7
5870,50000,120000,Diesel,Individual,Manual,3.0,17.5,1396 ,70,5.0,13
5871,450000,370000,Diesel,Individual,Manual,1.0,12.05,2179 ,120,9.0,9
5872,645000,150360,Diesel,Individual,Manual,1.0,22.32,1582 ,126.32,5.0,7
5873,597000,15000,Diesel,Individual,Manual,1.0,24.7,1047 ,69,5.0,4
5874,400000,30000,Petrol,Individual,Automatic,2.0,24.04,999 ,67,5.0,3
5875,300000,150000,Diesel,Individual,Manual,1.0,17.8,1248 ,75,5.0,12
5876,573000,100000,Diesel,Individual,Manual,2.0,25.2,1248 ,74,5.0,6
5877,180000,70000,Petrol,Individual,Manual,1.0,20.92,998 ,67.1,5.0,10
5878,70000,40000,Petrol,Individual,Manual,1.0,26.0,624 ,35,4.0,10
5879,500000,154000,Diesel,Individual,Manual,3.0,12.8,2494 ,102,8.0,13
5880,110000,110000,Petrol,Individual,Manual,2.0,14.4,1599 ,94,5.0,17
5881,450000,120000,Diesel,Individual,Manual,2.0,20.77,1248 ,88.76,7.0,8
5882,310000,145000,Diesel,Individual,Manual,1.0,15.3,2956 ,83.83,7.0,8
5883,400000,30000,Diesel,Individual,Manual,1.0,25.32,1198 ,77,6.0,4
5884,390000,90000,Diesel,Individual,Manual,2.0,22.9,1248 ,74,5.0,7
5885,122000,110000,Petrol,Individual,Manual,4.0,19.7,796 ,46.3,5.0,10
5886,741000,70000,Diesel,Individual,Manual,1.0,15.4,1997 ,120,7.0,5
5887,330000,40000,Diesel,Individual,Manual,2.0,23.0,1396 ,90,5.0,9
5888,300000,166000,Diesel,Individual,Manual,3.0,12.05,2179 ,120,8.0,11
5889,215000,100000,Petrol,Individual,Manual,3.0,20.36,1197 ,78.9,5.0,10
5890,150000,75000,Petrol,Individual,Manual,3.0,18.9,1061 ,67,5.0,12
5891,250000,42130,Petrol,Individual,Manual,1.0,21.1,814 ,55.2,5.0,8
5892,180000,53000,Petrol,Individual,Manual,2.0,21.1,1197 ,85.80,5.0,11
5893,150000,106000,Petrol,Individual,Manual,2.0,17.3,993 ,60,5.0,15
5894,275000,96000,Petrol,Individual,Manual,2.0,13.4,1794 ,125,5.0,16
5895,556000,10000,Petrol,Individual,Manual,1.0,21.01,1197 ,81.80,5.0,2
5896,550000,37000,Petrol,Individual,Manual,1.0,20.85,1197 ,83.14,5.0,5
5897,1500000,20000,Diesel,Individual,Automatic,1.0,16.0,2179 ,138,7.0,3
5898,549000,35000,Petrol,Individual,Manual,1.0,17.71,1197 ,78.9,5.0,4
5899,630000,50000,Petrol,Individual,Manual,1.0,18.6,1197 ,81.83,5.0,5
5900,679000,5000,Diesel,Individual,Manual,1.0,0.0,2523 ,70,2.0,1
5902,1125000,47000,Diesel,Individual,Manual,2.0,19.67,1582 ,126.2,5.0,4
5903,680000,71000,Diesel,Individual,Manual,1.0,27.39,1248 ,74,5.0,4
5904,1050000,50000,Diesel,Individual,Manual,1.0,25.6,1498 ,97.9,5.0,4
5905,450000,57000,Diesel,Individual,Manual,1.0,23.0,1248 ,88.7,5.0,6
5906,210000,43000,Petrol,Individual,Manual,1.0,18.9,998 ,67.1,5.0,11
5907,470000,60000,Diesel,Individual,Manual,1.0,23.4,1248 ,74,5.0,7
5908,470000,60000,Petrol,Individual,Manual,1.0,19.1,1197 ,85.8,5.0,7
5909,550000,40000,Diesel,Individual,Manual,1.0,22.54,1396 ,88.73,5.0,6
5910,204999,60000,Petrol,Individual,Manual,1.0,19.0,998 ,66.1,5.0,10
5911,950000,30000,Petrol,Individual,Automatic,1.0,18.0,1497 ,117.3,5.0,6
5912,550000,160000,Diesel,Individual,Manual,2.0,22.54,1396 ,88.73,5.0,6
5913,270000,147500,Diesel,Individual,Manual,2.0,12.8,2494 ,102,7.0,14
5914,280000,90000,Diesel,Individual,Manual,3.0,22.07,1199 ,73.9,5.0,8
5915,630000,70000,Diesel,Individual,Manual,2.0,28.09,1248 ,88.5,5.0,6
5916,220000,70000,Petrol,Individual,Manual,1.0,17.7,1497 ,78,5.0,14
5917,320000,120000,Diesel,Individual,Manual,1.0,14.95,2489 ,93.7,7.0,7
5918,225000,75000,Petrol,Individual,Manual,2.0,21.1,814 ,55.2,5.0,8
5919,380000,85000,Petrol,Individual,Manual,2.0,17.0,1497 ,118,5.0,11
5920,380000,70000,Diesel,Individual,Manual,3.0,19.3,1248 ,73.9,5.0,9
5921,600000,29000,Diesel,Individual,Manual,1.0,22.0,1498 ,108.495,5.0,4
5922,620000,40000,Diesel,Individual,Manual,2.0,13.1,2499 ,141,7.0,7
5923,500000,90000,Diesel,Individual,Automatic,1.0,19.08,1582 ,126.32,5.0,9
5924,700000,40000,Diesel,Individual,Automatic,1.0,18.49,1493 ,100,7.0,6
5925,550000,138000,Diesel,Individual,Manual,1.0,22.77,1498 ,98.59,5.0,6
5926,600000,70000,Diesel,Individual,Manual,1.0,25.2,1248 ,74,5.0,5
5927,550000,30000,Petrol,Individual,Manual,2.0,19.44,999 ,75,5.0,2
5928,475000,125000,Diesel,Individual,Manual,3.0,22.32,1582 ,126.3,5.0,8
5929,615000,120000,Diesel,Individual,Manual,2.0,26.0,1498 ,98.6,5.0,6
5930,385000,180000,Diesel,Individual,Manual,2.0,23.4,1248 ,74,5.0,8
5931,500000,20000,Petrol,Individual,Manual,1.0,17.57,1193 ,88.7,5.0,6
5932,450000,80000,Diesel,Individual,Manual,1.0,19.87,1461 ,83.8,5.0,9
5933,969999,110000,Diesel,Individual,Manual,2.0,12.99,2494 ,100.6,7.0,7
5934,580000,80000,Diesel,Individual,Manual,2.0,22.32,1582 ,126.32,5.0,8
5935,550000,40000,Diesel,Individual,Manual,1.0,23.59,1364 ,67.05,5.0,4
5936,780000,30000,Petrol,Individual,Manual,1.0,17.5,1199 ,88.7,5.0,3
5937,500000,80000,Diesel,Individual,Manual,1.0,25.01,1498 ,89.75,5.0,7
5938,270000,140000,Diesel,Individual,Manual,2.0,20.0,1968 ,108.5,5.0,10
5939,335000,25000,Petrol,Individual,Manual,1.0,23.95,998 ,67.05,5.0,4
5940,755000,20000,Diesel,Individual,Manual,1.0,28.4,1248 ,74.02,5.0,4
5941,651000,42323,Diesel,Dealer,Manual,1.0,21.19,1396 ,88.76,5.0,5
5942,1075000,42545,Diesel,Dealer,Automatic,1.0,19.62,1998 ,190,5.0,10
5943,690000,32000,Diesel,Dealer,Manual,1.0,25.1,1248 ,88.5,5.0,5
5944,589000,41232,Diesel,Dealer,Manual,1.0,26.59,1248 ,74,5.0,4
5945,445000,40200,Diesel,Dealer,Manual,1.0,21.0,1498 ,74.96,7.0,6
5946,475000,48000,Diesel,Dealer,Manual,2.0,21.7,1498 ,98.96,5.0,8
5947,465000,27233,Diesel,Dealer,Manual,1.0,27.4,1498 ,98.63,5.0,7
5948,225000,35000,Petrol,Individual,Manual,1.0,15.0,1368 ,90,5.0,10
5949,310000,200000,Diesel,Individual,Manual,2.0,12.8,2494 ,102,8.0,16
5950,445000,63000,Diesel,Dealer,Manual,1.0,15.3,2956 ,83.8,9.0,5
5951,445000,62000,Diesel,Dealer,Manual,1.0,21.0,1498 ,74.96,7.0,6
5952,450000,68240,Diesel,Dealer,Manual,1.0,13.93,2956 ,138.1,7.0,9
5953,450000,78000,Diesel,Dealer,Manual,1.0,15.4,1997 ,120,7.0,13
5955,200000,35000,Petrol,Dealer,Manual,1.0,18.9,998 ,67.1,5.0,11
5956,611000,9000,Petrol,Dealer,Manual,1.0,19.1,1197 ,85.8,5.0,3
5957,819999,39000,Diesel,Dealer,Manual,1.0,19.67,1582 ,126.2,5.0,5
5958,825000,39000,Diesel,Dealer,Manual,1.0,21.38,1396 ,88.7,5.0,5
5959,599000,92651,Diesel,Dealer,Manual,1.0,21.7,1498 ,98.96,5.0,6
5960,490000,28000,Petrol,Dealer,Manual,1.0,16.1,1197 ,85,5.0,3
5961,340000,30000,Petrol,Individual,Manual,1.0,21.1,814 ,55.2,5.0,4
5962,1000000,80000,Petrol,Individual,Automatic,3.0,10.93,3498 ,272,5.0,12
5963,1237000,46000,Diesel,Individual,Manual,1.0,19.67,1582 ,126.2,5.0,3
5964,350000,70000,Diesel,Individual,Manual,2.0,22.07,1199 ,73.9,5.0,8
5965,31000,56194,Petrol,Individual,Manual,4.0,16.1,796 ,37,4.0,21
5966,695000,40000,Petrol,Individual,Manual,1.0,22.0,1197 ,81.80,5.0,3
5967,270000,40000,Petrol,Individual,Manual,1.0,22.74,796 ,47.3,5.0,6
5968,790000,120000,Diesel,Individual,Manual,1.0,24.52,1248 ,88.5,7.0,5
5969,590000,120000,Diesel,Individual,Manual,1.0,25.2,1248 ,74,5.0,5
5970,635000,120000,Petrol,Individual,Automatic,1.0,21.21,1197 ,81.80,5.0,4
5971,540000,110000,Diesel,Individual,Manual,2.0,15.96,2523 ,62.1,7.0,6
5972,265000,67000,Diesel,Individual,Manual,2.0,23.08,1461 ,63.12,5.0,9
5973,600000,50000,Diesel,Individual,Manual,1.0,23.4,1248 ,74,5.0,7
5974,409999,100000,Diesel,Individual,Manual,2.0,22.32,1582 ,126.3,5.0,9
5975,525000,80000,Diesel,Individual,Manual,2.0,23.59,1364 ,67.05,5.0,6
5976,150000,50000,Diesel,Individual,Manual,1.0,18.5,1399 ,68,5.0,10
5977,55000,70000,Petrol,Individual,Manual,3.0,15.9,1298 ,85,5.0,14
5978,130000,70000,Petrol,Individual,Manual,2.0,14.0,796 ,35,5.0,10
5979,925000,50000,Diesel,Individual,Manual,1.0,24.3,1248 ,88.5,5.0,4
5980,690000,65000,Diesel,Individual,Manual,2.0,21.04,1461 ,83.8,7.0,4
5981,560000,200000,Diesel,Individual,Manual,2.0,20.77,1248 ,88.76,7.0,9
5982,950000,7500,Diesel,Individual,Manual,1.0,28.09,1248 ,88.50,5.0,3
5983,695000,65000,Diesel,Individual,Manual,2.0,21.04,1461 ,83.8,7.0,4
5984,450000,35000,Petrol,Individual,Manual,2.0,18.6,1197 ,85.8,5.0,8
5985,2000000,60000,Diesel,Individual,Automatic,1.0,16.2,2993 ,235,5.0,8
5986,229999,71000,Petrol,Individual,Manual,1.0,16.1,1197 ,85,5.0,12
5987,300000,30000,Petrol,Individual,Manual,1.0,23.95,998 ,67.05,5.0,4
5988,200000,50000,Petrol,Individual,Manual,2.0,19.7,796 ,46.3,5.0,9
5989,725000,80000,Diesel,Individual,Automatic,2.0,14.84,2143 ,170,5.0,13
5990,235000,90000,Petrol,Individual,Manual,2.0,18.06,1198 ,75,5.0,10
5991,666000,13000,Petrol,Individual,Manual,1.0,18.6,1197 ,81.83,5.0,4
5992,65000,100000,Petrol,Individual,Manual,3.0,16.1,796 ,37,4.0,21
5994,834000,30000,Diesel,Individual,Manual,1.0,25.5,1498 ,98.6,5.0,3
5995,430000,120000,Diesel,Individual,Manual,1.0,15.96,2523 ,62.1,7.0,9
5996,360000,120000,Diesel,Individual,Manual,2.0,17.8,1248 ,75,5.0,11
5997,240000,70000,Petrol,Individual,Manual,1.0,21.1,814 ,55.2,5.0,7
5998,210000,210000,Diesel,Individual,Manual,1.0,25.2,1248 ,74,5.0,5
5999,135000,148000,Diesel,Individual,Manual,2.0,19.09,1396 ,69,5.0,11
6000,700000,54188,Diesel,Individual,Manual,1.0,18.49,1493 ,100,7.0,4
6001,750000,60000,Diesel,Individual,Manual,1.0,18.49,1493 ,100,7.0,4
6002,425000,90000,Diesel,Individual,Manual,1.0,20.5,1598 ,103.5,5.0,9
6003,150000,100000,Petrol,Individual,Manual,3.0,18.6,1199 ,79.4,5.0,10
6004,215000,40000,Petrol,Individual,Manual,1.0,21.1,814 ,55.2,5.0,7
6005,225000,35000,Petrol,Individual,Manual,1.0,20.63,1198 ,67,5.0,7
6006,330000,20000,Petrol,Individual,Manual,1.0,23.01,999 ,67,5.0,4
6007,54000,144000,LPG,Individual,Manual,2.0,10.9,796 ,32.8,5.0,14
6008,374000,54043,Petrol,Dealer,Automatic,1.0,18.9,1197 ,81.86,5.0,7
6009,549000,66657,Diesel,Dealer,Automatic,1.0,22.32,1582 ,126.32,5.0,9
6010,390000,42000,Diesel,Individual,Manual,2.0,19.09,1405 ,69.01,5.0,5
6011,455999,35582,Petrol,Dealer,Manual,1.0,18.5,1197 ,82.85,5.0,8
6012,453000,54327,Petrol,Dealer,Automatic,2.0,17.2,1197 ,103.6,5.0,8
6013,579000,7949,Petrol,Dealer,Manual,1.0,17.0,1198 ,73.75,5.0,5
6014,258000,59734,Petrol,Dealer,Automatic,1.0,16.95,1197 ,78.9,5.0,11
6015,428000,49185,Petrol,Dealer,Manual,1.0,16.8,1497 ,116.4,5.0,9
6016,262000,56389,Petrol,Dealer,Manual,1.0,20.36,1197 ,78.9,5.0,10
6017,389000,58245,Petrol,Dealer,Manual,1.0,16.47,1198 ,73.9,5.0,8
6018,346000,36422,Petrol,Dealer,Manual,1.0,18.44,1198 ,75,5.0,6
6019,339000,42535,Petrol,Dealer,Manual,1.0,16.7,1198 ,88.8,5.0,10
6020,272000,40736,Petrol,Dealer,Automatic,1.0,16.95,1197 ,78.9,5.0,10
6021,369000,56246,Petrol,Dealer,Manual,1.0,18.6,1197 ,85.8,5.0,9
6022,277000,55403,Petrol,Dealer,Manual,1.0,18.6,1197 ,85.8,5.0,10
6023,535000,30000,Petrol,Individual,Manual,1.0,20.3,1199 ,84,5.0,3
6024,265000,67000,Petrol,Individual,Manual,1.0,23.95,998 ,67.05,5.0,6
6025,400000,70000,Petrol,Individual,Manual,1.0,17.01,1591 ,121.3,5.0,8
6026,459999,90000,Diesel,Individual,Manual,2.0,24.0,1120 ,70,5.0,7
6027,667000,7500,Petrol,Individual,Manual,1.0,18.6,1197 ,81.86,5.0,2
6028,300000,80000,Diesel,Individual,Manual,2.0,11.57,2179 ,138.1,7.0,10
6029,229999,186000,Diesel,Individual,Manual,1.0,23.57,1396 ,70,5.0,9
6030,200000,110000,Diesel,Individual,Manual,2.0,25.0,1396 ,69,5.0,5
6031,150000,120000,Diesel,Individual,Manual,3.0,17.8,1399 ,68,5.0,16
6032,280000,105358,Diesel,Individual,Manual,3.0,17.8,1399 ,67,5.0,9
6033,590000,70000,Petrol,Individual,Manual,2.0,18.6,1197 ,81.83,5.0,7
6034,142000,49200,Petrol,Individual,Manual,2.0,19.81,1086 ,68.05,5.0,11
6035,850000,40000,Petrol,Individual,Manual,1.0,17.4,1497 ,117.6,5.0,4
6036,600000,40000,Diesel,Individual,Manual,2.0,24.2,1498 ,98.6,7.0,7
6037,700000,40000,Diesel,Individual,Manual,1.0,18.49,1493 ,100,7.0,4
6038,200000,70000,Petrol,Individual,Manual,1.0,18.6,1199 ,79.4,5.0,8
6039,900000,110000,Diesel,Individual,Manual,1.0,19.67,1582 ,126.2,5.0,5
6040,220000,100000,Petrol,Individual,Manual,1.0,23.95,998 ,67.05,5.0,7
6041,650000,10000,Petrol,Individual,Automatic,2.0,18.9,1197 ,81.86,5.0,3
6042,3100000,70000,Diesel,Individual,Automatic,1.0,15.04,2755 ,174.5,7.0,4
6043,1500000,100600,Diesel,Individual,Manual,2.0,13.68,2393 ,147.8,8.0,5
6044,1800000,50000,Diesel,Individual,Automatic,1.0,16.09,1995 ,184,5.0,9
6045,800000,136000,Diesel,Individual,Manual,1.0,15.1,2179 ,140,7.0,7
6046,2100000,48000,Diesel,Individual,Automatic,2.0,17.9,2143 ,136,5.0,4
6047,250000,110000,Diesel,Individual,Manual,3.0,17.8,1399 ,68,5.0,11
6048,550000,86000,Diesel,Individual,Manual,1.0,19.01,1461 ,108.45,5.0,9
6049,125000,141000,Petrol,Individual,Manual,2.0,19.7,796 ,46.3,5.0,12
6050,450000,80000,Petrol,Individual,Manual,3.0,17.0,1497 ,118,5.0,10
6051,850000,140000,Diesel,Individual,Manual,1.0,16.0,2179 ,140,7.0,6
6052,459999,65000,Diesel,Individual,Manual,2.0,23.4,1248 ,74,5.0,7
6053,434999,110000,Diesel,Individual,Manual,2.0,23.4,1248 ,74,5.0,7
6054,120000,100000,Diesel,Individual,Manual,2.0,17.0,1405 ,70,5.0,13
6055,600000,80000,Diesel,Individual,Manual,1.0,25.2,1248 ,74,5.0,6
6056,135000,90000,Petrol,Individual,Manual,2.0,18.9,998 ,67.1,5.0,13
6057,550000,44000,Petrol,Individual,Manual,1.0,18.16,1196 ,86.8,5.0,5
6058,385000,25000,Petrol,Individual,Manual,1.0,23.1,998 ,67.04,5.0,7
6059,800000,25000,Petrol,Individual,Manual,1.0,15.29,1591 ,121.3,5.0,5
6060,780000,35000,Diesel,Individual,Manual,1.0,22.54,1396 ,88.73,5.0,5
6061,100000,195000,Petrol,Individual,Manual,2.0,19.7,796 ,46.3,5.0,13
6062,650000,60000,Diesel,Individual,Manual,1.0,22.54,1396 ,88.73,5.0,4
6063,50000,50000,Petrol,Individual,Manual,1.0,16.1,796 ,37,4.0,17
6064,425000,100000,Diesel,Individual,Manual,2.0,22.32,1582 ,126.32,5.0,9
6065,500000,70000,Diesel,Individual,Manual,1.0,20.4,1248 ,91.7,5.0,6
6066,590000,30000,Diesel,Individual,Manual,1.0,25.2,1248 ,74,5.0,4
6067,459999,27000,Petrol,Individual,Manual,1.0,23.1,998 ,67.04,5.0,5
6068,578000,5000,Petrol,Individual,Manual,1.0,21.21,1197 ,81.80,5.0,1
6069,550000,110000,Diesel,Individual,Manual,2.0,20.77,1248 ,88.76,7.0,9
6070,465000,80000,Petrol,Individual,Manual,2.0,16.8,1497 ,116.3,5.0,8
6071,890000,80000,Diesel,Individual,Manual,1.0,16.5,1493 ,70,7.0,3
6072,250000,110000,Diesel,Individual,Manual,1.0,20.8,1461 ,65,5.0,7
6073,420000,35000,Petrol,Individual,Automatic,1.0,20.51,998 ,67,5.0,3
6074,550000,20000,Petrol,Individual,Manual,1.0,21.21,1197 ,81.80,5.0,4
6075,270000,20000,Petrol,Individual,Manual,1.0,24.7,796 ,47.3,5.0,3
6076,700000,7800,Petrol,Individual,Automatic,1.0,22.0,1197 ,81.80,5.0,3
6077,500000,20000,Petrol,Individual,Manual,1.0,20.4,1197 ,81.80,5.0,4
6078,1250000,15000,Diesel,Individual,Manual,1.0,17.6,2179 ,147.94,7.0,2
6079,320000,31377,Petrol,Individual,Manual,2.0,18.5,1197 ,82.85,5.0,8
6080,700000,50000,Diesel,Individual,Manual,1.0,28.4,1248 ,74.02,5.0,3
6081,290000,60000,Petrol,Individual,Manual,1.0,20.51,998 ,67.04,5.0,6
6082,550000,100000,Petrol,Individual,Automatic,1.0,14.53,1794 ,138.1,5.0,9
6083,265000,60000,Petrol,Individual,Manual,1.0,19.4,1198 ,86.8,5.0,9
6084,830000,5000,Petrol,Individual,Automatic,1.0,21.4,1197 ,83.1,5.0,3
6085,800000,60000,Diesel,Individual,Manual,1.0,14.1,2179 ,147.94,7.0,4
6086,160000,25000,Petrol,Individual,Manual,2.0,19.7,796 ,46.3,5.0,10
6087,335000,30000,Petrol,Individual,Manual,1.0,25.17,799 ,53.3,5.0,3
6088,329000,80000,Petrol,Individual,Manual,2.0,20.63,1198 ,67,5.0,4
6089,775000,75000,Diesel,Individual,Manual,1.0,24.3,1248 ,88.5,5.0,4
6090,524000,32000,Petrol,Individual,Manual,1.0,20.14,1197 ,81.86,5.0,1
6091,245000,40000,Petrol,Individual,Manual,1.0,22.74,796 ,47.3,5.0,6
6092,275000,93000,Petrol,Individual,Manual,2.0,17.0,1197 ,80,5.0,9
6093,610000,50000,Diesel,Individual,Manual,2.0,21.19,1396 ,88.73,5.0,6
6094,615000,60000,Diesel,Individual,Manual,1.0,26.59,1248 ,74,5.0,6
6095,684000,60000,Diesel,Individual,Manual,2.0,20.77,1248 ,88.8,7.0,7
6096,680000,64000,Diesel,Individual,Manual,2.0,20.77,1248 ,88.8,7.0,7
6097,500000,120000,Diesel,Individual,Manual,1.0,20.45,1461 ,83.8,5.0,7
6098,520000,120000,Diesel,Individual,Manual,1.0,20.45,1461 ,83.8,5.0,7
6102,675000,60000,Diesel,Individual,Manual,1.0,24.4,1498 ,98.63,5.0,3
6103,1350000,81500,Diesel,Individual,Automatic,2.0,14.84,2143 ,167.62,5.0,10
6104,1350000,80000,Diesel,Individual,Automatic,1.0,15.8,2148 ,170,5.0,10
6105,675000,5000,Petrol,Individual,Manual,1.0,21.21,1197 ,81.80,5.0,2
6106,725000,30000,Diesel,Individual,Manual,1.0,21.7,1498 ,98.96,5.0,5
6107,1200000,15000,Diesel,Individual,Manual,1.0,20.0,1497 ,115,5.0,2
6108,650000,40000,Diesel,Dealer,Manual,1.0,20.14,1498 ,88,5.0,3
6109,1090000,16500,Petrol,Dealer,Manual,1.0,17.0,1197 ,110,5.0,2
6110,1100000,67000,Diesel,Individual,Automatic,1.0,17.01,1582 ,126.2,5.0,4
6111,670000,48000,Diesel,Individual,Manual,1.0,22.54,1396 ,88.73,5.0,4
6112,780000,35000,Diesel,Individual,Manual,1.0,22.54,1396 ,88.73,5.0,3
6113,720000,60000,Diesel,Individual,Manual,1.0,28.09,1248 ,88.5,5.0,4
6114,610000,52000,Petrol,Dealer,Manual,1.0,22.0,1197 ,81.80,5.0,3
6115,600000,29000,Diesel,Individual,Manual,1.0,22.0,1498 ,108.495,5.0,4
6116,535000,50000,Diesel,Individual,Manual,1.0,19.87,1461 ,83.8,5.0,5
6117,142000,110000,Petrol,Individual,Manual,1.0,20.36,1197 ,78.9,5.0,12
6118,515000,23000,Petrol,Individual,Manual,1.0,21.4,1197 ,83.1,5.0,4
6119,335000,40000,Petrol,Dealer,Manual,1.0,20.63,1198 ,67,5.0,5
6120,957000,60000,Diesel,Individual,Manual,1.0,21.38,1396 ,88.7,5.0,4
6121,605000,127000,Diesel,Individual,Manual,1.0,28.4,1248 ,74.02,5.0,4
6122,316000,140000,Diesel,Individual,Manual,1.0,21.02,1248 ,88.76,5.0,8
6123,675000,5000,Petrol,Individual,Manual,1.0,20.0,999 ,72,7.0,2
6124,520000,70000,Diesel,Individual,Manual,1.0,26.59,1248 ,74,5.0,6
6125,265000,60000,Diesel,Individual,Manual,1.0,19.3,1248 ,73.9,5.0,10
6126,395000,40000,Petrol,Individual,Manual,2.0,16.2,1199 ,74,5.0,5
6127,385000,40000,Petrol,Individual,Manual,2.0,16.2,1199 ,74,5.0,5
6128,142000,70000,Petrol,Individual,Manual,2.0,18.9,1061 ,67,5.0,12
6129,160000,35000,Petrol,Individual,Manual,1.0,19.81,1086 ,68.05,5.0,12
6130,180000,50000,Diesel,Individual,Manual,3.0,19.09,1396 ,69,5.0,9
6131,480000,42462,Petrol,Dealer,Manual,1.0,16.8,1497 ,116.3,5.0,8
6132,470000,54723,Diesel,Dealer,Manual,1.0,25.2,1248 ,74,5.0,6
6133,480000,20375,Petrol,Dealer,Manual,1.0,20.89,1197 ,81.80,5.0,3
6134,450000,43978,Diesel,Dealer,Manual,2.0,28.4,1248 ,74,5.0,8
6135,520000,28832,Diesel,Dealer,Manual,1.0,23.4,1248 ,74,5.0,4
6136,700000,3177,Petrol,Dealer,Manual,1.0,18.5,1194 ,94.93,5.0,2
6137,400000,39414,Petrol,Dealer,Manual,1.0,18.9,1197 ,81.86,5.0,6
6138,200000,30078,Petrol,Dealer,Manual,1.0,15.3,1396 ,70,5.0,9
6139,250000,44588,Petrol,Dealer,Manual,1.0,21.1,814 ,55.2,5.0,9
6140,400000,49907,Petrol,Dealer,Manual,1.0,21.63,998 ,67.04,5.0,6
6141,371000,67082,Petrol,Dealer,Manual,2.0,21.21,1197 ,81.80,5.0,8
6142,450000,40000,Petrol,Individual,Manual,1.0,18.9,1197 ,82,5.0,5
6143,570000,112879,Diesel,Dealer,Manual,2.0,23.0,1498 ,98.96,5.0,5
6144,300000,80000,Petrol,Individual,Manual,2.0,19.4,1198 ,86.8,5.0,8
6145,620000,25000,Petrol,Individual,Manual,1.0,18.6,1197 ,81.83,5.0,4
6146,949000,10200,Petrol,Individual,Manual,1.0,17.4,1497 ,117.6,5.0,3
6147,750000,60000,Diesel,Individual,Manual,1.0,16.5,1493 ,70,7.0,3
6148,350000,20000,Petrol,Individual,Manual,2.0,23.1,998 ,67.04,5.0,4
6149,1250000,60000,Diesel,Individual,Manual,1.0,16.0,2179 ,140,7.0,4
6150,270000,30000,Petrol,Individual,Manual,3.0,23.01,999 ,67,5.0,5
6151,235000,40000,Petrol,Individual,Manual,2.0,21.1,814 ,55.2,5.0,8
6152,500000,60000,Petrol,Individual,Manual,1.0,20.4,1197 ,81.80,5.0,5
6153,220000,111000,Petrol,Individual,Manual,1.0,19.7,796 ,46.3,5.0,9
6154,380000,70000,Diesel,Individual,Manual,2.0,23.4,1248 ,74,5.0,7
6155,160000,100000,Petrol,Individual,Manual,3.0,20.92,998 ,67.1,5.0,11
6156,160000,100000,Petrol,Individual,Manual,3.0,20.92,998 ,67.1,5.0,11
6157,339000,25000,Petrol,Individual,Manual,1.0,20.3,998 ,68.05,5.0,4
6158,229999,100000,Petrol,Individual,Manual,1.0,15.3,1596 ,99.6,5.0,10
6159,400000,35000,Diesel,Individual,Manual,1.0,25.32,1198 ,77,6.0,5
6160,470000,25000,Diesel,Individual,Manual,1.0,25.4,1186 ,73.97,5.0,3
6161,45000,58000,Petrol,Individual,Manual,1.0,16.1,796 ,37,4.0,18
6162,575000,20000,Petrol,Individual,Manual,1.0,19.4,1194 ,94.93,5.0,2
6163,325000,1300,Petrol,Individual,Manual,1.0,22.5,999 ,67,5.0,2
6164,50000,120000,Petrol,Individual,Manual,2.0,16.1,796 ,37,4.0,24
6165,350000,15000,Petrol,Individual,Manual,1.0,20.51,998 ,67.04,5.0,7
6166,2711000,9000,Diesel,Dealer,Automatic,1.0,13.6,1999 ,177,5.0,4
6167,5150000,20000,Petrol,Dealer,Automatic,1.0,22.37,2487 ,214.56,5.0,2
6168,3200000,45000,Diesel,Dealer,Automatic,1.0,19.33,1999 ,177,5.0,4
6169,503000,110000,Diesel,Individual,Manual,1.0,14.1,2179 ,147.94,7.0,6
6170,3800000,20000,Diesel,Individual,Automatic,1.0,18.0,1969 ,190,5.0,2
6171,2000000,68089,Petrol,Trustmark Dealer,Automatic,1.0,19.16,2494 ,157.7,5.0,5
6172,225000,58343,Petrol,Trustmark Dealer,Manual,1.0,21.79,998 ,67.05,5.0,8
6173,740000,38817,Diesel,Dealer,Manual,1.0,27.39,1248 ,74,5.0,3
6174,550000,56494,Petrol,Trustmark Dealer,Manual,1.0,18.2,1199 ,88.7,5.0,5
6175,750000,79328,Diesel,Trustmark Dealer,Manual,2.0,12.99,2494 ,100.6,7.0,8
6176,650000,5621,Petrol,Trustmark Dealer,Automatic,1.0,22.0,1197 ,81.80,5.0,2
6177,625000,25538,Petrol,Trustmark Dealer,Manual,1.0,16.78,1496 ,88.73,5.0,4
6178,600000,69779,Petrol,Dealer,Automatic,1.0,22.0,1197 ,81.80,5.0,3
6179,450000,56290,Diesel,Dealer,Manual,1.0,24.0,1186 ,73.97,5.0,4
6180,5400000,7500,Diesel,Dealer,Automatic,1.0,16.78,1995 ,190,5.0,2
6181,5500000,8500,Diesel,Dealer,Automatic,1.0,16.78,1995 ,190,5.0,2
6182,779000,7032,Petrol,Trustmark Dealer,Automatic,1.0,19.0,1199 ,88.76,5.0,2
6183,645000,11000,Petrol,Dealer,Automatic,1.0,14.3,1598 ,103.5,5.0,5
6184,2475000,2000,Diesel,Dealer,Automatic,1.0,16.8,1984 ,150,5.0,3
6185,300000,25000,Petrol,Individual,Manual,1.0,25.17,799 ,53.3,5.0,5
6186,540000,150000,Diesel,Individual,Manual,1.0,19.01,1461 ,108.5,5.0,7
6187,580000,10000,Petrol,Individual,Manual,1.0,23.1,998 ,67.04,5.0,3
6188,1000000,70000,Diesel,Individual,Manual,1.0,19.67,1582 ,126.2,5.0,6
6189,459999,80000,Diesel,Individual,Manual,1.0,22.95,1248 ,74,5.0,4
6190,635000,50000,Diesel,Individual,Manual,1.0,25.2,1248 ,74,5.0,6
6191,650000,83000,Diesel,Individual,Manual,3.0,22.32,1582 ,126.32,5.0,7
6192,525000,116000,Diesel,Individual,Manual,2.0,23.4,1248 ,74,5.0,8
6193,350000,60000,Petrol,Individual,Manual,3.0,15.8,1172 ,67.1,5.0,6
6194,320000,175802,Diesel,Individual,Manual,3.0,19.3,1248 ,73.9,5.0,13
6195,450000,192000,Diesel,Individual,Manual,4.0,12.8,2494 ,102,8.0,15
6196,227000,73840,Petrol,Individual,Manual,1.0,15.04,1598 ,103.6,5.0,10
6197,325000,162000,Diesel,Individual,Manual,2.0,13.6,2523 ,63,8.0,10
6198,275000,20000,Petrol,Individual,Automatic,1.0,23.0,999 ,67,5.0,3
6199,300000,75000,Petrol,Individual,Manual,3.0,18.9,1197 ,82,5.0,8
6200,400000,320000,Diesel,Individual,Manual,3.0,12.05,2179 ,120,8.0,10
6201,550000,120000,Diesel,Individual,Manual,2.0,20.34,1498 ,103.2,5.0,6
6202,550000,20000,Petrol,Individual,Manual,1.0,20.4,1197 ,81.80,5.0,5
6203,900000,40000,Diesel,Individual,Automatic,1.0,21.66,1498 ,108.6,5.0,4
6204,165000,20000,Petrol,Individual,Manual,1.0,19.7,796 ,46.3,5.0,11
6205,210000,70000,Petrol,Individual,Manual,1.0,21.1,814 ,55.2,5.0,7
6206,650000,30000,Diesel,Individual,Manual,1.0,19.64,1461 ,108.45,5.0,5
6207,680000,120000,Diesel,Individual,Manual,1.0,15.1,2179 ,140,7.0,7
6208,390000,25000,Petrol,Individual,Manual,1.0,23.01,999 ,67,5.0,2
6209,260000,80000,Petrol,Individual,Manual,1.0,25.17,799 ,53.3,5.0,5
6210,450000,67000,Petrol,Individual,Manual,1.0,19.1,1197 ,85.8,5.0,8
6211,130000,120000,Petrol,Individual,Manual,2.0,19.81,1086 ,68.05,5.0,13
6212,890000,9000,Diesel,Individual,Manual,1.0,24.3,1248 ,88.5,5.0,2
6213,3800000,20000,Diesel,Individual,Automatic,1.0,18.0,1969 ,190,5.0,2
6214,225000,80000,Petrol,Individual,Manual,2.0,14.0,1595 ,102,5.0,11
6215,3200000,60000,Diesel,Individual,Automatic,1.0,15.04,2755 ,174.5,7.0,3
6216,210000,120000,Diesel,Individual,Manual,1.0,21.12,1248 ,88.8,5.0,11
6217,3500000,60000,Diesel,Individual,Automatic,1.0,11.0,2982 ,170.30,7.0,7
6218,750000,80000,Diesel,Individual,Manual,2.0,25.1,1498 ,98.6,5.0,7
6219,350000,120000,Diesel,Individual,Manual,2.0,12.2,2499 ,80,10.0,10
6220,2000000,24857,Petrol,Dealer,Automatic,,16.5,1799 ,139.46,5.0,2
6221,270000,26442,Petrol,Individual,Manual,1.0,20.3,998 ,68.05,5.0,4
6222,700000,35000,Petrol,Individual,Manual,1.0,17.5,1373 ,91.1,7.0,4
6223,130000,28000,Petrol,Individual,Manual,2.0,19.7,796 ,46.3,5.0,11
6224,650000,80000,Diesel,Individual,Manual,1.0,20.77,1248 ,88.8,7.0,6
6225,55000,39000,Petrol,Individual,Manual,1.0,19.7,796 ,46.3,5.0,16
6226,475000,20000,Petrol,Individual,Automatic,1.0,20.51,998 ,67,5.0,4
6227,325000,50000,Diesel,Individual,Manual,1.0,21.64,1461 ,84.8,5.0,8
6228,615000,40000,Petrol,Individual,Automatic,1.0,19.0,1199 ,88.7,5.0,4
6229,390000,15000,Petrol,Individual,Manual,1.0,18.9,1197 ,82,5.0,6
6230,650000,15000,Petrol,Individual,Automatic,1.0,22.0,1197 ,81.80,5.0,2
6231,440000,30000,Petrol,Individual,Manual,1.0,20.4,1197 ,81.80,5.0,6
6232,600000,70000,Diesel,Individual,Manual,1.0,26.0,1498 ,98.6,5.0,7
6233,170000,80000,Petrol,Individual,Manual,1.0,16.2,995 ,62.1,5.0,9
6234,499000,80000,Diesel,Individual,Manual,1.0,15.96,2523 ,63,9.0,8
6235,525000,120000,Diesel,Individual,Manual,1.0,22.54,1396 ,88.73,5.0,9
6236,580000,90000,Diesel,Individual,Manual,1.0,20.45,1461 ,83.8,5.0,6
6237,420000,110000,Diesel,Individual,Manual,2.0,18.2,1248 ,73.74,7.0,5
6238,1300000,120000,Diesel,Individual,Manual,1.0,12.99,2494 ,100.6,7.0,6
6239,800000,80000,Diesel,Individual,Manual,1.0,23.9,1582 ,126.2,5.0,5
6240,600000,5000,Petrol,Individual,Manual,1.0,21.21,1197 ,81.80,5.0,1
6241,400000,50000,Petrol,Individual,Manual,1.0,18.5,1198 ,86.8,5.0,4
6242,700000,65000,Diesel,Individual,Manual,1.0,26.59,1248 ,74,5.0,4
6243,800000,35000,Diesel,Individual,Manual,1.0,27.39,1248 ,74,5.0,4
6244,600000,90000,Diesel,Individual,Manual,1.0,27.3,1498 ,98.6,5.0,6
6245,580000,100000,Diesel,Individual,Manual,1.0,25.2,1248 ,74,5.0,5
6246,350000,15000,Petrol,Individual,Manual,1.0,25.17,799 ,53.3,5.0,5
6247,204999,147000,Diesel,Individual,Manual,1.0,20.0,1399 ,68,5.0,10
6248,1350000,20000,Diesel,Individual,Manual,1.0,16.0,2179 ,140,7.0,4
6249,310000,120000,Diesel,Individual,Manual,2.0,23.0,1396 ,90,5.0,12
6250,700000,250000,Diesel,Individual,Manual,2.0,12.8,2494 ,102,7.0,10
6251,459999,69000,Diesel,Individual,Manual,2.0,25.83,1498 ,99,5.0,5
6252,860000,80000,Diesel,Individual,Manual,1.0,28.09,1248 ,88.5,5.0,4
6253,275000,97000,LPG,Individual,Manual,3.0,19.0,1086 ,68.1,5.0,9
6254,390000,15000,Petrol,Individual,Manual,1.0,25.17,799 ,53.3,5.0,5
6255,1525000,50000,Diesel,Individual,Manual,1.0,17.6,2179 ,153.86,7.0,3
6256,110000,50800,Petrol,Dealer,Manual,2.0,19.7,796 ,46.3,5.0,16
6257,484999,10000,Petrol,Dealer,Manual,1.0,23.1,998 ,67.04,5.0,4
6258,5830000,30000,Diesel,Individual,Automatic,1.0,17.09,2993 ,261.4,4.0,3
6259,185000,60000,Petrol,Individual,Manual,2.0,19.7,796 ,46.3,5.0,9
6260,665000,40142,Diesel,Dealer,Manual,1.0,24.4,1120 ,71,5.0,3
6261,721000,9400,Petrol,Dealer,Manual,1.0,18.6,1197 ,81.83,5.0,2
6262,390000,62000,Diesel,Dealer,Manual,1.0,25.32,1198 ,77,5.0,5
6263,190000,90000,Diesel,Dealer,Manual,1.0,18.8,1248 ,90,5.0,10
6264,975000,12584,Diesel,Dealer,Manual,1.0,16.55,2498 ,105,6.0,2
6265,275000,49000,Petrol,Dealer,Manual,1.0,19.02,1198 ,67.05,5.0,5
6266,315000,32000,Petrol,Dealer,Manual,1.0,24.7,796 ,47.3,5.0,5
6267,685000,4300,Petrol,Dealer,Manual,1.0,18.6,1197 ,81.86,5.0,2
6268,595000,14548,Petrol,Dealer,Manual,1.0,21.21,1197 ,81.80,5.0,2
6269,900000,44772,Diesel,Dealer,Manual,2.0,23.0,1498 ,98.96,5.0,3
6270,950000,48500,Diesel,Dealer,Manual,1.0,25.47,1248 ,88.50,7.0,3
6271,275000,38000,Petrol,Dealer,Manual,1.0,24.7,796 ,47.3,5.0,5
6272,570000,28782,Petrol,Dealer,Manual,1.0,18.6,1197 ,81.83,5.0,4
6273,700000,28451,Petrol,Dealer,Manual,1.0,18.6,1197 ,81.83,5.0,3
6274,910000,36500,Diesel,Dealer,Manual,1.0,24.3,1248 ,88.5,5.0,3
6275,751000,44885,Diesel,Dealer,Manual,1.0,26.59,1248 ,74,5.0,3
6276,225000,35000,Petrol,Individual,Manual,1.0,21.1,814 ,55.2,5.0,7
6277,135000,110000,Diesel,Individual,Manual,2.0,17.0,1405 ,71,5.0,12
6278,825000,79000,Diesel,Dealer,Manual,1.0,25.47,1248 ,88.50,7.0,4
6279,1650000,91000,Diesel,Dealer,Automatic,2.0,12.55,2982 ,168.5,7.0,6
6280,875000,50000,Diesel,Dealer,Manual,1.0,24.3,1248 ,88.5,5.0,3
6281,650000,81000,Diesel,Dealer,Manual,2.0,28.09,1248 ,88.5,5.0,5
6282,1450000,22000,Petrol,Dealer,Automatic,1.0,16.0,1368 ,160,5.0,2
6283,975000,41000,Diesel,Dealer,Manual,1.0,20.5,1582 ,126.2,5.0,4
6284,925000,50000,Diesel,Dealer,Manual,1.0,24.52,1248 ,88.5,7.0,2
6285,725000,66000,Diesel,Dealer,Manual,1.0,20.77,1248 ,88.8,7.0,5
6286,550000,65000,Diesel,Dealer,Manual,1.0,20.77,1248 ,88.76,7.0,8
6287,550000,76000,Diesel,Dealer,Manual,1.0,22.54,1396 ,88.73,5.0,7
6288,750000,95000,Diesel,Dealer,Manual,1.0,12.8,2494 ,102,7.0,8
6289,475000,55000,Petrol,Dealer,Manual,2.0,17.0,1497 ,118,5.0,8
6290,325000,65000,Petrol,Dealer,Manual,1.0,19.02,1198 ,67.05,7.0,4
6291,725000,76000,Diesel,Dealer,Manual,1.0,25.47,1248 ,88.50,7.0,4
6292,775000,47000,Petrol,Dealer,Manual,2.0,16.02,1373 ,93.7,7.0,3
6293,625000,70000,Diesel,Dealer,Manual,1.0,23.4,1248 ,74,5.0,4
6295,470000,89000,Diesel,Dealer,Manual,1.0,22.9,1248 ,74,5.0,7
6296,1750000,98000,Diesel,Dealer,Manual,1.0,13.68,2393 ,147.51,7.0,4
6297,1650000,90000,Diesel,Dealer,Manual,1.0,13.68,2393 ,147.51,7.0,5
6298,1050000,70000,Diesel,Individual,Manual,1.0,21.38,1396 ,88.7,5.0,3
6299,380000,57000,Diesel,Individual,Manual,1.0,22.9,1248 ,74,5.0,8
6300,650000,70000,Diesel,Individual,Manual,1.0,26.59,1248 ,74,5.0,4
6301,275000,49200,Petrol,Individual,Manual,1.0,21.1,814 ,55.2,5.0,5
6302,220000,125000,Petrol,Individual,Manual,2.0,13.5,1799 ,130,5.0,12
6303,200000,60000,Petrol,Individual,Manual,2.0,19.81,1086 ,68.05,5.0,13
6304,315000,120000,Petrol,Individual,Manual,2.0,15.37,1196 ,73,5.0,6
6305,90000,110000,Petrol,Individual,Manual,3.0,19.7,796 ,46.3,5.0,17
6306,120000,70000,Petrol,Individual,Manual,2.0,18.9,1061 ,67,5.0,14
6307,90000,168000,Petrol,Individual,Manual,2.0,18.9,998 ,67.1,5.0,15
6308,1500000,30000,Diesel,Individual,Manual,1.0,16.0,2179 ,140,7.0,3
6309,370000,60000,Diesel,Individual,Manual,1.0,24.0,1120 ,70,5.0,6
6310,595000,131111,Diesel,Individual,Manual,1.0,25.2,1248 ,74,5.0,5
6311,150000,120000,Diesel,Individual,Manual,2.0,19.2,1461 ,65,5.0,14
6312,400000,58400,Diesel,Individual,Manual,2.0,19.3,1248 ,73.9,5.0,9
6313,310000,23400,Petrol,Individual,Manual,2.0,23.95,998 ,67.1,5.0,5
6314,385000,50000,Petrol,Individual,Manual,1.0,23.1,998 ,67.04,5.0,3
6316,750000,90000,Diesel,Individual,Manual,1.0,15.1,2179 ,140,7.0,7
6317,521000,3010,Petrol,Individual,Automatic,1.0,20.3,1086 ,68,5.0,2
6318,180000,80000,Diesel,Individual,Manual,1.0,21.12,1248 ,88.8,5.0,11
6319,220000,155000,Diesel,Individual,Manual,2.0,17.8,1399 ,68,5.0,10
6320,40000,70000,Petrol,Individual,Manual,2.0,16.1,796 ,37,4.0,23
6321,540000,4000,Petrol,Individual,Manual,1.0,18.9,1197 ,81.86,5.0,3
6322,140000,35000,Petrol,Individual,Manual,2.0,19.7,796 ,46.3,5.0,14
6323,200000,121000,Petrol,Individual,Manual,1.0,17.3,993 ,60,5.0,18
6324,650000,110000,Diesel,Individual,Manual,2.0,22.77,1498 ,98.59,5.0,6
6325,229999,170000,Diesel,Individual,Manual,2.0,17.8,1399 ,68,5.0,11
6326,305000,175000,Diesel,Individual,Manual,3.0,17.8,1248 ,75,5.0,11
6327,1400000,30000,Diesel,Individual,Manual,1.0,16.0,1997 ,140,7.0,3
6328,200000,163000,Diesel,Individual,Manual,1.0,17.8,1399 ,68,5.0,13
6329,200000,163000,Diesel,Individual,Manual,1.0,17.8,1399 ,68,5.0,13
6330,465000,77088,Diesel,Individual,Manual,1.0,14.0,2489 ,95,8.0,11
6331,210000,110000,Diesel,Individual,Manual,3.0,23.08,1461 ,63.1,5.0,10
6332,570000,136511,Diesel,Individual,Manual,1.0,15.96,2523 ,62.1,7.0,5
6333,570000,80000,Petrol,Individual,Manual,1.0,16.02,1373 ,93.7,7.0,6
6334,650000,60000,Petrol,Individual,Manual,1.0,16.02,1373 ,93.7,7.0,6
6335,620000,36000,Petrol,Individual,Manual,1.0,20.85,1197 ,83.14,5.0,5
6336,250000,65000,Petrol,Individual,Manual,2.0,18.9,998 ,67.1,5.0,9
6337,1000000,50000,Diesel,Individual,Automatic,1.0,17.05,1995 ,184,5.0,10
6338,300000,60000,LPG,Individual,Manual,1.0,26.2,998 ,58.2,5.0,9
6339,300000,82500,Diesel,Individual,Manual,1.0,20.3,1248 ,75,5.0,8
6340,810000,30000,Diesel,Individual,Manual,2.0,23.0,1498 ,98.96,5.0,3
6341,270000,100000,Diesel,Individual,Manual,3.0,18.3,1991 ,147.9,5.0,10
6342,470000,70000,Diesel,Individual,Manual,2.0,26.59,1248 ,74,5.0,6
6343,400000,85000,Diesel,Individual,Manual,1.0,20.65,1248 ,88.7,5.0,4
6344,300000,60000,Petrol,Individual,Manual,2.0,20.51,998 ,67.04,5.0,7
6345,170000,20000,Petrol,Individual,Manual,3.0,22.74,796 ,47.3,5.0,6
6346,455999,80000,Diesel,Individual,Manual,1.0,19.01,1461 ,108.45,5.0,7
6347,121000,100000,Diesel,Individual,Manual,2.0,13.0,2489 ,95,8.0,12
6350,650000,80000,Diesel,Individual,Manual,2.0,24.3,1248 ,88.5,5.0,5
6351,350000,35000,Petrol,Individual,Manual,1.0,17.57,1193 ,88.7,5.0,4
6352,125000,139000,Diesel,Individual,Manual,1.0,25.44,936 ,57.6,5.0,8
6353,80000,90000,Petrol,Individual,Automatic,2.0,19.7,796 ,46.3,5.0,16
6355,250000,100000,Petrol,Individual,Manual,1.0,17.7,1497 ,78,5.0,13
6356,225000,90000,Diesel,Individual,Manual,1.0,20.54,1598 ,103.6,5.0,10
6357,215000,105000,Diesel,Individual,Manual,2.0,13.6,2523 ,63,7.0,14
6358,450000,40000,Diesel,Individual,Manual,2.0,25.4,1186 ,73.97,5.0,4
6359,509999,90000,Petrol,Individual,Manual,1.0,20.14,1197 ,81.86,5.0,4
6360,245000,36710,Petrol,Individual,Manual,2.0,22.74,796 ,47.3,5.0,6
6361,400000,50000,Diesel,Individual,Manual,1.0,23.5,909 ,45,8.0,3
6362,620000,28180,Diesel,Dealer,Manual,1.0,23.65,1248 ,88.5,5.0,5
6363,650000,44000,Diesel,Dealer,Manual,1.0,23.65,1248 ,88.5,5.0,4
6364,1700000,15000,Diesel,Individual,Manual,1.0,17.0,1956 ,138.1,5.0,2
6365,590000,4000,Petrol,Individual,Manual,1.0,19.72,1198 ,67,7.0,2
6366,370000,30000,Diesel,Individual,Manual,1.0,23.2,1248 ,73.94,5.0,7
6367,350000,15000,Petrol,Individual,Manual,1.0,18.6,1197 ,85.8,5.0,8
6368,580000,20000,Petrol,Individual,Manual,1.0,21.4,1197 ,83.1,5.0,4
6369,450000,56000,Petrol,Individual,Manual,1.0,18.9,1197 ,81.86,5.0,3
6370,600000,19000,Petrol,Individual,Manual,1.0,17.19,1197 ,81.86,5.0,4
6371,2400000,30000,Diesel,Individual,Automatic,1.0,12.62,2198 ,158,7.0,5
6372,450000,70000,Petrol,Individual,Manual,1.0,18.6,1197 ,81.83,5.0,4
6373,150000,30000,Diesel,Individual,Manual,1.0,19.09,1396 ,69,5.0,12
6374,400000,15000,Petrol,Individual,Manual,1.0,15.37,1196 ,73,5.0,2
6375,185000,85000,Petrol,Individual,Manual,1.0,22.74,796 ,47.3,5.0,8
6376,625000,50000,Petrol,Individual,Automatic,1.0,22.0,1197 ,81.80,5.0,3
6377,700000,20000,Petrol,Individual,Manual,1.0,17.19,1197 ,81.86,5.0,2
6378,390000,25000,Petrol,Individual,Manual,1.0,20.51,998 ,67.04,5.0,4
6379,625000,25000,Petrol,Individual,Manual,1.0,17.0,1198 ,108.5,5.0,3
6380,400000,50000,Petrol,Individual,Manual,1.0,19.1,1197 ,85.8,5.0,7
6381,380000,150000,Diesel,Individual,Manual,4.0,23.0,1396 ,90,5.0,10
6382,400000,90000,Petrol,Individual,Automatic,1.0,14.53,1794 ,138.1,5.0,12
6383,620000,100000,Petrol,Individual,Manual,1.0,17.57,1193 ,88.7,5.0,2
6384,190000,180000,Diesel,Individual,Manual,2.0,17.8,1399 ,67,5.0,13
6385,210000,50000,Petrol,Individual,Manual,2.0,22.74,796 ,47.3,5.0,8
6386,270000,80000,Diesel,Individual,Manual,3.0,23.2,1248 ,73.94,5.0,9
6387,45000,100000,Petrol,Individual,Manual,3.0,17.3,993 ,60,5.0,22
6388,220000,93000,Petrol,Individual,Manual,2.0,21.1,814 ,55.2,5.0,7
6389,550000,11500,Diesel,Individual,Manual,1.0,15.96,2523 ,63,9.0,7
6390,370000,120000,Petrol,Individual,Manual,1.0,18.5,1197 ,82.85,5.0,8
6392,650000,50000,Diesel,Individual,Manual,1.0,14.95,2489 ,93.7,9.0,6
6393,550000,120000,Petrol,Individual,Manual,1.0,16.8,1497 ,116.3,5.0,9
6394,225000,100000,Diesel,Individual,Manual,2.0,17.8,1399 ,68,5.0,11
6395,40000,57000,Petrol,Individual,Manual,2.0,16.1,796 ,37,4.0,17
6396,280000,60000,Petrol,Individual,Manual,1.0,21.1,814 ,55.2,5.0,5
6397,570000,44077,Petrol,Dealer,Automatic,1.0,17.01,1499 ,110.5,5.0,4
6398,290000,90000,Petrol,Individual,Manual,2.0,24.7,796 ,47.3,5.0,4
6399,720000,50000,Diesel,Individual,Manual,2.0,21.19,1396 ,88.73,5.0,3
6400,800000,60000,Diesel,Individual,Manual,1.0,22.77,1498 ,98.59,5.0,4
6401,265000,20000,Petrol,Individual,Manual,3.0,19.81,1086 ,68.05,5.0,9
6402,135000,90000,Petrol,Individual,Manual,3.0,19.7,796 ,46.3,5.0,11
6403,350000,70000,Diesel,Individual,Manual,2.0,25.83,1498 ,99,5.0,5
6405,490000,80000,Diesel,Individual,Manual,1.0,18.2,1248 ,73.74,8.0,5
6406,450000,72000,Diesel,Individual,Manual,2.0,22.32,1582 ,126.32,5.0,9
6407,950000,50000,Diesel,Individual,Manual,1.0,15.4,1997 ,120,7.0,5
6408,355000,90000,Petrol,Individual,Manual,2.0,17.5,1298 ,85.8,5.0,9
6409,700000,17000,Petrol,Individual,Manual,1.0,18.6,1197 ,81.86,5.0,2
6410,459999,70000,Diesel,Individual,Manual,1.0,12.05,2179 ,120,8.0,9
6411,350000,74000,Diesel,Individual,Manual,2.0,22.07,1199 ,73.9,5.0,9
6412,85000,60000,Petrol,Individual,Manual,2.0,19.7,796 ,46.3,5.0,15
6413,290000,15000,Petrol,Individual,Manual,1.0,22.74,796 ,47.3,5.0,5
6414,1000000,72000,Diesel,Individual,Manual,1.0,25.5,1498 ,98.6,5.0,2
6415,85000,25000,Petrol,Individual,Manual,2.0,16.84,1193 ,64.4,5.0,13
6416,65000,114000,Petrol,Individual,Manual,1.0,19.7,796 ,46.3,5.0,18
6417,75000,120000,Petrol,Individual,Manual,1.0,13.0,1493 ,100,5.0,16
6418,100000,250000,Diesel,Individual,Manual,2.0,18.7,1896 ,66,5.0,18
6419,170000,55768,Diesel,Individual,Manual,1.0,17.0,1405 ,71,5.0,12
6420,525000,40000,Petrol,Individual,Automatic,1.0,18.9,1197 ,81.86,5.0,4
6421,265000,70000,Petrol,Individual,Manual,2.0,21.79,998 ,67.05,5.0,1
6422,459999,50000,Petrol,Individual,Manual,1.0,20.3,1199 ,84,5.0,3
6423,250000,20000,Petrol,Individual,Manual,1.0,23.95,998 ,67.05,5.0,4
6424,395000,70000,Diesel,Individual,Manual,2.0,23.4,1248 ,74,5.0,8
6425,375000,60000,Petrol,Individual,Manual,1.0,18.9,1197 ,82,5.0,7
6426,120000,120000,Diesel,Individual,Manual,1.0,17.0,1405 ,71,5.0,12
6427,290000,110000,Diesel,Individual,Manual,2.0,21.1,1248 ,73.9,5.0,10
6428,409999,60000,Petrol,Individual,Manual,1.0,23.84,1199 ,84,5.0,4
6429,200000,30000,Petrol,Individual,Manual,1.0,16.5,995 ,63,5.0,12
6430,900000,35000,Diesel,Individual,Manual,1.0,21.13,1498 ,108.6,5.0,3
6431,50000,50000,Petrol,Individual,Manual,3.0,16.1,796 ,37,4.0,18
6432,450000,100000,Diesel,Individual,Manual,1.0,19.01,1461 ,108.45,5.0,9
6433,650000,80000,Diesel,Individual,Manual,3.0,15.1,2179 ,140,7.0,9
6434,300000,84000,Diesel,Individual,Manual,2.0,20.14,1498 ,88.5,5.0,7
6435,425000,60000,Diesel,Individual,Manual,1.0,25.01,1498 ,89.75,5.0,7
6436,55000,50000,Petrol,Individual,Manual,2.0,17.3,993 ,60,5.0,23
6437,200000,60000,Petrol,Individual,Manual,2.0,20.36,1197 ,78.9,5.0,10
6438,975000,100000,Diesel,Individual,Manual,1.0,16.0,2179 ,140,7.0,6
6439,450000,70000,Diesel,Individual,Manual,1.0,15.96,2523 ,62.1,7.0,8
6440,600000,82500,Diesel,Individual,Manual,2.0,15.96,2523 ,62.1,7.0,7
6441,550000,76000,Diesel,Individual,Manual,1.0,15.96,2523 ,62.1,9.0,7
6442,180000,87000,Diesel,Individual,Manual,1.0,18.0,1248 ,75,5.0,10
6443,300000,120000,Diesel,Individual,Manual,1.0,14.0,2498 ,112,7.0,11
6444,350000,70000,Petrol,Individual,Manual,2.0,17.57,1193 ,88.7,5.0,5
6445,465000,90000,Diesel,Individual,Manual,1.0,23.4,1248 ,74,5.0,7
6446,200000,188000,Diesel,Individual,Manual,2.0,21.12,1248 ,88.8,5.0,11
6447,350000,120000,Diesel,Individual,Manual,2.0,18.2,1248 ,73.8,8.0,7
6448,650000,80000,Petrol,Individual,Manual,1.0,17.4,1497 ,117.3,5.0,6
6449,150000,123278,Petrol,Individual,Manual,2.0,20.36,1197 ,78.9,5.0,11
6450,560000,100000,Diesel,Individual,Manual,2.0,26.0,1498 ,98.6,5.0,7
6451,625000,90000,Diesel,Individual,Manual,1.0,21.19,1396 ,88.73,5.0,6
6452,220000,110000,Diesel,Individual,Manual,1.0,20.0,1399 ,68,5.0,9
6453,250000,110000,Diesel,Individual,Manual,1.0,20.0,1399 ,68.1,5.0,8
6454,575000,70000,Diesel,Individual,Manual,1.0,20.65,1248 ,88.7,5.0,3
6455,1050000,65000,Diesel,Individual,Manual,1.0,15.1,2179 ,140,7.0,6
6456,3000000,70000,Diesel,Individual,Automatic,2.0,16.36,2179 ,187.7,5.0,6
6457,200000,90000,Diesel,Individual,Manual,3.0,11.57,2179 ,138.1,7.0,9
6458,262000,50000,Petrol,Individual,Manual,1.0,22.74,796 ,47.3,5.0,5
6459,299000,33000,Petrol,Individual,Manual,1.0,21.1,814 ,55.2,5.0,3
6460,250000,26500,Petrol,Individual,Manual,1.0,22.74,796 ,47.3,5.0,6
6461,140000,60000,Petrol,Individual,Manual,4.0,17.92,1086 ,62.1,5.0,10
6462,360000,70000,Diesel,Individual,Manual,3.0,23.4,1248 ,74,5.0,8
6463,210000,80000,Petrol,Individual,Manual,1.0,20.63,1198 ,67.06,5.0,6
6464,600000,60000,Diesel,Individual,Manual,1.0,22.54,1396 ,88.73,5.0,4
6465,210000,100000,Diesel,Individual,Manual,1.0,19.5,1199 ,75,5.0,10
6466,300000,80000,Diesel,Individual,Manual,2.0,20.54,1598 ,103.6,5.0,10
6467,450000,35000,Petrol,Individual,Manual,1.0,18.9,1197 ,82,5.0,5
6468,3200000,35000,Diesel,Individual,Automatic,1.0,10.91,3198 ,197,7.0,3
6469,550000,10000,Petrol,Individual,Manual,1.0,18.9,1197 ,81.86,5.0,2
6470,100000,80000,Diesel,Individual,Manual,1.0,18.0,1248 ,75,5.0,10
6471,185000,50000,Petrol,Individual,Manual,2.0,21.1,814 ,55.2,5.0,9
6472,80000,90000,Petrol,Individual,Manual,2.0,17.3,1061 ,64,5.0,15
6473,295000,80000,Petrol,Individual,Manual,1.0,24.7,796 ,47.3,5.0,4
6474,360000,25000,Petrol,Individual,Manual,1.0,23.01,999 ,67,5.0,4
6475,210000,70000,Petrol,Individual,Manual,1.0,20.92,998 ,67.1,5.0,7
6476,585000,80000,Petrol,Individual,Automatic,1.0,17.4,1197 ,81.86,5.0,2
6477,560000,50000,Diesel,Individual,Manual,1.0,20.14,1498 ,88.7,5.0,5
6478,600000,70000,Diesel,Individual,Manual,1.0,26.0,1498 ,98.6,5.0,6
6479,330000,60000,Petrol,Individual,Manual,1.0,20.63,1198 ,67,5.0,4
6480,990000,15000,Petrol,Individual,Manual,1.0,17.0,1591 ,121.3,5.0,2
6481,300000,90000,Diesel,Individual,Manual,1.0,23.59,1364 ,67.1,5.0,9
6482,650000,28000,Petrol,Individual,Manual,1.0,17.0,1198 ,108.5,5.0,3
6483,695000,20000,Petrol,Individual,Automatic,1.0,17.4,1197 ,81.86,5.0,2
6484,300000,60000,Diesel,Individual,Manual,1.0,24.0,1120 ,70,5.0,7
6485,270000,22000,Petrol,Individual,Manual,1.0,22.74,796 ,47.3,5.0,6
6486,185000,70000,Diesel,Individual,Manual,2.0,11.57,2179 ,138.1,7.0,11
6487,200000,80000,Diesel,Individual,Manual,1.0,22.1,1248 ,76.9,5.0,8
6488,459999,35000,CNG,Individual,Manual,1.0,26.6,998 ,58.16,5.0,2
6489,860000,60000,Diesel,Individual,Manual,1.0,21.5,1497 ,108.5,5.0,3
6490,400000,20000,Petrol,Individual,Manual,1.0,23.84,1199 ,84,5.0,3
6491,240000,142000,Diesel,Individual,Manual,2.0,23.2,1248 ,73.94,5.0,8
6492,570000,72000,Diesel,Individual,Manual,1.0,26.59,1248 ,74,5.0,6
6493,850000,90000,Diesel,Individual,Manual,1.0,23.0,1498 ,98.96,5.0,3
6494,155000,80000,Diesel,Individual,Manual,3.0,20.0,1399 ,68,5.0,10
6495,270000,125000,Diesel,Individual,Manual,1.0,23.0,1396 ,90,5.0,10
6496,610000,33000,Petrol,Individual,Manual,1.0,20.73,1373 ,91.1,5.0,6
6497,1000000,50000,Diesel,Individual,Manual,1.0,19.67,1582 ,126.2,5.0,6
6498,450000,120000,Diesel,Individual,Manual,2.0,12.05,2179 ,120,9.0,9
6499,500000,35000,Diesel,Individual,Manual,1.0,25.4,1186 ,73.97,5.0,3
6500,700000,43000,Diesel,Individual,Manual,1.0,27.4,1498 ,98.63,5.0,3
6501,135000,60000,Petrol,Individual,Manual,1.0,19.7,796 ,46.3,5.0,14
6502,430000,148000,Diesel,Individual,Manual,2.0,12.05,2179 ,120,9.0,9
6503,625000,70000,Diesel,Individual,Manual,2.0,22.32,1582 ,126.32,5.0,7
6504,280000,96000,Petrol,Individual,Manual,1.0,16.95,1498 ,97.7,5.0,10
6505,800000,70000,Diesel,Individual,Manual,1.0,15.4,1997 ,120,7.0,6
6506,220000,70000,Diesel,Individual,Manual,2.0,23.2,1248 ,73.94,5.0,9
6507,620000,18484,Petrol,Individual,Manual,1.0,20.89,1197 ,81.80,5.0,4
6508,300000,70000,Diesel,Individual,Manual,1.0,13.93,2179 ,138.03,7.0,10
6509,180000,25000,Petrol,Individual,Manual,2.0,19.7,796 ,46.3,5.0,11
6510,250000,120000,Diesel,Individual,Manual,3.0,22.07,1199 ,73.9,5.0,8
6511,480000,55000,Petrol,Individual,Manual,1.0,20.85,1197 ,83.14,5.0,4
6512,885000,10000,Petrol,Individual,Manual,2.0,17.0,1497 ,121.31,5.0,2
6513,550000,60000,Diesel,Individual,Manual,1.0,25.32,1198 ,77,6.0,1
6514,800000,30000,Diesel,Individual,Manual,1.0,28.4,1248 ,74.02,5.0,3
6515,180000,65000,Petrol,Individual,Manual,1.0,17.92,1086 ,62.1,5.0,8
6517,380000,50000,Diesel,Individual,Manual,2.0,21.9,1396 ,88.76,5.0,9
6518,520000,2560,Petrol,Individual,Automatic,1.0,24.0,1199 ,83.81,5.0,2
6519,90000,60000,Petrol,Individual,Manual,1.0,19.7,796 ,46.3,5.0,17
6520,330000,80000,Petrol,Individual,Manual,2.0,20.51,998 ,67.04,5.0,5
6521,40000,50000,Petrol,Individual,Manual,2.0,16.1,796 ,37,4.0,22
6522,370000,120000,Diesel,Individual,Manual,1.0,18.2,1248 ,73.8,8.0,6
6523,290000,120000,Petrol,Individual,Manual,2.0,16.8,1497 ,116.3,5.0,12
6524,215000,47000,Petrol,Individual,Manual,2.0,21.1,814 ,55.2,5.0,8
6525,1282000,45000,Diesel,Individual,Manual,1.0,17.6,2179 ,153.86,7.0,4
6526,610000,90000,Diesel,Individual,Manual,1.0,12.8,2494 ,102,8.0,9
6527,380000,110000,Diesel,Individual,Manual,2.0,21.27,1396 ,88.76,5.0,8
6528,1250000,95000,Diesel,Individual,Manual,1.0,15.4,1997 ,120,7.0,4
6529,400000,103655,Diesel,Individual,Manual,2.0,22.32,1582 ,126.3,5.0,9
6530,700000,25000,Petrol,Individual,Automatic,2.0,17.4,1197 ,81.86,5.0,3
6531,650000,80000,Diesel,Individual,Manual,1.0,19.01,1461 ,108.45,5.0,7
6532,95000,50000,Petrol,Individual,Manual,2.0,25.4,624 ,37.5,4.0,7
6533,1147000,56975,Diesel,Individual,Manual,1.0,16.0,2179 ,140,7.0,6
6534,150000,110000,Petrol,Individual,Manual,1.0,0.0,1086 ,62,5.0,11
6535,120000,80000,Petrol,Individual,Manual,3.0,19.7,796 ,46.3,5.0,13
6537,180000,187000,Diesel,Dealer,Manual,2.0,17.8,1399 ,68,5.0,11
6538,325000,69000,Diesel,Dealer,Manual,1.0,18.6,1388 ,67,5.0,8
6539,550000,206000,Diesel,Dealer,Manual,1.0,22.77,1498 ,98.59,5.0,6
6540,950000,27000,Diesel,Dealer,Manual,1.0,22.77,1498 ,98.59,5.0,3
6541,500000,132000,Diesel,Dealer,Manual,2.0,22.7,1498 ,89.84,5.0,7
6542,725000,75000,Diesel,Dealer,Manual,1.0,26.1,1498 ,99.23,5.0,4
6543,500000,18000,Petrol,Dealer,Manual,2.0,18.5,1194 ,94.93,5.0,6
6544,180000,218000,Diesel,Individual,Manual,1.0,21.0,1461 ,64.1,5.0,10
6545,650000,10000,Diesel,Individual,Manual,1.0,22.54,1396 ,88.73,5.0,5
6546,285000,80000,Diesel,Individual,Manual,1.0,17.8,1248 ,75,5.0,11
6547,210000,215000,Diesel,Individual,Manual,1.0,21.0,1461 ,64.1,5.0,10
6548,200000,137000,Diesel,Individual,Manual,1.0,17.8,1399 ,67,5.0,9
6549,295000,65000,Diesel,Individual,Manual,2.0,20.54,1598 ,103.6,5.0,10
6550,160000,120000,Petrol,Individual,Manual,3.0,17.7,1497 ,78,5.0,14
6551,450000,10000,Petrol,Individual,Automatic,1.0,23.1,998 ,67.04,5.0,4
6552,385000,20000,Petrol,Individual,Manual,1.0,20.62,1198 ,67,7.0,5
6553,350000,93500,Diesel,Individual,Manual,2.0,18.6,1388 ,67,5.0,10
6554,2711000,9000,Diesel,Dealer,Automatic,1.0,13.6,1999 ,177,5.0,4
6555,5150000,20000,Petrol,Dealer,Automatic,1.0,22.37,2487 ,214.56,5.0,2
6556,3200000,45000,Diesel,Dealer,Automatic,1.0,19.33,1999 ,177,5.0,4
6557,503000,110000,Diesel,Individual,Manual,1.0,14.1,2179 ,147.94,7.0,6
6558,3800000,20000,Diesel,Individual,Automatic,1.0,18.0,1969 ,190,5.0,2
6559,2000000,68089,Petrol,Trustmark Dealer,Automatic,1.0,19.16,2494 ,157.7,5.0,5
6560,225000,58343,Petrol,Trustmark Dealer,Manual,1.0,21.79,998 ,67.05,5.0,8
6561,740000,38817,Diesel,Dealer,Manual,1.0,27.39,1248 ,74,5.0,3
6562,550000,56494,Petrol,Trustmark Dealer,Manual,1.0,18.2,1199 ,88.7,5.0,5
6563,750000,79328,Diesel,Trustmark Dealer,Manual,2.0,12.99,2494 ,100.6,7.0,8
6564,650000,5621,Petrol,Trustmark Dealer,Automatic,1.0,22.0,1197 ,81.80,5.0,2
6565,625000,25538,Petrol,Trustmark Dealer,Manual,1.0,16.78,1496 ,88.73,5.0,4
6566,600000,69779,Petrol,Dealer,Automatic,1.0,22.0,1197 ,81.80,5.0,3
6567,450000,56290,Diesel,Dealer,Manual,1.0,24.0,1186 ,73.97,5.0,4
6568,5400000,7500,Diesel,Dealer,Automatic,1.0,16.78,1995 ,190,5.0,2
6569,5500000,8500,Diesel,Dealer,Automatic,1.0,16.78,1995 ,190,5.0,2
6570,779000,7032,Petrol,Trustmark Dealer,Automatic,1.0,19.0,1199 ,88.76,5.0,2
6571,645000,11000,Petrol,Dealer,Automatic,1.0,14.3,1598 ,103.5,5.0,5
6572,2475000,2000,Diesel,Dealer,Automatic,1.0,16.8,1984 ,150,5.0,3
6573,2711000,9000,Diesel,Dealer,Automatic,1.0,13.6,1999 ,177,5.0,4
6574,5150000,20000,Petrol,Dealer,Automatic,1.0,22.37,2487 ,214.56,5.0,2
6575,3200000,45000,Diesel,Dealer,Automatic,1.0,19.33,1999 ,177,5.0,4
6576,503000,110000,Diesel,Individual,Manual,1.0,14.1,2179 ,147.94,7.0,6
6577,3800000,20000,Diesel,Individual,Automatic,1.0,18.0,1969 ,190,5.0,2
6578,2000000,68089,Petrol,Trustmark Dealer,Automatic,1.0,19.16,2494 ,157.7,5.0,5
6579,225000,58343,Petrol,Trustmark Dealer,Manual,1.0,21.79,998 ,67.05,5.0,8
6580,740000,38817,Diesel,Dealer,Manual,1.0,27.39,1248 ,74,5.0,3
6581,550000,56494,Petrol,Trustmark Dealer,Manual,1.0,18.2,1199 ,88.7,5.0,5
6582,750000,79328,Diesel,Trustmark Dealer,Manual,2.0,12.99,2494 ,100.6,7.0,8
6583,650000,5621,Petrol,Trustmark Dealer,Automatic,1.0,22.0,1197 ,81.80,5.0,2
6584,625000,25538,Petrol,Trustmark Dealer,Manual,1.0,16.78,1496 ,88.73,5.0,4
6585,600000,69779,Petrol,Dealer,Automatic,1.0,22.0,1197 ,81.80,5.0,3
6586,450000,56290,Diesel,Dealer,Manual,1.0,24.0,1186 ,73.97,5.0,4
6587,5400000,7500,Diesel,Dealer,Automatic,1.0,16.78,1995 ,190,5.0,2
6588,5500000,8500,Diesel,Dealer,Automatic,1.0,16.78,1995 ,190,5.0,2
6589,779000,7032,Petrol,Trustmark Dealer,Automatic,1.0,19.0,1199 ,88.76,5.0,2
6590,645000,11000,Petrol,Dealer,Automatic,1.0,14.3,1598 ,103.5,5.0,5
6591,2475000,2000,Diesel,Dealer,Automatic,1.0,16.8,1984 ,150,5.0,3
6592,558000,70000,Diesel,Individual,Manual,1.0,28.4,1248 ,74.02,5.0,2
6593,165000,56000,Petrol,Individual,Manual,3.0,17.92,1086 ,62.1,5.0,11
6594,300000,80000,Diesel,Individual,Manual,2.0,21.9,1396 ,88.76,5.0,9
6595,500000,5000,Petrol,Individual,Manual,1.0,20.3,1086 ,68,5.0,2
6596,900000,100000,Diesel,Individual,Manual,1.0,15.1,2179 ,140,7.0,9
6597,830000,60000,Diesel,Individual,Automatic,3.0,11.0,2993 ,235,5.0,13
6599,640000,65000,Diesel,Individual,Manual,2.0,21.14,1498 ,103.52,5.0,7
6600,900000,70000,Diesel,Individual,Manual,3.0,15.4,2179 ,120,7.0,6
6601,450000,60000,Diesel,Individual,Manual,1.0,18.2,1248 ,73.8,7.0,8
6602,825000,82000,Diesel,Individual,Manual,1.0,28.09,1248 ,88.5,5.0,3
6603,500000,80000,Diesel,Individual,Manual,2.0,13.7,2179 ,138.1,7.0,8
6604,325000,5000,Petrol,Individual,Manual,2.0,18.15,1198 ,82,6.0,4
6605,450000,133000,Diesel,Individual,Manual,1.0,19.01,1461 ,108.45,5.0,7
6606,675000,25000,Petrol,Individual,Manual,2.0,17.5,1199 ,88.7,5.0,4
6607,415000,15000,Petrol,Individual,Manual,1.0,17.57,1193 ,88.7,5.0,4
6608,1100000,40000,Diesel,Individual,Manual,1.0,21.38,1396 ,88.7,5.0,4
6609,500000,35000,Petrol,Individual,Manual,1.0,17.0,1198 ,73.75,5.0,5
6610,509999,70000,Diesel,Individual,Manual,2.0,15.96,2523 ,62.1,7.0,7
6611,200000,152000,Diesel,Individual,Manual,4.0,10.5,2609 ,120,9.0,14
6612,60000,100000,Petrol,Individual,Manual,2.0,16.1,796 ,37,4.0,14
6613,500000,80000,Diesel,Individual,Manual,2.0,22.32,1582 ,126.3,5.0,8
6614,45000,100000,Diesel,Individual,Manual,2.0,17.2,1396 ,53.5,5.0,12
6615,270000,50000,Petrol,Individual,Manual,1.0,25.17,799 ,53.3,5.0,4
6616,550000,40000,Petrol,Individual,Manual,1.0,17.19,1197 ,81.86,5.0,4
6617,235000,60000,Petrol,Individual,Manual,1.0,23.01,999 ,67,5.0,5
6618,600000,40000,Petrol,Individual,Manual,1.0,18.6,1197 ,81.83,5.0,3
6619,525000,60000,Diesel,Individual,Manual,1.0,27.3,1498 ,98.6,5.0,6
6620,325000,90000,Diesel,Individual,Manual,1.0,22.9,1248 ,74,5.0,9
6621,420000,90000,Diesel,Individual,Manual,1.0,23.4,1248 ,74,5.0,7
6622,229999,60000,Petrol,Individual,Manual,2.0,20.92,998 ,67.1,5.0,7
6623,375000,80000,Diesel,Individual,Manual,4.0,23.4,1248 ,74,5.0,8
6624,750000,120000,Diesel,Individual,Manual,1.0,12.05,2179 ,120,8.0,9
6625,400000,40000,Petrol,Individual,Manual,1.0,23.84,1199 ,84,5.0,3
6626,600000,91000,Diesel,Individual,Manual,1.0,15.1,2179 ,140,7.0,8
6627,110000,80000,Petrol,Individual,Manual,3.0,17.8,1086 ,63,5.0,13
6628,45000,73257,Petrol,Individual,Manual,1.0,16.1,796 ,37,4.0,14
6629,722000,80000,Diesel,Individual,Manual,1.0,0.0,2523 ,70,2.0,2
6630,500000,15000,Petrol,Individual,Manual,1.0,23.84,1199 ,83.83,5.0,1
6631,250000,110000,Diesel,Individual,Manual,2.0,18.1,1493 ,110,5.0,14
6632,950000,40000,Diesel,Individual,Manual,1.0,21.13,1498 ,108.6,5.0,3
6633,375000,212000,Diesel,Individual,Manual,1.0,21.64,1461 ,84.8,5.0,8
6634,780000,30000,Diesel,Individual,Manual,1.0,28.4,1248 ,74.02,5.0,3
6635,575000,30000,Petrol,Individual,Manual,1.0,20.3,1086 ,68,5.0,3
6636,563000,30000,Petrol,Individual,Manual,2.0,18.6,1197 ,81.83,5.0,4
6637,450000,15000,Petrol,Individual,Manual,1.0,23.84,1199 ,84,5.0,4
6638,2300000,1000,Diesel,Individual,Automatic,1.0,13.68,2393 ,147.51,7.0,1
6639,80000,26320,Petrol,Individual,Manual,1.0,16.1,796 ,37,4.0,22
6640,320000,135000,Diesel,Individual,Manual,2.0,23.0,1396 ,90,5.0,11
6641,375000,100000,Petrol,Individual,Manual,3.0,13.5,1799 ,130,5.0,13
6642,400000,120000,Petrol,Individual,Manual,1.0,15.37,1196 ,73,5.0,4
6643,600000,230000,Diesel,Individual,Manual,1.0,14.0,2498 ,112,7.0,10
6644,315000,60000,Petrol,Individual,Manual,2.0,23.01,999 ,67,5.0,5
6645,1100000,80000,Diesel,Individual,Automatic,2.0,16.07,1995 ,181,5.0,9
6646,350000,190000,Diesel,Individual,Manual,2.0,19.3,1248 ,73.9,5.0,11
6647,375000,120000,Petrol,Individual,Manual,1.0,15.37,1196 ,73,5.0,5
6648,1050000,217000,Diesel,Individual,Manual,2.0,12.99,2494 ,100.6,8.0,8
6650,350000,29000,Petrol,Individual,Manual,1.0,23.1,998 ,67.04,5.0,6
6652,120000,120000,Petrol,Individual,Manual,3.0,18.9,1061 ,67,5.0,11
6653,819999,90000,Diesel,Individual,Manual,1.0,16.0,2179 ,140,7.0,6
6654,700000,30000,Petrol,Individual,Manual,1.0,18.6,1197 ,81.83,5.0,3
6655,451999,30000,Petrol,Individual,Automatic,2.0,23.1,998 ,67.04,5.0,3
6656,500000,56000,Petrol,Individual,Manual,3.0,18.9,1197 ,82,5.0,5
6657,1250000,90000,Diesel,Individual,Manual,1.0,12.99,2494 ,100.6,8.0,6
6658,500000,120000,Diesel,Individual,Manual,1.0,18.49,1493 ,100,7.0,6
6659,490000,60000,Diesel,Individual,Manual,1.0,25.2,1248 ,74,5.0,6
6660,200000,147000,Diesel,Individual,Manual,2.0,19.3,1248 ,73.9,5.0,13
6661,240000,35000,Petrol,Individual,Manual,1.0,18.9,998 ,67.1,5.0,9
6662,655000,19500,Petrol,Individual,Manual,1.0,18.6,1197 ,81.83,5.0,3
6663,620000,38426,Petrol,Individual,Manual,1.0,17.19,1197 ,81.86,5.0,3
6664,450000,35000,Petrol,Individual,Manual,2.0,20.4,1197 ,83.11,5.0,6
6665,310000,35000,Petrol,Individual,Manual,2.0,20.51,998 ,67.04,5.0,7
6666,150000,50000,Petrol,Individual,Manual,3.0,19.7,796 ,46.3,5.0,14
6667,180000,120000,Diesel,Individual,Manual,1.0,25.44,936 ,57.6,5.0,9
6668,150000,120000,Diesel,Individual,Manual,1.0,19.4,1405 ,70,5.0,10
6669,160000,112000,Diesel,Individual,Manual,2.0,20.0,1399 ,68,5.0,10
6670,600000,70000,Diesel,Individual,Manual,3.0,14.0,2523 ,75,8.0,8
6671,380000,145000,Diesel,Individual,Manual,1.0,20.5,1598 ,103.5,5.0,9
6672,120000,135000,Diesel,Individual,Manual,1.0,17.0,1405 ,70,5.0,14
6673,350000,500000,Diesel,Individual,Manual,2.0,12.99,2494 ,100.57,7.0,10
6674,135000,146000,Diesel,Individual,Manual,1.0,19.61,1405 ,70,5.0,9
6675,610000,10000,Petrol,Individual,Manual,1.0,18.9,1197 ,81.86,5.0,3
6676,260000,50000,Diesel,Individual,Manual,1.0,20.14,1498 ,88.5,5.0,1
6677,500000,25000,Petrol,Individual,Manual,1.0,20.14,1197 ,81.86,5.0,4
6678,220000,20000,Petrol,Individual,Manual,1.0,23.01,999 ,67,5.0,5
6679,121000,70000,Petrol,Individual,Manual,2.0,13.5,1799 ,130,5.0,15
6680,350000,50000,Diesel,Individual,Manual,1.0,25.0,1396 ,69.01,5.0,4
6681,2200000,25000,Diesel,Individual,Automatic,2.0,15.17,1968 ,181,5.0,3
6682,280000,100000,Diesel,Individual,Manual,2.0,23.0,1396 ,90,5.0,10
6683,919999,20000,Petrol,Individual,Manual,1.0,17.0,1198 ,108.5,5.0,1
6684,320000,155000,Diesel,Individual,Manual,1.0,23.0,1396 ,90,5.0,10
6685,140000,70000,Diesel,Individual,Manual,4.0,20.0,1399 ,68,5.0,9
6686,310000,25000,Diesel,Individual,Manual,2.0,21.5,1248 ,88.8,5.0,9
6687,65000,120000,Petrol,Individual,Manual,2.0,16.1,796 ,37,4.0,15
6688,300000,90000,Diesel,Individual,Manual,1.0,18.2,1248 ,73.8,7.0,8
6689,2711000,9000,Diesel,Dealer,Automatic,1.0,13.6,1999 ,177,5.0,4
6690,5150000,20000,Petrol,Dealer,Automatic,1.0,22.37,2487 ,214.56,5.0,2
6691,3200000,45000,Diesel,Dealer,Automatic,1.0,19.33,1999 ,177,5.0,4
6692,503000,110000,Diesel,Individual,Manual,1.0,14.1,2179 ,147.94,7.0,6
6693,3800000,20000,Diesel,Individual,Automatic,1.0,18.0,1969 ,190,5.0,2
6694,2000000,68089,Petrol,Trustmark Dealer,Automatic,1.0,19.16,2494 ,157.7,5.0,5
6695,225000,58343,Petrol,Trustmark Dealer,Manual,1.0,21.79,998 ,67.05,5.0,8
6696,740000,38817,Diesel,Dealer,Manual,1.0,27.39,1248 ,74,5.0,3
6697,550000,56494,Petrol,Trustmark Dealer,Manual,1.0,18.2,1199 ,88.7,5.0,5
6698,750000,79328,Diesel,Trustmark Dealer,Manual,2.0,12.99,2494 ,100.6,7.0,8
6699,650000,5621,Petrol,Trustmark Dealer,Automatic,1.0,22.0,1197 ,81.80,5.0,2
6700,625000,25538,Petrol,Trustmark Dealer,Manual,1.0,16.78,1496 ,88.73,5.0,4
6701,600000,69779,Petrol,Dealer,Automatic,1.0,22.0,1197 ,81.80,5.0,3
6702,450000,56290,Diesel,Dealer,Manual,1.0,24.0,1186 ,73.97,5.0,4
6703,5400000,7500,Diesel,Dealer,Automatic,1.0,16.78,1995 ,190,5.0,2
6704,5500000,8500,Diesel,Dealer,Automatic,1.0,16.78,1995 ,190,5.0,2
6705,779000,7032,Petrol,Trustmark Dealer,Automatic,1.0,19.0,1199 ,88.76,5.0,2
6706,645000,11000,Petrol,Dealer,Automatic,1.0,14.3,1598 ,103.5,5.0,5
6707,2475000,2000,Diesel,Dealer,Automatic,1.0,16.8,1984 ,150,5.0,3
6708,575000,110000,Diesel,Individual,Manual,2.0,15.1,2179 ,140,7.0,10
6709,440000,110000,Diesel,Individual,Manual,2.0,13.49,2179 ,138.03,5.0,7
6710,380000,100000,Diesel,Individual,Manual,2.0,22.9,1248 ,74,5.0,9
6711,140000,116700,Petrol,Individual,Manual,4.0,15.0,1368 ,90,5.0,11
6712,475000,25000,Diesel,Individual,Manual,1.0,22.95,1248 ,74,5.0,6
6713,200000,200000,Diesel,Individual,Manual,3.0,13.0,2489 ,95,8.0,10
6714,400000,176062,Diesel,Individual,Manual,1.0,17.8,1248 ,75,5.0,11
6715,425000,250000,Diesel,Individual,Manual,3.0,12.8,2494 ,102,8.0,13
6717,509999,82000,Diesel,Individual,Manual,1.0,25.8,1498 ,98.6,5.0,6
6718,275000,80000,Petrol,Individual,Manual,1.0,19.81,1086 ,68.05,5.0,11
6719,650000,40000,Diesel,Individual,Manual,2.0,18.2,1248 ,73.74,7.0,4
6720,1850000,14000,Diesel,Individual,Manual,1.0,17.1,1956 ,170,5.0,2
6721,650000,129000,Diesel,Individual,Manual,1.0,19.72,1461 ,108.45,5.0,7
6722,360000,60000,Diesel,Individual,Manual,2.0,20.5,1248 ,91.7,5.0,5
6723,650000,82000,Diesel,Individual,Automatic,1.0,21.73,1498 ,108.62,5.0,3
6724,2000000,77500,Diesel,Individual,Automatic,3.0,12.7,2179 ,187.7,5.0,8
6725,675000,50000,Diesel,Individual,Manual,2.0,18.2,1248 ,73.74,7.0,4
6726,50000,40000,Petrol,Individual,Manual,3.0,16.1,796 ,37,4.0,15
6727,445000,39500,Petrol,Individual,Manual,1.0,20.52,1197 ,81.80,5.0,4
6728,750000,40000,Diesel,Individual,Manual,1.0,22.54,1396 ,88.76,5.0,3
6729,425000,56000,Diesel,Individual,Manual,2.0,22.9,1248 ,74,5.0,9
6731,850000,54000,Diesel,Individual,Manual,1.0,22.54,1396 ,88.73,5.0,4
6732,400000,20000,Petrol,Individual,Manual,2.0,20.51,998 ,67.04,5.0,5
6733,200000,55896,Diesel,Individual,Manual,2.0,25.0,1396 ,69,5.0,7
6734,550000,35000,Diesel,Individual,Manual,1.0,25.8,1498 ,98.6,5.0,5
6735,250000,97000,Petrol,Individual,Manual,2.0,19.4,1198 ,86.8,5.0,9
6736,206000,120000,Petrol,Individual,Manual,2.0,22.74,796 ,47.3,5.0,7
6737,290000,50000,Petrol,Individual,Manual,1.0,21.1,814 ,55.2,5.0,7
6738,45000,30400,Petrol,Individual,Manual,4.0,26.0,624 ,35,4.0,11
6739,1200000,15000,Diesel,Individual,Manual,1.0,20.0,1497 ,115,5.0,2
6740,220000,110000,Diesel,Individual,Manual,3.0,21.64,1461 ,84.8,5.0,9
6741,515000,120000,Diesel,Individual,Automatic,2.0,14.84,2143 ,170,5.0,13
6742,170000,100000,Petrol,Individual,Manual,1.0,19.7,796 ,46.3,5.0,11
6743,260000,120000,Diesel,Individual,Manual,2.0,17.8,1248 ,75,5.0,11
6744,315000,130000,Diesel,Individual,Manual,2.0,20.54,1598 ,103.6,5.0,9
6745,225000,76000,Petrol,Individual,Manual,2.0,20.92,998 ,67.1,5.0,10
6746,420000,110000,Diesel,Individual,Manual,3.0,19.33,1968 ,138.1,5.0,9
6747,525000,96000,Diesel,Individual,Manual,1.0,12.05,2179 ,120,8.0,10
6748,670000,90000,Diesel,Individual,Automatic,1.0,28.4,1248 ,74,5.0,3
6749,220000,110000,Diesel,Individual,Manual,3.0,21.64,1461 ,84.8,5.0,9
6750,250000,25000,Diesel,Individual,Manual,1.0,20.0,1399 ,68.1,5.0,8
6751,229999,90000,Diesel,Individual,Manual,2.0,19.3,1248 ,73.9,5.0,12
6752,229999,164000,Diesel,Individual,Manual,2.0,19.3,1248 ,73.9,5.0,12
6753,300000,120000,Petrol,Individual,Manual,2.0,18.0,1198 ,86.7,5.0,8
6754,165000,66000,Petrol,Individual,Manual,2.0,19.0,998 ,66.1,5.0,11
6755,295000,250000,Diesel,Individual,Manual,1.0,13.93,2179 ,138,7.0,11
6756,360000,157000,Diesel,Individual,Manual,2.0,22.32,1582 ,126.3,5.0,10
6757,380000,157000,Diesel,Individual,Manual,2.0,22.32,1582 ,126.3,5.0,10
6758,300000,35000,Petrol,Individual,Manual,1.0,23.01,999 ,67,5.0,4
6759,320000,100000,Diesel,Individual,Manual,2.0,12.7,2609 ,116.6,9.0,13
6760,325000,70000,Petrol,Individual,Manual,2.0,19.44,1198 ,67,7.0,5
6761,160000,30000,Diesel,Individual,Manual,2.0,21.12,1248 ,88.8,5.0,11
6762,630000,40000,Diesel,Individual,Manual,1.0,16.5,1493 ,70,7.0,3
6763,600000,5000,Petrol,Individual,Manual,1.0,21.21,1197 ,81.80,5.0,1
6764,229999,30000,Petrol,Individual,Manual,2.0,22.74,796 ,47.3,5.0,7
6765,440000,70000,Diesel,Individual,Manual,2.0,22.9,1248 ,74,5.0,7
6766,90000,60000,Petrol,Individual,Manual,2.0,18.0,995 ,62,5.0,14
6767,750000,60000,Diesel,Individual,Manual,1.0,28.09,1248 ,88.5,5.0,4
6768,330000,80000,Petrol,Individual,Manual,2.0,16.8,1497 ,116.3,5.0,9
6769,715000,70000,Diesel,Individual,Manual,2.0,28.09,1248 ,88.5,5.0,5
6770,250000,150000,Diesel,Individual,Manual,2.0,20.86,1199 ,75,5.0,8
6771,120000,150000,Petrol,Individual,Manual,2.0,18.2,1061 ,64,5.0,14
6772,100000,25000,Petrol,Individual,Manual,3.0,14.2,1597 ,92,5.0,17
6773,850000,35000,Diesel,Individual,Automatic,2.0,21.72,1498 ,108.6,5.0,4
6774,450000,48000,Diesel,Individual,Manual,1.0,25.4,1186 ,73.97,5.0,3
6775,240000,200000,Diesel,Individual,Manual,1.0,22.07,1199 ,73.9,5.0,9
6777,600000,135000,Diesel,Individual,Manual,1.0,26.59,1248 ,74,5.0,6
6778,280000,110000,Diesel,Individual,Manual,2.0,18.2,1248 ,73.74,7.0,5
6779,465000,146000,Diesel,Individual,Manual,2.0,22.32,1582 ,126.32,5.0,9
6780,350000,44000,Petrol,Individual,Manual,1.0,24.7,796 ,47.3,5.0,3
6781,325000,70000,Petrol,Individual,Manual,1.0,20.36,1197 ,78.9,5.0,8
6782,50000,271000,Diesel,Individual,Manual,1.0,16.8,1405 ,62,5.0,17
6783,110000,120000,Petrol,Individual,Manual,3.0,19.7,796 ,46.3,5.0,15
6784,220000,80000,Diesel,Individual,Manual,1.0,23.03,1396 ,69,5.0,8
6785,515000,60000,Diesel,Individual,Manual,1.0,15.96,2523 ,62.1,7.0,6
6786,750000,40000,Petrol,Individual,Manual,1.0,20.73,1373 ,91.1,5.0,3
6787,350000,25000,Petrol,Individual,Manual,1.0,21.1,814 ,55.2,5.0,3
6788,488999,15000,Petrol,Individual,Manual,1.0,18.9,1197 ,81.86,5.0,2
6789,300000,27000,Petrol,Individual,Manual,1.0,24.7,796 ,47.3,5.0,4
6790,650000,35000,Diesel,Individual,Manual,2.0,27.39,1248 ,74,5.0,4
6791,250000,40000,Petrol,Individual,Manual,1.0,19.0,998 ,66.1,5.0,7
6792,200000,40000,Petrol,Individual,Manual,3.0,22.74,796 ,47.3,5.0,7
6793,950000,75262,Diesel,Individual,Manual,1.0,15.4,2179 ,120,7.0,6
6794,200000,120000,Diesel,Individual,Manual,1.0,23.03,1396 ,69,5.0,9
6795,276000,60000,Petrol,Individual,Manual,1.0,20.3,998 ,68.05,5.0,5
6796,250000,40000,Petrol,Individual,Manual,1.0,21.1,814 ,55.2,5.0,7
6797,95000,80000,Petrol,Individual,Manual,2.0,19.7,796 ,46.3,5.0,13
6798,200000,70000,Diesel,Individual,Manual,2.0,23.57,1396 ,70,5.0,10
6799,450000,100000,Diesel,Individual,Manual,2.0,22.32,1582 ,126.32,5.0,9
6800,900000,18000,Diesel,Individual,Manual,1.0,15.1,2179 ,140,7.0,8
6801,200000,175000,Diesel,Individual,Manual,1.0,19.09,1396 ,69,5.0,11
6802,200000,70000,Petrol,Individual,Manual,2.0,20.36,1197 ,78.9,5.0,11
6803,370000,91863,Diesel,Individual,Manual,2.0,15.96,2523 ,62.1,7.0,10
6804,250000,100000,Petrol,Individual,Manual,1.0,15.2,1193 ,65,5.0,13
6805,290000,10000,Petrol,Individual,Manual,1.0,25.17,799 ,53.3,5.0,5
6806,900000,35000,Diesel,Individual,Manual,1.0,24.52,1248 ,88.5,7.0,3
6807,325000,120000,Diesel,Individual,Manual,2.0,20.0,1399 ,68.1,5.0,8
6808,425000,30000,Petrol,Individual,Manual,1.0,18.9,1197 ,82,5.0,5
6809,315000,60000,Petrol,Individual,Manual,1.0,25.17,799 ,53.3,5.0,5
6810,300000,70000,Petrol,Individual,Manual,1.0,23.95,998 ,67.05,5.0,7
6811,325000,70000,Petrol,Individual,Manual,2.0,20.36,1197 ,78.9,5.0,8
6812,900000,130000,Diesel,Individual,Manual,1.0,21.38,1396 ,88.7,5.0,5
6813,950000,133000,Diesel,Individual,Manual,1.0,21.38,1396 ,88.7,5.0,5
6814,320000,120000,Diesel,Individual,Manual,3.0,20.54,1598 ,103.6,5.0,11
6815,500000,20000,Petrol,Individual,Manual,1.0,19.44,999 ,75,5.0,2
6816,290000,25000,Petrol,Individual,Manual,1.0,15.6,1196 ,70,5.0,9
6817,60000,90000,Petrol,Individual,Manual,1.0,25.4,624 ,37.48,4.0,9
6818,120000,140000,Petrol,Individual,Manual,3.0,19.0,998 ,66.1,5.0,12
6819,850000,103000,Diesel,Dealer,Manual,1.0,25.6,1498 ,97.9,5.0,4
6820,1750000,23000,Diesel,Dealer,Manual,1.0,13.68,2393 ,147.8,7.0,4
6821,600000,128000,Diesel,Dealer,Manual,1.0,26.0,1498 ,98.6,5.0,6
6822,620000,33000,Diesel,Individual,Manual,1.0,20.14,1498 ,88.8,5.0,6
6823,150000,70000,Petrol,Individual,Manual,2.0,19.7,796 ,46.3,5.0,12
6824,150000,40000,Petrol,Individual,Manual,4.0,0.0,1086 ,62,5.0,10
6825,135000,40000,Petrol,Individual,Manual,4.0,12.85,1396 ,99.6,5.0,13
6826,200000,80000,Diesel,Individual,Manual,1.0,17.0,1405 ,71,5.0,10
6827,730000,70000,Diesel,Individual,Manual,1.0,26.21,1248 ,88.5,5.0,6
6828,800000,100000,Diesel,Individual,Manual,1.0,12.99,2494 ,100.6,8.0,8
6829,300000,90000,Diesel,Individual,Manual,2.0,14.0,2498 ,112,8.0,12
6830,190000,112000,Diesel,Individual,Manual,2.0,20.0,1399 ,68,5.0,9
6831,350000,50000,Petrol,Individual,Manual,1.0,15.5,1799 ,132,5.0,10
6832,509999,62000,Diesel,Individual,Manual,2.0,24.4,1120 ,71,5.0,6
6833,400000,90000,Diesel,Individual,Manual,1.0,20.77,1248 ,88.76,7.0,9
6834,800000,80000,Diesel,Individual,Manual,1.0,12.99,2494 ,100,7.0,8
6835,250000,50000,Diesel,Individual,Manual,1.0,21.02,1248 ,88.8,5.0,8
6836,930000,47552,Diesel,Individual,Manual,2.0,19.67,1582 ,126.2,5.0,5
6837,720000,40000,Diesel,Individual,Manual,2.0,24.3,1248 ,88.5,5.0,5
6838,225000,15000,Petrol,Individual,Manual,1.0,15.6,1196 ,70,5.0,10
6839,950000,20000,Diesel,Individual,Manual,1.0,23.0,1498 ,98.96,5.0,2
6840,530000,52000,Petrol,Individual,Manual,1.0,17.19,1197 ,81.86,5.0,3
6841,470000,70000,Petrol,Individual,Manual,1.0,18.6,1197 ,81.83,5.0,5
6842,650000,110000,Diesel,Individual,Manual,1.0,15.96,2523 ,63,9.0,4
6843,540000,77500,Diesel,Individual,Manual,2.0,14.0,2179 ,138.1,7.0,7
6844,459999,100000,Diesel,Individual,Manual,2.0,25.2,1248 ,74,5.0,6
6845,325000,14700,Petrol,Individual,Manual,1.0,25.17,799 ,53.3,5.0,2
6846,240000,40000,Petrol,Individual,Manual,1.0,16.8,796 ,34.2,5.0,5
6847,400000,32000,Petrol,Individual,Manual,2.0,18.15,1198 ,82,6.0,4
6848,70000,70000,Petrol,Individual,Manual,2.0,19.7,796 ,46.3,5.0,17
6849,250000,80000,Petrol,Individual,Manual,1.0,17.5,1298 ,85.8,5.0,12
6850,910000,80000,Diesel,Individual,Manual,2.0,12.99,2494 ,100.6,8.0,7
6851,720000,25000,Diesel,Individual,Manual,1.0,28.4,1248 ,74.02,5.0,3
6852,590000,50000,Diesel,Individual,Manual,1.0,26.59,1248 ,74,5.0,6
6853,434000,120000,Diesel,Individual,Manual,1.0,13.58,2499 ,72.4,10.0,6
6854,145000,170000,Diesel,Individual,Manual,1.0,13.6,2523 ,63,7.0,15
6855,445000,19700,Petrol,Individual,Manual,1.0,18.15,1198 ,82,5.0,3
6856,191000,70000,LPG,Individual,Manual,1.0,13.45,1086 ,62.1,5.0,10
6857,372000,50000,Diesel,Individual,Manual,4.0,25.83,1498 ,99,5.0,3
6858,65000,90000,Petrol,Individual,Manual,2.0,18.9,998 ,67.1,5.0,16
6860,300000,140000,Diesel,Individual,Manual,1.0,20.0,1399 ,68.05,5.0,6
6861,125000,120000,Diesel,Individual,Manual,3.0,12.7,2609 ,116.6,8.0,18
6862,520000,40000,Petrol,Individual,Manual,1.0,20.3,1199 ,84,5.0,4
6863,190000,70000,Petrol,Individual,Manual,3.0,22.74,796 ,47.3,5.0,7
6864,310000,7000,Petrol,Individual,Manual,1.0,22.5,999 ,67,5.0,3
6865,750000,90000,Diesel,Individual,Manual,1.0,12.8,2494 ,102,8.0,9
6866,750000,110000,Diesel,Individual,Automatic,1.0,18.49,1493 ,100,7.0,5
6867,350000,15000,Petrol,Individual,Manual,1.0,23.95,998 ,67.05,5.0,2
6868,360000,5000,Petrol,Individual,Manual,1.0,22.05,796 ,47.3,5.0,1
6869,285000,5000,Petrol,Individual,Manual,1.0,25.17,799 ,53.3,5.0,4
6870,160000,70000,Petrol,Individual,Manual,2.0,22.74,796 ,47.3,5.0,8
6871,229999,60000,Petrol,Individual,Manual,2.0,19.44,1198 ,67,7.0,6
6872,85000,120000,Petrol,Individual,Manual,3.0,19.7,796 ,46.3,5.0,14
6873,300000,7000,Petrol,Individual,Manual,1.0,22.5,999 ,67,5.0,3
6874,675000,120000,Diesel,Individual,Manual,1.0,12.05,2179 ,120,7.0,7
6875,700000,145241,Diesel,Individual,Manual,1.0,12.05,2179 ,120,7.0,7
6876,400000,110000,Diesel,Individual,Manual,1.0,12.7,2609 ,116.6,8.0,13
6877,254999,30000,Petrol,Individual,Manual,3.0,25.17,799 ,53.3,5.0,5
6878,1050000,80000,Diesel,Individual,Manual,2.0,15.4,2179 ,120,7.0,6
6879,390000,100000,Diesel,Individual,Manual,1.0,23.4,1248 ,74,5.0,8
6880,450000,80000,Diesel,Individual,Manual,1.0,23.59,1364 ,67.04,5.0,6
6881,1630000,40000,Diesel,Individual,Automatic,2.0,11.36,2755 ,171.5,7.0,5
6882,725000,50000,Diesel,Individual,Manual,1.0,24.3,1248 ,88.5,5.0,4
6883,466000,95500,Diesel,Individual,Manual,2.0,14.0,2179 ,138.1,7.0,8
6884,370000,40000,Petrol,Individual,Manual,2.0,18.16,1196 ,86.8,5.0,4
6885,150000,70000,Petrol,Individual,Manual,3.0,18.2,1061 ,64,5.0,14
6886,483000,15000,Petrol,Individual,Manual,1.0,23.1,998 ,67.04,5.0,4
6887,470000,10000,Petrol,Individual,Manual,1.0,18.9,1197 ,82,5.0,5
6888,950000,25000,Diesel,Individual,Manual,1.0,24.3,1248 ,88.5,5.0,3
6889,450000,50000,Petrol,Individual,Manual,3.0,17.01,1591 ,121.3,5.0,8
6890,345000,70000,Petrol,Individual,Manual,1.0,17.6,1496 ,88.7,5.0,10
6891,300000,60000,Petrol,Individual,Manual,1.0,19.0,998 ,66.1,5.0,12
6892,160000,74800,Petrol,Individual,Manual,2.0,18.2,998 ,67.1,5.0,14
6893,120000,80000,Petrol,Individual,Manual,2.0,16.1,796 ,37,4.0,17
6894,500000,40000,Petrol,Individual,Manual,1.0,17.57,1193 ,88.7,5.0,1
6895,1350000,40000,Diesel,Individual,Manual,1.0,16.0,2179 ,138,7.0,3
6896,455000,50000,Diesel,Individual,Manual,1.0,24.0,1186 ,73.97,5.0,4
6897,165000,45000,Petrol,Individual,Manual,2.0,21.1,814 ,55.2,5.0,8
6898,470000,23700,Petrol,Individual,Manual,1.0,20.4,1197 ,81.80,5.0,5
6899,470000,23700,Petrol,Individual,Manual,1.0,20.4,1197 ,81.80,5.0,5
6900,1520000,10000,Petrol,Individual,Manual,1.0,16.0,1368 ,160,5.0,2
6901,229999,53473,Petrol,Individual,Manual,1.0,23.95,998 ,67.05,5.0,7
6902,250000,100000,Diesel,Individual,Manual,2.0,15.96,2523 ,63,9.0,10
6903,1350000,25000,Diesel,Individual,Manual,1.0,16.0,2179 ,140,7.0,5
6904,220000,80000,Petrol,Individual,Manual,1.0,17.92,1086 ,62.1,5.0,8
6905,360000,120000,Diesel,Individual,Manual,1.0,24.4,1120 ,71,5.0,6
6906,350000,40000,Petrol,Individual,Manual,1.0,23.95,998 ,67.05,5.0,3
6907,500000,70000,Diesel,Individual,Manual,1.0,22.32,1582 ,126.32,5.0,9
6908,145000,90000,Diesel,Individual,Manual,3.0,25.44,936 ,57.6,5.0,8
6909,300000,51000,Petrol,Individual,Manual,1.0,18.2,1199 ,82.5,5.0,7
6911,180000,87000,Petrol,Individual,Manual,2.0,13.2,1495 ,94,5.0,12
6913,530000,40000,Diesel,Individual,Manual,1.0,23.4,1248 ,74,5.0,8
6914,620000,90000,Diesel,Individual,Manual,2.0,19.01,1461 ,108.45,5.0,7
6915,360000,110000,Petrol,Individual,Manual,3.0,16.78,1496 ,88.73,5.0,6
6916,245000,86000,Petrol,Individual,Manual,2.0,17.92,1086 ,62.1,5.0,11
6918,130000,80000,Petrol,Individual,Manual,3.0,14.2,1597 ,92,5.0,18
6919,70000,65000,Petrol,Individual,Manual,4.0,15.9,1298 ,85,5.0,22
6920,70000,70000,Petrol,Individual,Manual,4.0,15.9,1298 ,85,5.0,22
6921,650000,140000,Diesel,Individual,Manual,2.0,25.01,1498 ,89.75,5.0,7
6922,610000,18000,Petrol,Individual,Manual,1.0,21.21,1197 ,81.80,5.0,2
6923,300000,24000,Petrol,Individual,Manual,1.0,23.95,998 ,67.05,5.0,6
6924,425000,60000,Diesel,Individual,Manual,1.0,24.0,1120 ,70,5.0,7
6925,450000,150000,Diesel,Individual,Manual,3.0,22.32,1582 ,126.32,5.0,9
6926,450000,108000,Diesel,Individual,Manual,1.0,22.32,1582 ,126.3,5.0,10
6927,340000,60000,Petrol,Individual,Automatic,3.0,16.95,1197 ,78.9,5.0,10
6928,650000,90000,Diesel,Individual,Manual,1.0,20.77,1248 ,88.76,7.0,8
6929,160000,70000,Diesel,Individual,Manual,1.0,19.09,1396 ,69,5.0,12
6930,250000,120000,Diesel,Individual,Manual,1.0,19.1,1405 ,70,5.0,7
6931,225000,100000,Diesel,Individual,Manual,3.0,25.44,936 ,57.6,5.0,9
6932,55000,75958,Diesel,Individual,Manual,2.0,17.88,1396 ,52.8,5.0,14
6933,42000,70000,Petrol,Individual,Manual,3.0,16.1,796 ,37,4.0,25
6935,282000,128000,Diesel,Individual,Manual,4.0,12.6,1991 ,112,7.0,15
6936,80000,110000,Diesel,Individual,Manual,3.0,16.8,1405 ,62,5.0,14
6937,500000,40000,Petrol,Individual,Manual,1.0,20.85,1197 ,83.14,5.0,5
6938,500000,70000,Diesel,Individual,Manual,1.0,25.83,1498 ,99,5.0,5
6939,400000,60000,Diesel,Individual,Manual,1.0,22.9,1248 ,74,5.0,10
6940,550000,90000,Diesel,Individual,Manual,1.0,15.96,2523 ,62.1,7.0,8
6941,200000,70000,Diesel,Individual,Manual,2.0,13.93,2179 ,138.1,7.0,14
6942,280000,65000,Petrol,Individual,Manual,1.0,20.36,1197 ,78.9,5.0,9
6943,580000,88000,Diesel,Individual,Manual,1.0,23.4,1248 ,74,5.0,7
6944,100000,80000,Diesel,Individual,Manual,3.0,18.8,1248 ,90,5.0,12
6945,550000,60000,Diesel,Individual,Manual,1.0,14.0,2523 ,75,8.0,7
6946,700000,38000,Diesel,Individual,Manual,1.0,18.49,1493 ,100,7.0,4
6947,150000,80000,Petrol,Individual,Manual,3.0,15.0,1368 ,90,5.0,11
6948,190000,60000,Petrol,Individual,Manual,2.0,21.1,814 ,55.2,5.0,7
6949,500000,110000,Diesel,Individual,Manual,1.0,15.96,2523 ,62.1,7.0,8
6950,640000,110000,Diesel,Individual,Manual,1.0,25.2,1248 ,74,5.0,4
6951,340000,145000,Diesel,Individual,Manual,1.0,20.86,1199 ,75,5.0,10
6952,811000,43000,Diesel,Individual,Manual,1.0,22.54,1396 ,88.76,5.0,2
6953,409999,120000,Diesel,Individual,Manual,1.0,23.2,1248 ,73.94,5.0,5
6954,220000,136000,Petrol,Individual,Manual,2.0,16.1,1298 ,88.2,5.0,14
6955,170000,120000,Diesel,Individual,Manual,2.0,17.88,1405 ,48.21,5.0,8
6956,700000,25000,Petrol,Individual,Manual,1.0,18.6,1197 ,81.86,5.0,3
6957,950000,80000,Diesel,Individual,Manual,2.0,15.4,2179 ,120,7.0,6
6958,80000,40000,Petrol,Individual,Manual,2.0,14.4,1599 ,94,5.0,18
6959,2711000,9000,Diesel,Dealer,Automatic,1.0,13.6,1999 ,177,5.0,4
6960,5150000,20000,Petrol,Dealer,Automatic,1.0,22.37,2487 ,214.56,5.0,2
6961,3200000,45000,Diesel,Dealer,Automatic,1.0,19.33,1999 ,177,5.0,4
6962,503000,110000,Diesel,Individual,Manual,1.0,14.1,2179 ,147.94,7.0,6
6963,3800000,20000,Diesel,Individual,Automatic,1.0,18.0,1969 ,190,5.0,2
6964,2000000,68089,Petrol,Trustmark Dealer,Automatic,1.0,19.16,2494 ,157.7,5.0,5
6965,225000,58343,Petrol,Trustmark Dealer,Manual,1.0,21.79,998 ,67.05,5.0,8
6966,740000,38817,Diesel,Dealer,Manual,1.0,27.39,1248 ,74,5.0,3
6967,550000,56494,Petrol,Trustmark Dealer,Manual,1.0,18.2,1199 ,88.7,5.0,5
6968,750000,79328,Diesel,Trustmark Dealer,Manual,2.0,12.99,2494 ,100.6,7.0,8
6969,650000,5621,Petrol,Trustmark Dealer,Automatic,1.0,22.0,1197 ,81.80,5.0,2
6970,625000,25538,Petrol,Trustmark Dealer,Manual,1.0,16.78,1496 ,88.73,5.0,4
6971,600000,69779,Petrol,Dealer,Automatic,1.0,22.0,1197 ,81.80,5.0,3
6972,450000,56290,Diesel,Dealer,Manual,1.0,24.0,1186 ,73.97,5.0,4
6973,5400000,7500,Diesel,Dealer,Automatic,1.0,16.78,1995 ,190,5.0,2
6974,5500000,8500,Diesel,Dealer,Automatic,1.0,16.78,1995 ,190,5.0,2
6975,779000,7032,Petrol,Trustmark Dealer,Automatic,1.0,19.0,1199 ,88.76,5.0,2
6976,645000,11000,Petrol,Dealer,Automatic,1.0,14.3,1598 ,103.5,5.0,5
6977,2475000,2000,Diesel,Dealer,Automatic,1.0,16.8,1984 ,150,5.0,3
6978,420000,120000,Diesel,Individual,Manual,2.0,23.4,1248 ,74,5.0,7
6979,899000,35000,Diesel,Individual,Manual,1.0,25.1,1248 ,88.5,5.0,3
6980,459999,35000,Petrol,Individual,Manual,1.0,19.83,1198 ,67,5.0,2
6981,150000,120000,Diesel,Individual,Manual,2.0,18.1,1493 ,110,5.0,13
6982,350000,25000,Petrol,Individual,Manual,1.0,23.01,999 ,67,5.0,4
6983,509999,100000,Diesel,Individual,Manual,2.0,23.59,1364 ,67.05,5.0,6
6984,500000,120000,Diesel,Individual,Manual,3.0,15.96,2523 ,62.1,9.0,8
6985,370000,35000,Petrol,Individual,Manual,1.0,17.57,1193 ,88.7,5.0,4
6986,240000,44000,Petrol,Individual,Manual,2.0,20.92,998 ,67.1,5.0,8
6987,530000,100000,Diesel,Individual,Manual,2.0,22.54,1396 ,88.73,5.0,6
6988,1000000,133000,Diesel,Individual,Manual,2.0,15.4,2179 ,120,7.0,6
6989,1600000,35000,Diesel,Individual,Manual,2.0,13.68,2393 ,147.8,7.0,3
6990,350000,64000,Petrol,Individual,Manual,1.0,20.36,1197 ,78.9,5.0,7
6991,1100000,70000,Diesel,Individual,Automatic,1.0,16.0,2179 ,140,7.0,6
6992,220000,70000,Petrol,Individual,Manual,1.0,18.5,1197 ,80,5.0,10
6993,350000,100000,Petrol,Individual,Manual,1.0,18.9,1197 ,82,5.0,6
6994,370000,90000,Diesel,Individual,Manual,2.0,22.9,1248 ,74,5.0,8
6995,220000,50000,Petrol,Individual,Manual,1.0,17.5,1298 ,85.8,5.0,7
6996,200000,80000,Diesel,Individual,Manual,1.0,22.1,1248 ,76.9,5.0,8
6997,400000,50000,Diesel,Individual,Manual,1.0,25.32,1198 ,77,6.0,4
6998,150000,55000,Petrol,Individual,Manual,1.0,14.6,1368 ,88.7,5.0,12
6999,1500000,40000,Petrol,Individual,Automatic,1.0,10.75,2694 ,163.7,8.0,1
7000,130000,70000,Petrol,Individual,Manual,2.0,14.0,796 ,35,5.0,10
7001,185000,80000,Petrol,Individual,Manual,2.0,22.74,796 ,47.3,5.0,8
7002,110000,80000,Petrol,Individual,Manual,2.0,0.0,1086 ,62.1,5.0,11
7003,450000,120000,Diesel,Individual,Manual,1.0,15.96,2523 ,62.1,7.0,9
7004,500000,20000,Petrol,Individual,Manual,2.0,18.9,1197 ,81.86,5.0,3
7005,570000,31596,Petrol,Dealer,Manual,1.0,17.0,1497 ,121.36,5.0,4
7006,650000,85710,Diesel,Dealer,Manual,1.0,15.1,2179 ,140,7.0,8
7007,1680000,129627,Diesel,Dealer,Manual,1.0,11.5,2982 ,171,7.0,9
7008,250000,10000,Petrol,Individual,Manual,1.0,22.7,799 ,53.64,5.0,3
7009,320000,15000,Petrol,Individual,Manual,1.0,20.36,1197 ,78.9,5.0,7
7010,440000,35000,Petrol,Individual,Automatic,1.0,20.51,998 ,67,5.0,4
7011,315000,49000,Petrol,Individual,Manual,2.0,18.5,1197 ,82.85,5.0,8
7013,202999,158000,Diesel,Individual,Manual,1.0,18.8,1248 ,90,5.0,11
7014,179000,30000,Petrol,Individual,Manual,2.0,21.1,814 ,55.2,5.0,9
7015,140000,60000,Petrol,Individual,Manual,2.0,20.36,1197 ,78.9,5.0,13
7016,150000,40000,Petrol,Individual,Manual,2.0,18.2,1061 ,64,5.0,13
7017,440000,60000,Diesel,Individual,Manual,2.0,13.6,2523 ,63,7.0,10
7018,250000,55130,Diesel,Dealer,Manual,2.0,20.0,1399 ,68,5.0,10
7019,330000,22000,Petrol,Individual,Manual,1.0,20.51,998 ,67.04,5.0,7
7020,250000,48000,Petrol,Individual,Manual,1.0,15.6,1196 ,70,5.0,11
7021,335000,45000,Petrol,Individual,Manual,1.0,18.5,1197 ,82.85,5.0,9
7022,1025000,22522,Diesel,Dealer,Manual,1.0,16.0,2179 ,140,7.0,5
7023,320000,51856,Petrol,Dealer,Manual,3.0,18.5,1197 ,80,5.0,9
7024,550000,29434,Petrol,Individual,Manual,1.0,20.73,1373 ,91.1,5.0,6
7025,800000,25000,Diesel,Individual,Manual,1.0,25.5,1498 ,98.6,5.0,3
7026,380000,28000,Petrol,Individual,Manual,2.0,23.84,1199 ,84,5.0,4
7027,400000,44500,Diesel,Individual,Manual,2.0,20.46,1461 ,83.8,5.0,8
7028,375000,34500,Petrol,Individual,Manual,1.0,20.51,998 ,67.04,5.0,5
7029,1100000,20000,Petrol,Individual,Automatic,1.0,18.0,1497 ,117.6,5.0,4
7030,650000,15000,Petrol,Individual,Manual,1.0,18.6,1197 ,81.83,5.0,3
7031,361000,26000,Petrol,Individual,Automatic,1.0,19.34,1198 ,76,5.0,7
7032,140000,20000,Petrol,Individual,Manual,1.0,21.1,814 ,55.2,5.0,9
7033,550000,3000,Petrol,Individual,Manual,1.0,20.14,1197 ,81.86,5.0,2
7034,670000,20000,Petrol,Individual,Manual,1.0,19.5,1199 ,88.76,5.0,2
7035,880000,25000,Diesel,Individual,Manual,1.0,24.3,1248 ,88.5,5.0,4
7036,950000,35000,Diesel,Individual,Manual,1.0,23.0,1498 ,98.96,5.0,3
7037,300000,60000,Diesel,Individual,Manual,1.0,18.3,1991 ,147.9,5.0,11
7038,1150000,6825,Petrol,Individual,Automatic,1.0,18.0,1497 ,117.6,5.0,4
7039,450000,155000,Diesel,Individual,Automatic,1.0,14.81,1998 ,163.7,5.0,6
7040,375000,50000,CNG,Individual,Manual,1.0,21.94,1196 ,61.7,5.0,3
7041,600000,13500,Petrol,Individual,Manual,1.0,17.5,1373 ,91.1,7.0,5
7042,700000,260000,Diesel,Individual,Manual,1.0,12.8,2494 ,102,8.0,13
7043,600000,65000,Diesel,Individual,Manual,1.0,25.4,1186 ,73.97,5.0,3
7044,630000,95000,Diesel,Individual,Manual,2.0,14.02,2179 ,118.3,8.0,7
7045,590000,40000,Petrol,Individual,Manual,2.0,20.73,1373 ,91.1,5.0,5
7046,420000,30000,Petrol,Individual,Manual,1.0,20.3,1086 ,68,5.0,2
7047,1950000,120000,Diesel,Individual,Manual,1.0,13.5,2477 ,175.56,7.0,5
7048,541000,112011,Diesel,Individual,Manual,1.0,13.93,2179 ,138.1,7.0,8
7049,900000,125000,Diesel,Individual,Manual,1.0,12.99,2494 ,100.6,7.0,6
7050,900000,125000,Diesel,Individual,Manual,1.0,12.99,2494 ,100.6,7.0,6
7051,250000,43000,Diesel,Individual,Manual,1.0,18.8,1248 ,90,5.0,12
7052,670000,53534,Diesel,Individual,Manual,1.0,15.96,2523 ,62.1,7.0,2
7053,530000,20000,Petrol,Individual,Manual,1.0,20.3,1199 ,83.81,5.0,2
7054,150000,70000,Diesel,Individual,Manual,2.0,25.44,936 ,57.6,5.0,9
7055,550000,70000,Diesel,Individual,Manual,3.0,15.1,2179 ,140,7.0,8
7056,650000,150000,Diesel,Individual,Manual,1.0,15.4,1997 ,120,7.0,6
7057,180000,100000,Diesel,Individual,Manual,2.0,19.4,1405 ,70,5.0,9
7058,585000,50000,Diesel,Individual,Manual,1.0,16.55,2498 ,105,7.0,6
7059,345000,120000,Petrol,Individual,Manual,2.0,18.5,1197 ,82.85,5.0,8
7060,350000,110000,Diesel,Individual,Manual,3.0,22.9,1248 ,74,5.0,8
7061,725000,140000,Petrol,Individual,Manual,1.0,15.4,1497 ,117.3,7.0,5
7062,250000,120000,Diesel,Individual,Manual,1.0,15.42,1405 ,70,7.0,9
7063,45000,70000,Petrol,Individual,Manual,2.0,16.1,796 ,37,4.0,19
7064,409999,248119,Diesel,Individual,Manual,4.0,12.8,2494 ,102,8.0,14
7065,325000,16500,Petrol,Individual,Manual,2.0,23.01,999 ,67,5.0,4
7066,350000,9900,Petrol,Individual,Manual,1.0,23.95,998 ,67.05,5.0,5
7067,180000,80000,Petrol,Individual,Manual,3.0,19.7,796 ,46.3,5.0,9
7068,150000,100000,Petrol,Individual,Manual,2.0,16.0,1368 ,90,5.0,11
7069,700000,20000,Petrol,Individual,Manual,1.0,23.26,1197 ,88.50,5.0,1
7070,795000,90000,Diesel,Individual,Manual,1.0,28.09,1248 ,88.5,5.0,5
7071,950000,15000,Diesel,Individual,Manual,1.0,16.55,2498 ,105,6.0,2
7072,885000,75000,Diesel,Individual,Automatic,1.0,21.5,1498 ,108.5,5.0,3
7073,160000,140000,Diesel,Individual,Manual,1.0,21.1,1248 ,73.9,5.0,10
7074,300000,120000,Diesel,Individual,Manual,2.0,23.0,1396 ,90,5.0,9
7075,950000,75000,Diesel,Individual,Automatic,1.0,21.5,1498 ,108.5,5.0,3
7076,549000,90000,Diesel,Individual,Manual,1.0,20.77,1248 ,88.76,7.0,6
7077,3000000,20000,Diesel,Individual,Automatic,1.0,20.38,1968 ,143,5.0,3
7078,1200000,61000,Diesel,Individual,Manual,1.0,12.99,2494 ,100.6,7.0,6
7079,570000,100000,Diesel,Individual,Manual,2.0,21.8,1461 ,78,5.0,9
7080,800000,60000,Diesel,Individual,Manual,2.0,16.55,2498 ,105,6.0,4
7081,375000,100000,Diesel,Individual,Manual,1.0,18.1,1493 ,110,5.0,12
7082,300000,170000,Diesel,Individual,Manual,3.0,13.6,2523 ,63,7.0,12
7083,350000,100000,Petrol,Individual,Manual,2.0,16.78,1496 ,88.73,5.0,8
7084,400000,120000,Diesel,Individual,Manual,2.0,13.6,2523 ,63,7.0,10
7085,434999,50000,Diesel,Individual,Manual,1.0,20.14,1498 ,88.8,5.0,6
7087,260000,25000,Petrol,Individual,Manual,1.0,22.74,796 ,47.3,5.0,6
7088,450000,24019,Diesel,Individual,Manual,1.0,22.9,1248 ,74,5.0,8
7089,459999,80000,Diesel,Individual,Manual,2.0,22.32,1582 ,126.32,5.0,8
7090,210000,100000,Diesel,Individual,Manual,2.0,21.1,1248 ,73.9,5.0,10
7091,540000,93000,Petrol,Individual,Manual,2.0,20.85,1197 ,83.14,5.0,6
7092,710000,50000,Diesel,Individual,Manual,1.0,24.52,1248 ,88.5,7.0,4
7093,285000,22000,Petrol,Individual,Manual,1.0,24.7,796 ,47.3,5.0,3
7094,990000,19600,Diesel,Individual,Manual,1.0,22.1,1396 ,88.7,5.0,2
7095,362000,104000,Petrol,Individual,Manual,1.0,15.64,1193 ,64.1,5.0,4
7096,880000,33000,Diesel,Individual,Manual,1.0,23.0,1498 ,98.96,5.0,4
7097,700000,60000,Diesel,Individual,Manual,1.0,18.49,1493 ,100,7.0,4
7098,600000,60000,Diesel,Individual,Manual,1.0,15.96,2523 ,63,9.0,5
7099,700000,40000,Petrol,Individual,Manual,1.0,13.24,1598 ,102.5,5.0,6
7100,400000,60000,Diesel,Individual,Manual,1.0,27.28,1047 ,69,5.0,5
7101,165000,80000,LPG,Individual,Manual,1.0,13.2,1495 ,93.7,5.0,11
7102,350000,376412,Diesel,Individual,Manual,2.0,12.8,2494 ,102,8.0,14
7103,425000,80000,Petrol,Individual,Manual,3.0,16.02,1373 ,93.7,7.0,7
7104,180000,70000,Petrol,Individual,Manual,1.0,17.92,1086 ,62.1,5.0,9
7105,170000,90000,Petrol,Individual,Manual,3.0,20.92,998 ,67.1,5.0,9
7106,370000,183000,Diesel,Individual,Manual,1.0,15.96,2523 ,63,9.0,7
7107,800000,27000,Diesel,Individual,Manual,1.0,24.3,1248 ,88.5,5.0,3
7108,900000,35000,Diesel,Individual,Manual,1.0,23.0,1498 ,98.96,5.0,4
7109,390000,120000,Diesel,Individual,Manual,1.0,22.9,1248 ,74,5.0,8
7110,445000,80000,Diesel,Individual,Manual,2.0,23.4,1248 ,74,5.0,7
7111,459999,70000,Diesel,Individual,Manual,4.0,23.4,1248 ,74,5.0,7
7112,275000,55000,LPG,Individual,Manual,1.0,14.4,998 ,61.7,5.0,8
7113,200000,120000,Diesel,Individual,Manual,2.0,21.1,1248 ,73.9,5.0,12
7114,350000,72000,Petrol,Individual,Manual,2.0,17.5,1197 ,85.8,5.0,9
7115,95000,120000,Diesel,Individual,Manual,2.0,12.0,2092 ,127,7.0,14
7116,550000,250000,Diesel,Individual,Manual,1.0,23.59,1364 ,67.04,5.0,7
7117,900000,100000,Diesel,Individual,Manual,1.0,13.58,2499 ,72.4,9.0,5
7118,350000,120000,Diesel,Individual,Manual,2.0,15.3,2956 ,83.83,7.0,8
7119,325000,50000,Petrol,Individual,Automatic,1.0,19.34,1198 ,76,5.0,6
7120,455999,32000,Petrol,Individual,Manual,1.0,18.9,1197 ,82,5.0,7
7121,129000,60000,Petrol,Individual,Manual,1.0,19.7,796 ,46.3,5.0,13
7122,254000,40000,Petrol,Individual,Manual,1.0,24.7,796 ,47.3,5.0,4
7123,570000,48000,Diesel,Individual,Manual,1.0,21.7,1498 ,98.96,5.0,7
7124,840000,30000,Diesel,Individual,Manual,1.0,19.87,1461 ,83.14,5.0,3
7125,235000,100000,Diesel,Individual,Manual,2.0,13.93,2179 ,138.1,7.0,11
7126,700000,50000,Diesel,Individual,Manual,1.0,18.49,1493 ,100,7.0,5
7128,528000,5000,Petrol,Individual,Manual,1.0,18.9,1197 ,81.86,5.0,3
7129,1500000,12000,Diesel,Individual,Manual,1.0,17.1,1956 ,170,5.0,4
7130,560000,72000,Diesel,Individual,Manual,1.0,15.96,2523 ,63,9.0,5
7131,600000,70000,Diesel,Individual,Manual,1.0,15.96,2523 ,63,9.0,5
7132,102000,50000,Petrol,Individual,Manual,2.0,15.26,1150 ,74.9,5.0,14
7133,750000,70000,Diesel,Individual,Manual,2.0,15.1,2179 ,140,7.0,7
7134,148000,70000,Petrol,Individual,Manual,3.0,14.7,1150 ,76,5.0,11
7135,650000,50000,Petrol,Individual,Manual,1.0,21.4,1197 ,83.1,5.0,6
7136,310000,40000,Petrol,Individual,Manual,1.0,16.47,1198 ,73.9,5.0,9
7137,480000,30000,Petrol,Individual,Manual,1.0,19.1,1197 ,82,5.0,7
7138,320000,15000,Petrol,Individual,Manual,1.0,24.7,796 ,47.3,5.0,3
7139,750000,40000,Petrol,Individual,Manual,1.0,17.4,1497 ,117.3,5.0,6
7140,370000,40000,Petrol,Individual,Manual,1.0,19.49,1198 ,67.04,5.0,4
7141,320000,60000,Petrol,Individual,Manual,4.0,18.6,1197 ,85.8,5.0,8
7142,420000,67000,Petrol,Individual,Manual,1.0,18.6,1197 ,85.8,5.0,8
7143,240000,60000,Petrol,Individual,Manual,2.0,17.5,1298 ,85.8,5.0,11
7144,220000,60000,Petrol,Individual,Manual,1.0,22.5,999 ,67,5.0,4
7145,350000,30000,Petrol,Individual,Manual,1.0,23.84,1199 ,84,5.0,5
7146,675000,40000,Diesel,Individual,Manual,1.0,25.8,1498 ,98.6,5.0,3
7147,434999,50000,Petrol,Individual,Manual,2.0,18.16,1197 ,78.8,5.0,5
7148,125000,200000,Petrol,Individual,Automatic,3.0,13.1,1997 ,141.1,5.0,15
7149,400000,14000,Petrol,Individual,Manual,2.0,18.15,1198 ,82,6.0,5
7150,425000,70000,Diesel,Individual,Manual,1.0,13.58,2499 ,72.4,9.0,6
7151,311000,94000,Diesel,Individual,Manual,2.0,21.1,1248 ,75,5.0,11
7152,509999,197000,Diesel,Individual,Manual,1.0,13.58,2499 ,72.4,10.0,6
7153,530000,79000,Diesel,Individual,Manual,2.0,25.83,1498 ,99,5.0,6
7154,210000,120000,Diesel,Individual,Manual,2.0,18.7,1896 ,66,5.0,13
7155,977000,30000,Diesel,Individual,Manual,1.0,17.3,1497 ,121,8.0,2
7156,440000,20000,Petrol,Individual,Manual,1.0,20.51,998 ,67.04,5.0,3
7157,440000,17000,Petrol,Individual,Manual,1.0,20.51,998 ,67.04,5.0,3
7158,655000,20000,Petrol,Individual,Manual,1.0,18.6,1197 ,81.83,5.0,3
7159,295000,60000,Petrol,Individual,Manual,1.0,25.17,799 ,53.3,5.0,5
7160,655000,20000,Petrol,Individual,Manual,1.0,18.6,1197 ,81.83,5.0,3
7161,65000,70000,Petrol,Individual,Manual,3.0,15.0,1086 ,66.6,5.0,14
7162,1200000,150000,Diesel,Individual,Manual,1.0,17.6,2179 ,153.86,7.0,4
7163,1251000,35000,Diesel,Individual,Manual,1.0,17.6,2179 ,153.86,7.0,4
7164,200000,60000,Diesel,Individual,Manual,1.0,23.03,1396 ,69,5.0,11
7165,750000,40000,Diesel,Individual,Manual,1.0,21.19,1396 ,88.73,5.0,5
7166,400000,60000,CNG,Individual,Manual,1.0,26.6,998 ,58.16,5.0,3
7167,475000,57000,Petrol,Individual,Manual,1.0,17.8,1198 ,86.7,5.0,4
7168,110000,120000,Diesel,Individual,Manual,2.0,17.8,1405 ,70,5.0,9
7169,350000,30000,Petrol,Individual,Manual,1.0,23.01,999 ,67,5.0,4
7170,450000,175000,Diesel,Individual,Manual,1.0,23.4,1248 ,74,5.0,5
7171,150000,90000,Diesel,Individual,Manual,1.0,17.0,1405 ,70,5.0,11
7172,80000,110000,Diesel,Individual,Manual,2.0,17.2,1396 ,53.5,5.0,12
7173,430000,35000,Petrol,Individual,Manual,2.0,18.6,1197 ,81.83,5.0,6
7174,1450000,81000,Diesel,Individual,Manual,1.0,13.68,2393 ,147.8,7.0,4
7175,360000,100000,Diesel,Individual,Manual,1.0,18.3,1991 ,147.9,5.0,10
7176,1445000,60000,Diesel,Individual,Automatic,1.0,17.6,2179 ,153.86,7.0,4
7177,670000,60000,Diesel,Individual,Manual,1.0,26.0,1498 ,98.6,5.0,5
7178,2000000,70000,Petrol,Individual,Automatic,1.0,13.7,1991 ,183,5.0,5
7180,440000,50000,Diesel,Individual,Manual,1.0,25.8,1498 ,98.6,5.0,6
7181,254999,90000,Diesel,Individual,Manual,1.0,23.0,1396 ,90,5.0,9
7182,530000,65000,Petrol,Individual,Manual,1.0,19.02,1198 ,67.05,7.0,3
7183,890000,40000,Diesel,Individual,Manual,2.0,16.0,1997 ,140,7.0,5
7184,280000,80000,Diesel,Individual,Manual,2.0,22.07,1199 ,73.9,5.0,8
7185,725000,35000,Petrol,Individual,Automatic,1.0,21.21,1197 ,81.80,5.0,4
7186,700000,30000,Diesel,Individual,Manual,1.0,18.49,1493 ,100,7.0,5
7187,90000,70000,Petrol,Individual,Manual,1.0,18.2,998 ,67.1,5.0,14
7188,287000,100000,Petrol,Individual,Manual,2.0,19.81,1086 ,68.05,5.0,6
7189,1380000,55000,Petrol,Individual,Automatic,1.0,14.8,1591 ,121.3,5.0,3
7190,750000,80000,Diesel,Individual,Manual,2.0,12.99,2494 ,100.6,7.0,8
7191,650000,40000,Petrol,Individual,Manual,1.0,17.43,1396 ,105.5,5.0,5
7192,240000,108916,Petrol,Individual,Manual,2.0,20.51,998 ,67.04,5.0,8
7193,290000,40000,Petrol,Individual,Manual,2.0,21.1,814 ,55.2,5.0,8
7194,229999,80000,Petrol,Individual,Manual,1.0,21.1,814 ,55.2,5.0,7
7195,1000000,50000,Diesel,Individual,Manual,2.0,26.0,1498 ,98.6,5.0,5
7196,200000,90000,Petrol,Individual,Manual,2.0,17.92,1086 ,62.1,5.0,9
7197,90000,70000,Petrol,Individual,Manual,4.0,19.7,796 ,46.3,5.0,17
7198,330000,90000,Diesel,Individual,Manual,1.0,23.0,1396 ,90,5.0,9
7199,200000,70000,Diesel,Individual,Manual,1.0,21.1,1248 ,73.9,5.0,12
7200,420000,31000,Diesel,Individual,Manual,1.0,25.32,1198 ,77,6.0,3
7201,260000,120000,Diesel,Individual,Manual,2.0,19.3,1248 ,73.9,5.0,12
7202,590000,40000,Petrol,Individual,Manual,1.0,18.6,1197 ,81.83,5.0,5
7203,545000,180000,Diesel,Individual,Manual,1.0,25.2,1248 ,74,5.0,6
7204,210000,90000,Petrol,Individual,Manual,2.0,18.9,998 ,67.1,5.0,10
7205,185000,110000,Petrol,Individual,Manual,2.0,17.7,1497 ,78,5.0,13
7206,125000,59000,Petrol,Individual,Manual,2.0,18.9,998 ,67.1,5.0,15
7207,280000,60000,Petrol,Individual,Manual,2.0,21.1,814 ,55.2,5.0,7
7209,98000,70000,Petrol,Individual,Manual,2.0,18.9,998 ,67.1,5.0,16
7210,100000,190000,Diesel,Individual,Manual,1.0,17.0,1405 ,71,5.0,12
7211,250000,180000,Diesel,Individual,Manual,1.0,20.8,1461 ,64.1,5.0,8
7212,750000,150000,Diesel,Individual,Manual,2.0,11.5,2982 ,171,7.0,11
7213,160000,130000,Diesel,Individual,Manual,2.0,16.52,1991 ,123.7,5.0,14
7214,509999,120000,Diesel,Individual,Automatic,2.0,22.32,1582 ,126.3,5.0,8
7215,95000,80000,Diesel,Individual,Manual,2.0,17.88,1396 ,52.8,5.0,12
7216,525000,80000,Diesel,Individual,Manual,2.0,22.32,1582 ,126.32,5.0,7
7217,278000,20000,Petrol,Individual,Manual,1.0,22.5,999 ,67,5.0,4
7218,50000,60000,Petrol,Individual,Manual,2.0,16.1,796 ,37,4.0,24
7219,254999,120000,Diesel,Individual,Manual,3.0,22.07,1199 ,73.9,5.0,10
7220,675000,10000,Petrol,Individual,Manual,1.0,21.21,1197 ,81.80,5.0,2
7221,600000,147000,Diesel,Individual,Manual,2.0,26.59,1248 ,74,5.0,5
7222,950000,51000,Diesel,Individual,Manual,1.0,25.1,1248 ,88.5,5.0,3
7223,229999,60000,Petrol,Individual,Manual,3.0,17.7,1497 ,78,5.0,14
7224,600000,220000,Diesel,Individual,Manual,1.0,12.8,2494 ,102,8.0,12
7225,330000,20000,Petrol,Individual,Manual,1.0,24.7,796 ,47.3,5.0,4
7226,350000,40000,Petrol,Individual,Manual,1.0,23.95,998 ,67.05,5.0,4
7227,560000,35000,Petrol,Individual,Manual,1.0,16.2,1199 ,74,5.0,5
7228,440000,30000,Petrol,Individual,Manual,1.0,20.51,998 ,67.04,5.0,4
7229,220000,90000,Petrol,Individual,Manual,2.0,19.0,998 ,66.1,5.0,10
7230,750000,110000,Diesel,Individual,Manual,2.0,28.4,1248 ,74.02,5.0,4
7231,800000,140000,Diesel,Individual,Manual,1.0,15.1,2179 ,140,7.0,6
7232,59259,104000,Diesel,Individual,Manual,2.0,17.2,1396 ,53.5,5.0,14
7233,740000,9000,Petrol,Individual,Automatic,1.0,21.4,1197 ,83.1,5.0,3
7234,570000,19000,Petrol,Individual,Automatic,2.0,20.89,1197 ,81.80,5.0,2
7235,430000,20000,Petrol,Individual,Automatic,1.0,20.51,998 ,67,5.0,4
7236,800000,70000,Diesel,Individual,Manual,1.0,24.3,1248 ,88.5,5.0,5
7237,450000,53000,Diesel,Individual,Manual,1.0,24.0,1120 ,70,5.0,6
7238,420000,105000,Diesel,Individual,Manual,2.0,23.4,1248 ,74,5.0,8
7239,750000,16000,Diesel,Individual,Manual,1.0,18.06,2523 ,63,7.0,6
7240,780000,7200,Petrol,Individual,Manual,1.0,21.1,998 ,100.5,5.0,2
7241,320000,77000,Diesel,Individual,Manual,2.0,22.07,1199 ,73.9,5.0,10
7242,690000,40000,Diesel,Individual,Manual,1.0,25.32,1198 ,77,6.0,4
7243,375000,70000,Diesel,Individual,Manual,2.0,19.3,1248 ,73.9,5.0,9
7244,620000,50000,Petrol,Individual,Manual,1.0,18.12,1196 ,86.8,5.0,4
7245,300000,85000,LPG,Individual,Manual,1.0,13.45,1086 ,62.1,5.0,6
7246,370000,58000,Petrol,Individual,Manual,2.0,15.37,1196 ,73,7.0,5
7247,770000,85000,Diesel,Individual,Manual,1.0,16.55,2498 ,105,7.0,8
7248,500000,65000,Petrol,Individual,Manual,1.0,19.1,1197 ,81.86,5.0,7
7249,450000,120000,Diesel,Individual,Manual,1.0,25.32,1198 ,77,6.0,4
7250,195000,50000,Petrol,Individual,Manual,2.0,17.92,1086 ,62.1,5.0,8
7251,472000,30000,Petrol,Individual,Automatic,1.0,20.51,998 ,67,5.0,3
7252,250000,58000,Petrol,Individual,Manual,2.0,23.95,998 ,67.05,5.0,7
7253,165000,70000,Diesel,Individual,Manual,2.0,25.44,936 ,57.6,5.0,10
7254,525000,110000,Diesel,Individual,Manual,2.0,20.65,1248 ,88.7,5.0,3
7255,145000,65000,Petrol,Individual,Manual,3.0,18.9,998 ,67.1,5.0,18
7256,325000,100000,Diesel,Individual,Manual,1.0,22.3,1248 ,88.8,5.0,8
7257,660000,60000,Diesel,Individual,Manual,2.0,16.5,1493 ,70,7.0,4
7258,310000,90000,Diesel,Individual,Manual,2.0,19.68,1399 ,67,5.0,7
7259,250000,200000,Diesel,Individual,Manual,1.0,13.6,2523 ,63,7.0,13
7260,330000,100000,Diesel,Individual,Manual,2.0,19.68,1399 ,67,5.0,7
7261,250000,80000,Diesel,Individual,Manual,2.0,20.0,1399 ,68,5.0,9
7262,650000,60000,Diesel,Individual,Automatic,1.0,17.45,1493 ,100,7.0,4
7263,305000,40000,Petrol,Individual,Manual,1.0,23.95,998 ,67.05,5.0,5
7264,600000,50000,Diesel,Individual,Manual,1.0,26.21,1248 ,88.5,5.0,6
7265,280000,110000,Petrol,Individual,Manual,1.0,20.51,998 ,67.04,5.0,6
7266,153000,50000,Diesel,Individual,Manual,2.0,23.57,1396 ,70,5.0,10
7267,700000,30000,Diesel,Individual,Manual,1.0,18.49,1493 ,100,7.0,3
7268,325000,40000,Petrol,Individual,Manual,1.0,25.17,799 ,53.3,5.0,4
7269,305000,40000,Petrol,Individual,Manual,1.0,23.95,998 ,67.05,5.0,5
7270,155000,70000,Petrol,Individual,Manual,2.0,16.1,796 ,37,4.0,15
7271,235000,80000,Petrol,Individual,Manual,3.0,20.92,998 ,67.1,5.0,9
7273,500000,15000,Petrol,Individual,Manual,1.0,20.4,1197 ,81.80,5.0,5
7274,120000,150000,Diesel,Individual,Manual,2.0,13.6,2523 ,63,7.0,17
7276,675000,88000,Diesel,Dealer,Automatic,1.0,21.66,1498 ,103.52,5.0,5
7277,950000,80000,Diesel,Dealer,Manual,1.0,12.99,2494 ,100.6,7.0,7
7278,1051000,59865,Diesel,Dealer,Manual,1.0,15.1,2179 ,152.87,7.0,3
7279,591000,60000,Diesel,Dealer,Manual,1.0,21.49,1498 ,108.5,5.0,5
7280,585000,72000,Diesel,Dealer,Manual,1.0,22.54,1396 ,88.73,5.0,6
7281,1025000,68140,Petrol,Dealer,Automatic,1.0,18.0,1497 ,117.6,5.0,4
7282,450000,53190,Diesel,Dealer,Manual,1.0,28.4,1248 ,74,5.0,7
7283,484999,70100,Diesel,Dealer,Manual,1.0,22.54,1396 ,88.73,5.0,7
7284,650000,47725,Diesel,Dealer,Manual,1.0,27.3,1498 ,98.6,5.0,3
7285,434999,70195,Diesel,Dealer,Manual,2.0,28.4,1248 ,74.02,5.0,7
7286,195000,77395,Diesel,Dealer,Manual,2.0,20.0,1399 ,68,5.0,10
7287,1000000,17000,Diesel,Dealer,Manual,1.0,17.3,1497 ,121,8.0,2
7288,650000,64000,Diesel,Dealer,Automatic,1.0,14.62,1498 ,113.42,5.0,8
7289,190000,74321,Diesel,Dealer,Manual,1.0,25.44,936 ,56.3,5.0,7
7290,409999,80235,Diesel,Dealer,Manual,2.0,28.4,1248 ,74.02,5.0,8
7291,1050000,77150,Diesel,Dealer,Automatic,1.0,17.01,1582 ,126.2,5.0,5
7292,651000,69000,Diesel,Dealer,Automatic,1.0,22.15,1498 ,108.6,5.0,6
7293,650000,57000,Diesel,Dealer,Manual,1.0,23.65,1248 ,88.5,5.0,6
7294,750000,89000,Diesel,Dealer,Manual,1.0,21.14,1498 ,103.6,5.0,4
7295,799000,61100,Diesel,Dealer,Automatic,1.0,14.3,1968 ,140,5.0,9
7296,355000,116000,Diesel,Individual,Manual,1.0,18.7,1896 ,66,5.0,11
7297,600000,80000,Diesel,Individual,Manual,1.0,23.9,1582 ,126.32,5.0,6
7298,685000,26000,Diesel,Individual,Manual,1.0,28.4,1248 ,74,5.0,3
7299,509999,100000,Diesel,Individual,Manual,1.0,28.4,1248 ,74,5.0,3
7300,150000,82300,CNG,Individual,Manual,2.0,26.83,796 ,38.4,5.0,9
7301,650000,82050,Diesel,Individual,Manual,1.0,19.3,1248 ,73.9,5.0,4
7303,675000,120000,Diesel,Individual,Manual,2.0,15.1,2179 ,140,7.0,9
7304,319000,30000,Petrol,Individual,Automatic,1.0,24.04,999 ,67,5.0,3
7305,640000,6000,Petrol,Individual,Manual,1.0,19.5,1199 ,88.76,5.0,2
7306,650000,30000,Petrol,Individual,Manual,1.0,18.6,1197 ,81.83,5.0,4
7307,650000,70000,Diesel,Individual,Manual,1.0,20.77,1248 ,88.76,7.0,6
7308,155000,70000,CNG,Individual,Manual,2.0,26.83,796 ,38.4,5.0,11
7309,650000,70000,Diesel,Individual,Manual,1.0,20.77,1248 ,88.76,7.0,6
7310,175000,120000,Diesel,Individual,Manual,1.0,17.8,1248 ,75,5.0,13
7311,375000,76000,Diesel,Individual,Manual,3.0,24.0,1120 ,70,5.0,7
7312,430000,80000,Diesel,Individual,Manual,2.0,24.0,1120 ,70,5.0,7
7313,65000,110000,Diesel,Individual,Manual,2.0,17.2,1396 ,53.5,5.0,13
7314,150000,70000,Petrol,Individual,Manual,3.0,13.2,1495 ,94,5.0,12
7315,620000,13000,Petrol,Individual,Manual,1.0,17.19,1197 ,81.86,5.0,2
7316,250000,60000,Petrol,Individual,Manual,2.0,14.09,1596 ,99.6,5.0,8
7317,275000,165000,Diesel,Individual,Manual,1.0,21.1,1248 ,73.9,5.0,10
7318,454000,120000,Diesel,Individual,Manual,2.0,13.58,2499 ,72.4,10.0,8
7319,600000,30000,Diesel,Individual,Manual,2.0,18.49,1493 ,100,7.0,4
7320,400000,100000,Diesel,Individual,Manual,2.0,20.54,1598 ,103.6,5.0,10
7321,180000,187000,Diesel,Individual,Manual,2.0,19.2,1461 ,65,5.0,14
7322,750000,70000,Diesel,Individual,Manual,1.0,24.3,1248 ,88.5,5.0,5
7323,500000,40000,Petrol,Individual,Manual,1.0,20.4,1197 ,81.80,5.0,5
7324,2825000,22000,Diesel,Dealer,Automatic,1.0,15.73,1968 ,174.33,5.0,4
7325,2125000,5500,Diesel,Dealer,Manual,1.0,26.8,1597 ,118,5.0,1
7326,3350000,18000,Diesel,Dealer,Automatic,1.0,19.62,1998 ,190,5.0,3
7327,840000,1500,Petrol,Individual,Automatic,1.0,18.2,1199 ,88.7,5.0,2
7328,1000000,46000,Diesel,Individual,Manual,1.0,24.5,1498 ,98.6,7.0,6
7329,740000,24400,Diesel,Individual,Manual,1.0,27.39,1248 ,74,5.0,4
7330,1290000,29899,Diesel,Dealer,Automatic,1.0,22.15,1498 ,108.6,5.0,3
7331,1800000,20000,Diesel,Dealer,Automatic,1.0,11.36,2755 ,171.5,8.0,3
7332,775000,2000,Petrol,Dealer,Manual,1.0,20.7,1197 ,81.86,5.0,1
7333,695000,34000,Diesel,Dealer,Manual,1.0,21.04,1461 ,83.8,8.0,4
7334,730000,31000,Petrol,Dealer,Automatic,1.0,17.4,1197 ,81.86,5.0,3
7335,1295000,46000,Diesel,Dealer,Automatic,2.0,11.45,2776 ,197.2,7.0,5
7336,1160000,121000,Diesel,Dealer,Automatic,1.0,12.08,2999 ,161,7.0,5
7337,3300000,60000,Diesel,Dealer,Automatic,1.0,0.0,1950 ,194,5.0,4
7338,540000,7000,Petrol,Dealer,Manual,1.0,20.3,1086 ,68,5.0,3
7339,434999,10000,Petrol,Dealer,Automatic,1.0,23.1,998 ,67.04,5.0,5
7340,4600000,6000,Diesel,Dealer,Automatic,1.0,17.9,2143 ,170,5.0,3
7341,910000,20000,Diesel,Dealer,Manual,1.0,17.0,2596 ,80.8,5.0,3
7342,850000,59235,Diesel,Dealer,Manual,1.0,19.67,1582 ,126.2,5.0,6
7343,5800000,21000,Diesel,Dealer,Automatic,1.0,16.78,1995 ,190,5.0,2
7344,520000,48000,Diesel,Individual,Manual,1.0,25.8,1498 ,98.6,5.0,7
7345,650000,114000,Diesel,Individual,Manual,1.0,14.95,2489 ,93.7,7.0,3
7346,430000,120000,Diesel,Individual,Manual,2.0,19.3,1248 ,73.9,5.0,10
7347,360000,144000,Diesel,Individual,Manual,1.0,21.9,1396 ,88.8,5.0,8
7348,350000,144000,Diesel,Individual,Manual,1.0,21.9,1396 ,88.8,5.0,8
7349,791000,190000,Diesel,Individual,Manual,1.0,24.3,1248 ,88.5,5.0,5
7350,950000,190000,Diesel,Individual,Manual,2.0,12.99,2494 ,100.6,7.0,6
7351,690000,20000,Diesel,Individual,Manual,1.0,28.4,1248 ,74,5.0,2
7352,860000,40000,Diesel,Individual,Manual,2.0,22.0,1582 ,126.2,5.0,4
7353,371000,100000,Diesel,Individual,Manual,1.0,19.3,1248 ,73.9,5.0,9
7354,45000,60000,Diesel,Individual,Manual,2.0,16.8,1405 ,68,5.0,13
7355,55000,201000,Diesel,Individual,Manual,1.0,17.8,1399 ,68,5.0,15
7356,240000,110000,Diesel,Individual,Manual,1.0,20.54,1598 ,103.6,5.0,10
7357,495000,77215,Diesel,Individual,Manual,2.0,25.2,1248 ,74,5.0,7
7359,671000,48228,Petrol,Dealer,Manual,1.0,18.7,1199 ,88.7,5.0,6
7360,693000,58559,Diesel,Dealer,Manual,1.0,25.2,1248 ,74,5.0,4
7362,802999,50856,Diesel,Dealer,Manual,1.0,26.0,1498 ,98.6,5.0,5
7363,890000,18300,Petrol,Individual,Manual,1.0,17.8,1497 ,117.3,5.0,4
7364,495000,59292,Diesel,Dealer,Manual,1.0,28.4,1248 ,74,5.0,6
7365,545000,10000,Petrol,Dealer,Automatic,1.0,23.1,998 ,67.04,5.0,3
7366,775000,21147,Petrol,Dealer,Automatic,1.0,21.4,1197 ,83.1,5.0,3
7367,925000,69000,Diesel,Dealer,Manual,1.0,25.6,1498 ,97.9,5.0,4
7368,1450000,10000,Diesel,Individual,Manual,1.0,17.3,1497 ,121,7.0,2
7369,790000,16000,Diesel,Dealer,Automatic,1.0,28.4,1248 ,74,5.0,3
7370,1789999,36000,Diesel,Dealer,Manual,1.0,13.68,2393 ,147.8,8.0,4
7371,620000,37000,Petrol,Dealer,Manual,1.0,21.01,1197 ,81.80,5.0,4
7372,375000,61173,Diesel,Dealer,Manual,1.0,27.62,793 ,47,5.0,5
7374,2450000,30000,Diesel,Dealer,Automatic,1.0,18.25,1968 ,187.74,5.0,5
7375,850000,75000,Diesel,Dealer,Manual,1.0,15.1,2179 ,140,7.0,7
7376,750000,51000,Petrol,Dealer,Automatic,1.0,19.56,1197 ,81.80,5.0,4
7377,775000,17000,Petrol,Dealer,Manual,1.0,21.01,1197 ,81.80,5.0,3
7378,260000,100000,Diesel,Individual,Manual,2.0,17.8,1248 ,75,5.0,13
7379,2000000,35000,Diesel,Individual,Automatic,2.0,17.68,1968 ,174.33,5.0,8
7380,300000,10000,Petrol,Individual,Manual,1.0,21.1,814 ,55.2,5.0,4
7381,1300000,91567,Diesel,Individual,Automatic,3.0,16.0,2179 ,140,7.0,5
7382,380000,50000,Petrol,Individual,Manual,1.0,23.1,998 ,67.04,5.0,4
7383,480000,60000,Petrol,Individual,Manual,1.0,18.9,1197 ,81.86,5.0,4
7384,240000,35000,Petrol,Individual,Manual,2.0,22.74,796 ,47.3,5.0,5
7385,500000,33400,Petrol,Individual,Manual,1.0,17.43,1396 ,105.5,5.0,7
7386,420000,36000,Petrol,Individual,Manual,1.0,20.4,1197 ,83.11,5.0,6
7387,130000,180000,Diesel,Individual,Manual,2.0,20.0,1399 ,68,5.0,10
7388,110000,80000,Petrol,Individual,Manual,1.0,20.92,998 ,67.1,5.0,9
7389,120000,120000,Petrol,Individual,Manual,2.0,19.7,796 ,46.3,5.0,14
7390,700000,80000,Diesel,Individual,Automatic,1.0,28.4,1248 ,74.02,5.0,4
7391,550000,120000,Diesel,Individual,Manual,1.0,28.4,1248 ,74.02,5.0,3
7392,190000,110000,Diesel,Individual,Manual,2.0,19.09,1405 ,69.01,5.0,7
7393,665000,70000,Diesel,Individual,Manual,1.0,23.59,1364 ,67.04,5.0,3
7394,445000,120000,Diesel,Individual,Manual,2.0,14.95,2489 ,93.7,7.0,7
7395,340000,92686,Diesel,Dealer,Manual,2.0,21.9,1396 ,88.76,5.0,9
7396,330000,180000,Diesel,Individual,Manual,1.0,13.6,1991 ,142,5.0,12
7397,270000,80000,Diesel,Individual,Manual,1.0,21.02,1248 ,88.76,5.0,9
7398,1044999,70000,Diesel,Individual,Automatic,1.0,16.0,2179 ,140,7.0,6
7399,279000,117000,Diesel,Individual,Manual,1.0,17.8,1248 ,75,5.0,12
7400,620000,15000,Petrol,Individual,Manual,1.0,20.4,1194 ,94.93,5.0,3
7401,250000,100000,Diesel,Individual,Manual,2.0,16.6,1896 ,122.4,5.0,14
7402,475000,83000,Petrol,Individual,Automatic,1.0,15.74,1591 ,121.3,5.0,9
7403,750000,67600,Diesel,Individual,Automatic,1.0,14.81,1998 ,163.7,5.0,5
7404,1250000,160000,Diesel,Individual,Manual,2.0,13.5,2477 ,178,7.0,6
7405,250000,80000,Petrol,Individual,Manual,2.0,21.1,814 ,55.2,5.0,7
7406,445000,100000,Diesel,Individual,Manual,1.0,25.8,1498 ,98.6,5.0,8
7407,400000,100000,Diesel,Individual,Manual,1.0,15.0,1896 ,105,5.0,11
7408,350000,90000,Diesel,Individual,Manual,2.0,23.0,1396 ,90,5.0,11
7409,295000,140000,Diesel,Individual,Manual,1.0,20.5,1598 ,103.5,5.0,9
7410,600000,25000,Petrol,Individual,Manual,1.0,21.21,1197 ,81.80,5.0,3
7411,1650000,20000,Diesel,Individual,Manual,1.0,13.68,2393 ,147.8,8.0,3
7412,100000,30000,Petrol,Individual,Manual,1.0,16.1,796 ,37,4.0,9
7413,690000,13000,Petrol,Individual,Manual,1.0,20.4,1194 ,94.93,5.0,3
7414,710000,42000,Petrol,Individual,Manual,1.0,18.6,1197 ,81.83,5.0,3
7415,350000,10000,Petrol,Individual,Manual,2.0,20.3,998 ,68.05,5.0,3
7416,220000,13000,Petrol,Individual,Manual,1.0,20.92,998 ,67.1,5.0,9
7417,700000,6500,Petrol,Individual,Manual,1.0,20.0,999 ,72,7.0,2
7418,198000,49500,Petrol,Individual,Manual,2.0,21.1,814 ,55.2,5.0,8
7419,350000,50000,Diesel,Individual,Manual,1.0,23.0,1396 ,90,5.0,10
7420,210000,175000,Diesel,Individual,Manual,2.0,23.57,1396 ,70,5.0,10
7421,210000,175000,Diesel,Individual,Manual,2.0,23.03,1396 ,69,5.0,10
7423,375000,110000,Diesel,Individual,Manual,3.0,23.2,1248 ,73.94,5.0,7
7424,380000,112048,Petrol,Individual,Manual,2.0,17.5,1298 ,85.8,5.0,9
7425,360000,98000,Petrol,Individual,Manual,3.0,17.0,1497 ,118,5.0,11
7426,944999,41000,Diesel,Individual,Manual,1.0,15.1,2179 ,140,7.0,6
7427,620000,120000,Diesel,Individual,Manual,1.0,13.58,2499 ,72.4,10.0,5
7428,780000,116000,Diesel,Individual,Manual,1.0,23.59,1364 ,67.05,5.0,3
7429,445000,1000,Petrol,Individual,Manual,1.0,21.21,1197 ,81.80,5.0,1
7430,575000,15000,Petrol,Individual,Automatic,1.0,17.36,1197 ,81.86,5.0,3
7431,975000,5000,Diesel,Individual,Manual,1.0,25.1,1248 ,88.5,5.0,3
7432,450000,3500,Petrol,Individual,Manual,1.0,23.84,1199 ,83.83,5.0,2
7434,495000,56000,Diesel,Individual,Manual,1.0,25.83,1498 ,99,5.0,4
7435,830000,215000,Diesel,Individual,Manual,1.0,12.99,2494 ,100,7.0,8
7436,800000,40000,Diesel,Individual,Manual,1.0,15.1,2179 ,140,7.0,9
7438,300000,120000,Diesel,Individual,Manual,2.0,23.2,1248 ,73.94,5.0,8
7439,200000,120000,Diesel,Individual,Manual,2.0,10.5,2179 ,120,7.0,18
7440,480000,30400,Petrol,Dealer,Manual,1.0,18.5,1198 ,86.8,5.0,4
7441,950000,24000,Diesel,Dealer,Manual,1.0,21.9,1498 ,98.6,7.0,4
7442,840000,30646,Petrol,Dealer,Manual,1.0,15.4,1497 ,117.3,7.0,4
7443,800000,15000,Diesel,Individual,Manual,1.0,23.9,1582 ,126.2,5.0,4
7444,750000,50000,Diesel,Individual,Manual,1.0,22.27,1498 ,108.6,5.0,4
7445,254999,34000,Petrol,Individual,Manual,1.0,21.1,814 ,55.2,5.0,4
7446,725000,54000,Diesel,Individual,Manual,2.0,24.52,1248 ,88.5,7.0,5
7447,1859000,40000,Diesel,Individual,Automatic,2.0,19.7,2143 ,134.10,5.0,5
7448,145000,120000,Petrol,Individual,Manual,1.0,18.6,1199 ,79.4,5.0,9
7449,750000,15000,Petrol,Individual,Manual,1.0,17.0,1198 ,108.5,5.0,3
7450,655000,50000,Diesel,Individual,Automatic,1.0,22.0,1498 ,108.495,5.0,4
7451,210000,84000,Diesel,Individual,Manual,2.0,20.0,1399 ,68,5.0,10
7452,450000,50000,Petrol,Individual,Manual,1.0,17.0,1497 ,118,5.0,10
7453,466000,25000,Petrol,Individual,Automatic,4.0,20.3,1086 ,68,5.0,2
7455,580000,52000,Diesel,Individual,Manual,1.0,25.83,1498 ,99,5.0,6
7456,430000,18500,Petrol,Individual,Manual,1.0,20.3,1086 ,68,5.0,2
7457,155000,50000,Diesel,Individual,Manual,1.0,23.03,1396 ,69,5.0,9
7458,240000,35000,Petrol,Individual,Manual,1.0,22.5,999 ,67,5.0,4
7459,540000,15500,Petrol,Individual,Manual,1.0,16.78,1496 ,88.73,5.0,5
7460,250000,120000,Diesel,Individual,Manual,1.0,19.09,1396 ,69,5.0,8
7461,260000,60000,Diesel,Individual,Manual,1.0,25.0,1396 ,69,5.0,9
7462,550000,80000,Diesel,Individual,Manual,2.0,12.05,2179 ,120,9.0,10
7463,550000,43011,Petrol,Dealer,Manual,1.0,18.88,999 ,123.37,5.0,7
7464,600000,136000,Diesel,Individual,Manual,1.0,19.01,1461 ,108.45,5.0,6
7465,550000,15000,Diesel,Individual,Manual,1.0,25.83,1498 ,99,5.0,4
7466,370000,110000,Diesel,Individual,Manual,2.0,13.6,2523 ,63,7.0,10
7467,250000,100000,Petrol,Individual,Manual,2.0,19.81,1086 ,68.05,5.0,13
7468,125000,70000,Petrol,Individual,Manual,4.0,19.7,796 ,46.3,5.0,16
7469,200000,110000,Diesel,Individual,Manual,1.0,17.0,1405 ,71,5.0,11
7470,675000,127991,Diesel,Dealer,Manual,1.0,25.5,1498 ,98.6,5.0,4
7471,150000,198000,Diesel,Individual,Manual,2.0,14.8,1998 ,68,5.0,22
7472,290000,65000,Petrol,Individual,Manual,1.0,15.64,1193 ,64.1,5.0,11
7474,889000,20000,Diesel,Individual,Manual,1.0,28.09,1248 ,88.5,5.0,3
7475,400000,60000,Petrol,Individual,Manual,1.0,17.0,1198 ,73.75,5.0,5
7476,390000,13120,Petrol,Individual,Manual,1.0,25.17,799 ,53.3,5.0,3
7477,1550000,87500,Diesel,Individual,Manual,1.0,17.1,1956 ,170,5.0,4
7478,600000,125000,Diesel,Individual,Manual,1.0,22.32,1582 ,126.32,5.0,7
7479,800000,25000,Petrol,Individual,Automatic,1.0,17.4,1197 ,81.86,5.0,3
7480,600000,120000,Diesel,Individual,Manual,3.0,20.77,1248 ,88.8,7.0,8
7481,795000,35000,Petrol,Individual,Manual,1.0,17.01,1591 ,121.3,5.0,6
7482,735000,25000,Diesel,Individual,Manual,1.0,22.54,1396 ,88.73,5.0,5
7483,250000,120000,Diesel,Individual,Manual,3.0,16.4,1896 ,90,5.0,16
7484,400000,25000,Petrol,Individual,Automatic,1.0,24.04,999 ,67,5.0,3
7485,130000,79000,Diesel,Individual,Manual,2.0,13.1,1493 ,82,5.0,16
7486,600000,125000,Diesel,Individual,Manual,1.0,21.04,1461 ,83.8,8.0,6
7487,395000,140000,Diesel,Individual,Manual,1.0,14.0,2489 ,95,8.0,7
7488,720000,80000,Diesel,Individual,Manual,1.0,21.19,1396 ,88.73,5.0,5
7489,450000,110000,Petrol,Individual,Manual,3.0,16.8,1497 ,116.4,5.0,10
7490,700000,25000,Petrol,Individual,Manual,1.0,18.16,1196 ,86.8,5.0,3
7491,1000000,46000,Diesel,Individual,Manual,1.0,24.5,1498 ,98.6,7.0,6
7492,500000,1000,Petrol,Individual,Manual,1.0,20.3,1086 ,68.07,5.0,1
7493,125000,60000,Petrol,Individual,Manual,2.0,16.1,796 ,37,4.0,14
7494,690000,80000,Diesel,Individual,Manual,1.0,21.04,1461 ,83.8,8.0,6
7495,1550000,120000,Diesel,Individual,Manual,1.0,17.1,1956 ,170,5.0,4
7496,170000,110000,Petrol,Individual,Manual,2.0,15.3,1193 ,65.3,5.0,8
7497,275000,110000,Diesel,Individual,Manual,3.0,20.4,1248 ,91.7,5.0,11
7498,500000,200000,Diesel,Individual,Manual,3.0,12.8,2494 ,102,8.0,14
7499,950000,80000,Diesel,Individual,Manual,2.0,19.33,1968 ,138.1,5.0,8
7500,802999,24000,Diesel,Individual,Manual,1.0,28.4,1248 ,74.02,5.0,2
7501,470000,150000,Diesel,Individual,Manual,1.0,23.4,1248 ,74,5.0,8
7502,300000,60000,Petrol,Individual,Manual,1.0,25.17,799 ,53.3,5.0,6
7503,600000,116000,Diesel,Individual,Manual,1.0,19.01,1461 ,108.45,5.0,7
7504,275000,104300,Diesel,Individual,Manual,1.0,20.0,1399 ,68.1,5.0,8
7505,700000,30000,Diesel,Individual,Manual,1.0,25.32,1198 ,77,6.0,3
7506,3250000,33000,Diesel,Individual,Automatic,1.0,11.3,2987 ,254.8,7.0,7
7507,800000,25000,Diesel,Individual,Manual,1.0,21.66,1498 ,108.62,5.0,1
7508,2200000,60000,Diesel,Individual,Automatic,1.0,17.68,1968 ,174.33,5.0,7
7509,245000,121000,Diesel,Individual,Manual,2.0,18.1,1493 ,110,5.0,14
7510,310000,120000,Diesel,Individual,Manual,2.0,16.8,1493 ,110,5.0,11
7511,245000,120000,Diesel,Individual,Manual,2.0,18.1,1493 ,110,5.0,14
7512,450000,110000,Petrol,Individual,Manual,1.0,16.47,1198 ,73.9,5.0,10
7513,850000,84000,Diesel,Individual,Automatic,2.0,16.96,1968 ,138.03,5.0,8
7514,325000,120000,Petrol,Individual,Automatic,3.0,10.1,2354 ,152,5.0,17
7515,409999,100000,Diesel,Individual,Manual,3.0,22.9,1248 ,74,5.0,8
7516,5500000,50000,Diesel,Individual,Automatic,1.0,11.2,1969 ,235,5.0,3
7517,1000000,73500,Diesel,Individual,Manual,1.0,19.67,1582 ,126.2,5.0,6
7518,590000,34000,Diesel,Individual,Manual,2.0,24.4,1120 ,71,5.0,5
7519,1200000,23000,Diesel,Individual,Manual,1.0,20.45,1461 ,108.5,5.0,2
7520,175000,163000,Diesel,Individual,Manual,3.0,17.8,1399 ,68,5.0,13
7521,300000,119000,Diesel,Individual,Manual,2.0,16.52,1991 ,123.7,5.0,10
7522,2175000,50000,Diesel,Individual,Automatic,1.0,11.36,2755 ,171.5,7.0,4
7523,1110000,10500,Diesel,Individual,Manual,1.0,25.6,1498 ,97.9,5.0,2
7524,150000,280000,Diesel,Individual,Manual,2.0,14.8,1998 ,68,5.0,21
7525,325000,155000,Diesel,Individual,Manual,2.0,20.54,1598 ,103.6,5.0,8
7526,325000,163000,Diesel,Individual,Manual,1.0,17.8,1399 ,68,5.0,11
7527,280000,75000,Petrol,Individual,Manual,1.0,17.7,1497 ,78,5.0,13
7529,765000,80000,Diesel,Individual,Manual,1.0,26.0,1498 ,98.6,5.0,5
7530,640000,120000,Diesel,Individual,Manual,2.0,26.0,1498 ,98.6,5.0,7
7531,65000,120000,Diesel,Individual,Manual,3.0,17.88,1396 ,52.8,5.0,14
7532,195000,175000,Diesel,Individual,Manual,2.0,18.7,1896 ,66,5.0,14
7533,295000,15000,Petrol,Individual,Manual,1.0,24.7,796 ,47.3,5.0,4
7534,625000,100000,Diesel,Individual,Manual,2.0,23.4,1248 ,74,5.0,9
7535,160000,80000,Petrol,Individual,Manual,2.0,18.9,998 ,67.1,5.0,12
7536,330000,84000,Petrol,Individual,Manual,2.0,23.1,998 ,67.04,5.0,6
7537,180000,50000,Petrol,Individual,Manual,2.0,15.6,1196 ,70,5.0,11
7539,150000,35000,Petrol,Individual,Manual,2.0,14.0,796 ,35,5.0,9
7540,300000,30000,Petrol,Individual,Manual,1.0,19.81,1086 ,68.05,5.0,10
7541,730000,2388,Petrol,Individual,Manual,1.0,18.6,1197 ,81.83,5.0,3
7542,650000,16200,Diesel,Individual,Manual,1.0,24.3,1248 ,88.5,5.0,4
7543,330000,10000,CNG,Individual,Manual,2.0,33.44,796 ,40.3,4.0,2
7544,366000,15000,Petrol,Individual,Manual,1.0,23.95,998 ,67.1,5.0,2
7545,1149000,5000,Petrol,Individual,Manual,1.0,17.0,1591 ,121.3,5.0,2
7546,150000,42000,Petrol,Individual,Manual,1.0,20.63,1198 ,67,5.0,5
7547,187000,120000,Petrol,Individual,Manual,2.0,17.92,1086 ,62.1,5.0,8
7548,425000,60000,Diesel,Individual,Manual,2.0,13.93,2179 ,138.03,7.0,10
7549,150000,76000,Petrol,Individual,Manual,1.0,16.1,796 ,37,4.0,9
7550,620000,15000,Petrol,Individual,Manual,1.0,20.4,1194 ,94.93,5.0,3
7551,250000,100000,Diesel,Individual,Manual,2.0,16.6,1896 ,122.4,5.0,14
7552,475000,83000,Petrol,Individual,Automatic,1.0,15.74,1591 ,121.3,5.0,9
7553,750000,67600,Diesel,Individual,Automatic,1.0,14.81,1998 ,163.7,5.0,5
7554,1250000,160000,Diesel,Individual,Manual,2.0,13.5,2477 ,178,7.0,6
7555,250000,80000,Petrol,Individual,Manual,2.0,21.1,814 ,55.2,5.0,7
7556,445000,100000,Diesel,Individual,Manual,1.0,25.8,1498 ,98.6,5.0,8
7557,400000,100000,Diesel,Individual,Manual,1.0,15.0,1896 ,105,5.0,11
7558,350000,90000,Diesel,Individual,Manual,2.0,23.0,1396 ,90,5.0,11
7559,295000,140000,Diesel,Individual,Manual,1.0,20.5,1598 ,103.5,5.0,9
7560,600000,25000,Petrol,Individual,Manual,1.0,21.21,1197 ,81.80,5.0,3
7561,1650000,20000,Diesel,Individual,Manual,1.0,13.68,2393 ,147.8,8.0,3
7562,100000,30000,Petrol,Individual,Manual,1.0,16.1,796 ,37,4.0,9
7563,690000,13000,Petrol,Individual,Manual,1.0,20.4,1194 ,94.93,5.0,3
7564,710000,42000,Petrol,Individual,Manual,1.0,18.6,1197 ,81.83,5.0,3
7565,350000,10000,Petrol,Individual,Manual,2.0,20.3,998 ,68.05,5.0,3
7566,220000,13000,Petrol,Individual,Manual,1.0,20.92,998 ,67.1,5.0,9
7567,700000,6500,Petrol,Individual,Manual,1.0,20.0,999 ,72,7.0,2
7568,198000,49500,Petrol,Individual,Manual,2.0,21.1,814 ,55.2,5.0,8
7569,350000,50000,Diesel,Individual,Manual,1.0,23.0,1396 ,90,5.0,10
7570,650000,35000,Petrol,Individual,Manual,2.0,21.4,1197 ,83.1,5.0,5
7571,380000,120000,Diesel,Individual,Manual,2.0,21.03,1461 ,65,5.0,6
7572,360000,50000,Petrol,Individual,Manual,2.0,17.57,1193 ,88.7,5.0,7
7573,385000,116000,Petrol,Individual,Manual,1.0,15.0,1598 ,103.5,5.0,9
7574,590000,110000,Diesel,Individual,Manual,2.0,22.32,1582 ,126.32,5.0,9
7575,750000,70000,Diesel,Individual,Manual,2.0,15.1,2179 ,140,7.0,8
7576,254999,100000,Diesel,Individual,Manual,3.0,20.3,1248 ,75,5.0,10
7577,499000,20000,Petrol,Individual,Manual,1.0,18.9,1197 ,81.86,5.0,6
7578,730000,60000,Diesel,Individual,Automatic,1.0,28.4,1248 ,74.02,5.0,3
7579,650000,30000,Diesel,Individual,Manual,2.0,27.3,1498 ,98.6,5.0,5
7580,220000,75000,Diesel,Individual,Manual,1.0,23.08,1461 ,63.12,5.0,9
7583,100000,110000,Diesel,Individual,Manual,3.0,16.8,1405 ,62,5.0,15
7584,110000,120000,Petrol,Individual,Manual,4.0,14.4,1599 ,94,5.0,17
7585,152000,48000,Diesel,Individual,Manual,2.0,17.0,1405 ,71,5.0,12
7586,600000,5000,Petrol,Individual,Automatic,1.0,20.89,1197 ,81.80,5.0,1
7587,620000,120000,Diesel,Individual,Manual,1.0,13.58,2499 ,72.4,10.0,5
7588,780000,116000,Diesel,Individual,Manual,1.0,23.59,1364 ,67.05,5.0,3
7589,445000,1000,Petrol,Individual,Manual,1.0,21.21,1197 ,81.80,5.0,1
7590,575000,15000,Petrol,Individual,Automatic,1.0,17.36,1197 ,81.86,5.0,3
7591,975000,5000,Diesel,Individual,Manual,1.0,25.1,1248 ,88.5,5.0,3
7592,450000,3500,Petrol,Individual,Manual,1.0,23.84,1199 ,83.83,5.0,2
7593,480000,80000,Diesel,Individual,Manual,1.0,25.83,1498 ,99,5.0,6
7594,110000,48676,Petrol,Individual,Manual,1.0,19.7,796 ,35,8.0,13
7596,5830000,30000,Diesel,Individual,Automatic,1.0,17.09,2993 ,261.4,4.0,3
7597,415000,72000,Petrol,Dealer,Manual,1.0,18.6,1197 ,81.83,5.0,7
7598,475000,51000,Petrol,Dealer,Manual,1.0,22.0,1197 ,81.80,5.0,6
7599,525000,29000,Petrol,Dealer,Manual,1.0,20.89,1197 ,81.80,5.0,4
7600,365000,28000,Petrol,Dealer,Manual,1.0,20.52,1197 ,81.80,5.0,6
7601,375000,97000,Diesel,Dealer,Manual,1.0,25.2,1248 ,74,5.0,10
7602,765000,59000,Diesel,Dealer,Manual,1.0,28.4,1248 ,74.02,5.0,3
7603,770000,27000,Diesel,Individual,Manual,1.0,28.4,1248 ,74.02,5.0,2
7604,350000,30000,Petrol,Individual,Manual,1.0,25.17,799 ,53.3,5.0,3
7605,875000,70000,Diesel,Individual,Manual,1.0,15.4,1997 ,120,7.0,6
7606,780000,69000,Diesel,Dealer,Manual,1.0,15.1,2179 ,140,7.0,7
7607,990000,15000,Diesel,Individual,Manual,1.0,25.1,1248 ,88.5,5.0,3
7608,800000,35700,Diesel,Dealer,Manual,1.0,28.4,1248 ,74.02,5.0,2
7609,350000,120000,Diesel,Individual,Manual,3.0,22.32,1582 ,126.32,5.0,9
7610,325000,120000,Diesel,Individual,Manual,1.0,22.07,1199 ,73.9,5.0,8
7611,360000,80000,Diesel,Individual,Manual,1.0,22.07,1199 ,73.9,5.0,8
7612,148000,120000,Petrol,Individual,Manual,1.0,20.92,998 ,67.1,5.0,11
7613,670000,36000,Diesel,Individual,Manual,1.0,27.39,1248 ,74,5.0,4
7614,430999,120000,Diesel,Individual,Manual,1.0,23.59,1364 ,67.04,5.0,7
7615,260000,9000,Petrol,Individual,Manual,1.0,16.8,796 ,34.2,8.0,4
7616,70000,50000,Petrol,Individual,Manual,2.0,25.4,624 ,37.48,4.0,9
7617,300000,35000,Petrol,Individual,Manual,1.0,23.01,999 ,67,5.0,2
7618,150000,130000,Diesel,Individual,Manual,2.0,14.0,2498 ,112,7.0,10
7619,260000,70000,Diesel,Individual,Manual,1.0,20.0,1399 ,68,5.0,11
7620,320000,90000,Diesel,Individual,Manual,3.0,19.3,1248 ,73.9,5.0,9
7621,700000,35000,Petrol,Individual,Manual,1.0,17.0,1198 ,108.5,5.0,3
7622,415000,80000,Petrol,Individual,Manual,1.0,16.47,1198 ,73.9,5.0,9
7623,260000,120000,Diesel,Individual,Manual,2.0,17.8,1248 ,75,5.0,13
7624,70000,80000,Petrol,Individual,Manual,1.0,26.0,624 ,35,4.0,10
7625,515000,30000,Petrol,Individual,Manual,1.0,17.71,1197 ,78.9,5.0,6
7626,803999,60000,Diesel,Individual,Manual,1.0,23.9,1582 ,126.2,5.0,5
7627,275000,200000,Diesel,Individual,Manual,2.0,16.6,1896 ,122.4,5.0,14
7628,934000,101000,Diesel,Individual,Manual,1.0,22.77,1498 ,98.59,5.0,4
7629,210000,110000,Diesel,Individual,Manual,1.0,17.8,1399 ,68,5.0,14
7630,1050000,136000,Diesel,Individual,Manual,3.0,12.99,2494 ,100.6,8.0,7
7631,650000,250000,Diesel,Individual,Manual,2.0,14.8,2499 ,80,7.0,10
7632,550000,74000,Diesel,Individual,Manual,4.0,17.3,1998 ,163.7,5.0,9
7633,285000,265000,Diesel,Individual,Manual,4.0,14.8,2499 ,80,9.0,11
7634,700000,22700,Petrol,Individual,Manual,1.0,18.7,1199 ,88.7,5.0,6
7635,525000,45000,Petrol,Individual,Manual,1.0,18.9,1197 ,82,5.0,5
7636,250000,36000,Petrol,Individual,Manual,2.0,15.37,1196 ,73,5.0,10
7637,575000,57000,Diesel,Individual,Manual,2.0,26.59,1248 ,74,5.0,6
7638,540000,33000,Diesel,Individual,Manual,1.0,27.28,1047 ,69,5.0,3
7639,560000,59000,Petrol,Individual,Manual,1.0,16.02,1373 ,93.7,7.0,9
7640,380000,200000,Diesel,Individual,Manual,1.0,20.54,1598 ,103.6,5.0,9
7641,240000,80000,Petrol,Individual,Manual,2.0,15.6,1196 ,70,5.0,10
7642,300000,70000,LPG,Individual,Manual,1.0,13.2,995 ,60.2,5.0,9
7643,280000,50000,Petrol,Individual,Manual,1.0,22.7,799 ,53.64,5.0,3
7644,350000,118000,Diesel,Individual,Manual,2.0,21.1,1248 ,73.9,5.0,10
7645,110000,250000,Diesel,Individual,Manual,2.0,19.1,1405 ,70,5.0,7
7646,980000,20000,Diesel,Individual,Manual,1.0,21.5,1497 ,108.5,5.0,3
7647,969999,21871,Diesel,Individual,Manual,1.0,21.5,1497 ,108.5,5.0,3
7648,357000,120000,Diesel,Individual,Manual,1.0,25.32,1198 ,77,6.0,5
7649,280000,100000,Diesel,Individual,Manual,1.0,19.1,1405 ,70,5.0,7
7650,430000,50000,Diesel,Individual,Manual,1.0,15.96,2523 ,62.1,7.0,9
7652,250000,70000,Petrol,Individual,Manual,1.0,22.74,796 ,47.3,5.0,6
7653,525000,80000,Diesel,Individual,Manual,1.0,18.2,1248 ,73.74,8.0,5
7654,500000,25000,Petrol,Individual,Manual,1.0,23.84,1199 ,84,5.0,3
7655,1000000,60000,Diesel,Individual,Manual,1.0,16.36,2179 ,120,7.0,2
7656,316000,25000,Petrol,Individual,Manual,1.0,24.7,796 ,47.3,5.0,4
7657,350000,50000,Petrol,Individual,Manual,1.0,24.7,796 ,47.3,5.0,3
7658,950000,14000,Diesel,Individual,Manual,1.0,21.5,1497 ,108.5,5.0,3
7659,45000,55425,Petrol,Individual,Manual,2.0,16.1,796 ,37,4.0,16
7660,475000,76000,Diesel,Individual,Manual,1.0,15.96,2523 ,62.1,7.0,8
7661,3200000,3000,Diesel,Individual,Automatic,1.0,15.04,2755 ,174.5,7.0,1
7662,600000,139000,Diesel,Individual,Manual,1.0,18.49,1493 ,100,7.0,5
7663,430000,100000,Petrol,Individual,Manual,1.0,15.04,1598 ,103.2,5.0,7
7664,965000,60000,Diesel,Individual,Manual,1.0,19.67,1582 ,126.2,5.0,6
7665,395000,35000,Petrol,Individual,Automatic,2.0,14.3,1598 ,103.5,5.0,8
7666,150000,120000,Diesel,Individual,Manual,1.0,12.2,1948 ,68,9.0,13
7667,700000,37659,Diesel,Individual,Manual,1.0,20.77,1248 ,88.8,7.0,8
7668,250000,89000,Diesel,Individual,Manual,2.0,23.2,1248 ,73.94,5.0,9
7669,680000,37500,Diesel,Individual,Manual,2.0,20.77,1248 ,88.8,7.0,8
7670,500000,5000,Petrol,Individual,Automatic,1.0,23.84,1199 ,84,5.0,3
7671,420000,21000,Petrol,Individual,Manual,1.0,18.9,1197 ,81.86,5.0,8
7672,290000,10000,Petrol,Individual,Manual,2.0,23.95,998 ,67.05,5.0,4
7673,750000,30000,Diesel,Individual,Manual,1.0,28.4,1248 ,74.02,5.0,4
7674,300000,19800,Petrol,Individual,Manual,1.0,15.37,1196 ,73,7.0,6
7675,250000,90000,Diesel,Individual,Manual,3.0,21.1,1248 ,73.9,5.0,10
7676,335000,33033,Petrol,Dealer,Manual,1.0,19.4,1198 ,86.8,5.0,7
7677,465000,63063,Petrol,Dealer,Automatic,1.0,18.9,1197 ,82,5.0,6
7678,100000,70000,Petrol,Individual,Manual,2.0,18.9,1061 ,67,5.0,14
7679,100000,80000,Petrol,Individual,Manual,2.0,17.3,1061 ,64,5.0,14
7680,550000,120000,Diesel,Individual,Manual,3.0,20.77,1248 ,88.76,7.0,8
7681,341000,120000,Diesel,Individual,Manual,1.0,19.3,1248 ,73.9,5.0,9
7682,600000,50000,Diesel,Individual,Manual,1.0,24.0,1186 ,73.97,5.0,4
7683,650000,167000,Diesel,Individual,Manual,1.0,25.1,1498 ,98.6,5.0,7
7684,75527,80000,Petrol,Individual,Manual,1.0,16.0,995 ,63,5.0,13
7685,215000,100000,Diesel,Individual,Manual,2.0,25.0,1396 ,69.01,5.0,7
7686,650000,60000,Diesel,Individual,Manual,1.0,28.09,1248 ,88.5,5.0,4
7687,900000,50000,Diesel,Individual,Manual,1.0,20.37,1461 ,108.45,5.0,4
7688,500000,17000,Petrol,Individual,Manual,1.0,18.6,1197 ,81.83,5.0,7
7689,550000,46000,Petrol,Individual,Manual,1.0,21.4,1197 ,83.1,5.0,4
7690,475000,60000,Diesel,Individual,Manual,1.0,25.2,1248 ,74,5.0,6
7691,65000,198000,Petrol,Individual,Manual,2.0,18.9,998 ,67.1,5.0,15
7692,425000,60000,Diesel,Individual,Manual,1.0,24.4,1120 ,71,5.0,6
7693,476999,90000,Diesel,Individual,Manual,4.0,21.43,1364 ,87.2,5.0,9
7694,150000,40000,Petrol,Individual,Manual,2.0,18.0,995 ,62,5.0,10
7695,225000,90000,Petrol,Individual,Manual,1.0,19.7,796 ,46.3,5.0,10
7696,190000,80000,Petrol,Individual,Manual,1.0,19.7,796 ,46.3,5.0,11
7697,100000,164000,Petrol,Individual,Manual,3.0,19.7,796 ,46.3,5.0,18
7698,400000,70000,Diesel,Individual,Manual,2.0,13.6,2523 ,63,7.0,10
7699,3975000,31800,Diesel,Dealer,Automatic,1.0,17.01,1968 ,188,5.0,3
7700,1350000,74000,Petrol,Dealer,Automatic,1.0,13.7,1997 ,153.86,5.0,5
7701,5150000,20000,Petrol,Dealer,Automatic,1.0,22.37,2487 ,214.56,5.0,2
7702,3200000,45000,Diesel,Dealer,Automatic,1.0,19.33,1999 ,177,5.0,4
7703,4100000,17000,Petrol,Individual,Automatic,1.0,9.5,3604 ,280,5.0,4
7704,900000,12000,Diesel,Dealer,Manual,1.0,16.55,2498 ,105,6.0,3
7705,2000000,68089,Petrol,Trustmark Dealer,Automatic,1.0,19.16,2494 ,157.7,5.0,5
7706,550000,56494,Petrol,Trustmark Dealer,Manual,1.0,18.2,1199 ,88.7,5.0,5
7707,750000,79328,Diesel,Trustmark Dealer,Manual,2.0,12.99,2494 ,100.6,7.0,8
7708,779000,7032,Petrol,Trustmark Dealer,Automatic,1.0,19.0,1199 ,88.76,5.0,2
7709,4000000,10000,Diesel,Dealer,Automatic,1.0,22.48,1995 ,187.74,5.0,3
7710,5200000,17000,Petrol,Dealer,Automatic,1.0,15.0,1991 ,194.4,5.0,2
7711,4500000,21000,Diesel,Dealer,Automatic,1.0,12.83,1999 ,148.31,7.0,2
7712,969999,26500,Diesel,Dealer,Manual,1.0,17.6,2179 ,147.94,7.0,4
7713,6000000,37000,Diesel,Dealer,Automatic,1.0,13.5,2987 ,254.79,5.0,4
7714,475000,45629,Petrol,Trustmark Dealer,Automatic,1.0,18.9,1197 ,81.86,5.0,5
7715,1125000,3500,Petrol,Dealer,Automatic,1.0,18.15,998 ,118.35,5.0,2
7716,1650000,52000,Petrol,Dealer,Automatic,1.0,12.0,2354 ,187.4,5.0,4
7717,740000,35000,Diesel,Individual,Manual,1.0,16.5,1493 ,70,7.0,2
7718,400000,15000,Petrol,Individual,Manual,1.0,18.15,1198 ,82,6.0,3
7719,430000,14000,Petrol,Individual,Manual,1.0,20.51,998 ,67.04,5.0,3
7720,1132000,20000,Petrol,Individual,Manual,1.0,17.0,1197 ,110,5.0,2
7721,352000,68850,Petrol,Dealer,Manual,1.0,18.9,998 ,67.1,5.0,4
7722,252999,45775,Petrol,Dealer,Manual,1.0,23.84,1199 ,84,5.0,5
7723,80000,70000,Petrol,Individual,Manual,2.0,16.2,995 ,62.1,5.0,9
7724,313000,68203,Petrol,Dealer,Manual,1.0,21.79,998 ,67.05,5.0,6
7725,380000,30000,Petrol,Individual,Manual,2.0,18.9,1197 ,81.86,5.0,7
7726,350000,25000,Petrol,Individual,Manual,1.0,25.17,799 ,53.3,5.0,3
7727,600000,90000,Diesel,Individual,Manual,2.0,19.87,1461 ,83.8,5.0,5
7728,88000,97343,Diesel,Dealer,Manual,1.0,18.8,1248 ,90,5.0,10
7729,160000,70000,Petrol,Individual,Manual,4.0,19.7,796 ,35,8.0,13
7731,290000,31000,Petrol,Individual,Manual,1.0,20.36,1197 ,78.9,5.0,7
7732,650000,70000,Diesel,Individual,Manual,1.0,15.4,2179 ,120,7.0,7
7733,380000,20000,CNG,Individual,Manual,1.0,21.94,1196 ,61.7,5.0,6
7734,180000,62000,Petrol,Individual,Manual,1.0,21.1,814 ,55.2,5.0,7
7735,75000,29000,Petrol,Individual,Manual,1.0,16.1,796 ,37,4.0,13
7736,132000,82507,Diesel,Dealer,Manual,1.0,13.93,2179 ,138.03,7.0,9
7737,110000,60000,Petrol,Individual,Manual,2.0,18.6,1199 ,79.4,5.0,11
7738,390000,10000,Petrol,Individual,Manual,1.0,23.95,998 ,67.05,5.0,3
7739,550000,70000,Petrol,Individual,Manual,1.0,18.6,1197 ,81.83,5.0,6
7741,70000,59400,Petrol,Individual,Manual,4.0,16.1,796 ,37,4.0,13
7742,275000,20000,Petrol,Individual,Manual,1.0,21.1,814 ,55.2,5.0,8
7743,250000,125876,Petrol,Individual,Manual,2.0,15.0,1586 ,104.68,5.0,12
7744,2100000,5000,Petrol,Individual,Automatic,1.0,16.0,1368 ,160.77,5.0,2
7745,250000,90000,Diesel,Individual,Manual,2.0,13.55,2179 ,118.35,7.0,10
7746,1250000,56800,Diesel,Individual,Manual,1.0,12.4,2499 ,134,5.0,4
7747,1500000,60000,Diesel,Individual,Automatic,1.0,16.55,1968 ,147.51,5.0,7
7748,800000,60000,Diesel,Individual,Manual,1.0,12.8,2494 ,102,7.0,10
7749,1380000,150000,Diesel,Individual,Manual,1.0,13.0,2982 ,168.5,7.0,7
7750,325000,65204,Petrol,Trustmark Dealer,Automatic,1.0,23.1,998 ,67.04,5.0,7
7751,1150000,2286,Petrol,Trustmark Dealer,Automatic,1.0,18.15,998 ,118.35,5.0,2
7752,655000,15732,Petrol,Dealer,Automatic,1.0,22.0,1197 ,81.80,5.0,3
7753,890000,13000,Diesel,Dealer,Manual,1.0,18.06,2523 ,63,7.0,2
7754,525000,33000,Petrol,Dealer,Manual,1.0,20.89,1197 ,81.80,5.0,3
7755,300000,100000,Petrol,Individual,Manual,1.0,19.81,1086 ,68.05,5.0,7
7756,2950000,39000,Diesel,Dealer,Automatic,1.0,19.59,1995 ,187.74,5.0,4
7757,5200000,10000,Diesel,Dealer,Automatic,1.0,18.12,1995 ,190,5.0,2
7758,925000,28900,Petrol,Dealer,Manual,1.0,17.8,1497 ,117.3,5.0,3
7759,675000,49523,Petrol,Dealer,Manual,1.0,17.0,1497 ,118,5.0,4
7760,745000,48000,Diesel,Dealer,Manual,1.0,24.3,1248 ,88.5,5.0,3
7761,835000,17000,Diesel,Dealer,Manual,1.0,24.3,1248 ,88.5,5.0,3
7762,695000,36800,Diesel,Dealer,Manual,1.0,20.14,1498 ,88,5.0,2
7763,725000,36521,Diesel,Dealer,Manual,1.0,24.3,1248 ,88.5,5.0,3
7764,620000,90000,Petrol,Individual,Manual,1.0,22.0,1197 ,81.80,5.0,4
7765,58000,80000,Petrol,Individual,Manual,3.0,17.3,993 ,60,5.0,23
7766,335000,71000,Diesel,Dealer,Manual,1.0,21.64,1461 ,84.8,5.0,7
7767,475000,108000,Diesel,Dealer,Manual,1.0,16.0,2179 ,140,7.0,10
7768,484999,75000,Diesel,Dealer,Manual,1.0,19.87,1461 ,83.8,5.0,6
7769,610000,33000,Petrol,Individual,Manual,1.0,20.73,1373 ,91.1,5.0,6
7770,1000000,50000,Diesel,Individual,Manual,1.0,19.67,1582 ,126.2,5.0,6
7771,300000,35000,Petrol,Individual,Manual,1.0,23.01,999 ,67,5.0,2
7772,1405000,15000,Petrol,Individual,Manual,1.0,15.8,1591 ,121.3,5.0,3
7773,650000,22000,Petrol,Individual,Manual,2.0,21.56,1462 ,103.25,5.0,3
7774,850000,108000,Diesel,Individual,Manual,1.0,19.67,1582 ,126.2,5.0,6
7775,1850000,76131,Diesel,Individual,Automatic,1.0,13.22,2967 ,241.4,5.0,7
7776,267000,40000,Petrol,Individual,Manual,1.0,20.36,1197 ,78.9,5.0,9
7777,215000,47000,Petrol,Individual,Manual,2.0,21.1,814 ,55.2,5.0,8
7778,1282000,45000,Diesel,Individual,Manual,1.0,17.6,2179 ,153.86,7.0,4
7779,282000,15000,Petrol,Individual,Manual,1.0,24.7,796 ,47.3,5.0,4
7780,610000,90000,Diesel,Individual,Manual,1.0,12.8,2494 ,102,8.0,9
7781,900000,35000,Diesel,Individual,Manual,1.0,16.55,2498 ,105,6.0,3
7782,800000,70000,Diesel,Individual,Manual,1.0,15.4,1997 ,120,7.0,6
7783,380000,110000,Diesel,Individual,Manual,2.0,21.27,1396 ,88.76,5.0,8
7784,450000,120000,Diesel,Individual,Manual,2.0,12.05,2179 ,120,9.0,9
7785,242000,120000,Diesel,Individual,Manual,1.0,21.5,1248 ,88.8,5.0,10
7786,350000,35000,Petrol,Individual,Manual,2.0,25.17,799 ,53.3,5.0,4
7787,400000,22000,Petrol,Individual,Manual,1.0,20.3,1199 ,84,5.0,3
7788,400000,70000,Petrol,Individual,Manual,1.0,20.51,998 ,67.04,5.0,4
7789,246000,56000,Diesel,Dealer,Manual,1.0,22.1,1248 ,74,5.0,8
7790,221000,65000,Diesel,Dealer,Manual,1.0,19.09,1405 ,69.01,5.0,7
7791,700000,62000,Diesel,Dealer,Manual,1.0,13.1,2499 ,141,7.0,8
7792,1750000,52000,Diesel,Dealer,Automatic,1.0,12.55,2982 ,168.5,7.0,5
7793,550000,49000,Diesel,Dealer,Manual,1.0,25.4,1186 ,73.97,5.0,4
7794,550000,50000,Diesel,Dealer,Manual,2.0,28.09,1248 ,88.5,5.0,6
7795,375000,65000,Diesel,Dealer,Manual,1.0,28.4,1248 ,74,5.0,8
7796,391000,55000,Diesel,Dealer,Manual,1.0,24.4,1120 ,71,5.0,6
7797,2051000,35000,Diesel,Dealer,Automatic,2.0,19.7,2143 ,134.10,5.0,6
7798,525000,78000,Diesel,Dealer,Manual,2.0,15.05,2179 ,147.9,7.0,7
7799,212000,58000,Diesel,Dealer,Manual,2.0,16.8,1493 ,110,5.0,14
7800,221000,56000,Diesel,Dealer,Manual,2.0,25.44,936 ,57.6,5.0,10
7801,265000,61000,Diesel,Dealer,Manual,2.0,20.4,1248 ,91.7,5.0,11
7802,399000,61000,Diesel,Dealer,Manual,2.0,21.64,1461 ,84.8,5.0,8
7803,175000,61000,Diesel,Dealer,Manual,2.0,17.1,1493 ,110,5.0,13
7804,411000,64481,Diesel,Dealer,Manual,2.0,20.5,1598 ,103.5,5.0,10
7805,365000,65000,Diesel,Dealer,Manual,2.0,20.54,1598 ,103.6,5.0,10
7806,975000,80000,Diesel,Dealer,Automatic,2.0,22.48,1995 ,187.74,5.0,12
7807,499000,61000,Diesel,Dealer,Manual,2.0,22.71,1461 ,84.8,5.0,6
7808,2575000,70000,Diesel,Individual,Automatic,1.0,11.74,2987 ,254.8,5.0,7
7809,145000,30000,Petrol,Individual,Manual,1.0,18.0,995 ,62,5.0,12
7810,200000,200000,Diesel,Individual,Manual,2.0,17.0,1405 ,71,5.0,10
7811,1200000,230000,Diesel,Individual,Automatic,1.0,15.73,1968 ,174.33,5.0,7
7812,280000,100000,Petrol,Individual,Manual,1.0,20.3,998 ,68.05,5.0,5
7813,450000,95000,Diesel,Individual,Automatic,2.0,11.79,2179 ,120,8.0,10
7814,150000,140000,Petrol,Individual,Manual,3.0,17.7,1497 ,78,5.0,15
7815,600000,70000,Petrol,Individual,Manual,1.0,17.3,1497 ,117.3,7.0,4
7816,275000,60000,Petrol,Individual,Manual,1.0,25.17,799 ,53.3,5.0,5
7817,110000,88000,Diesel,Individual,Manual,1.0,18.8,1248 ,90,5.0,11
7818,500000,200000,Diesel,Individual,Manual,4.0,15.1,2179 ,140,7.0,9
7819,700000,60000,Diesel,Individual,Manual,2.0,15.1,2179 ,140,7.0,9
7820,900000,155000,Diesel,Individual,Automatic,2.0,16.07,1995 ,181,4.0,9
7821,150000,80000,Petrol,Individual,Manual,2.0,18.9,998 ,67.1,5.0,16
7822,275000,80000,Petrol,Individual,Manual,3.0,16.95,1498 ,97.7,5.0,8
7823,455000,40000,Diesel,Individual,Manual,1.0,28.4,1248 ,74,5.0,7
7824,900000,50000,Diesel,Individual,Manual,1.0,19.67,1582 ,126.2,5.0,6
7825,455000,40000,Diesel,Individual,Manual,1.0,25.2,1248 ,74,5.0,7
7826,650000,47000,Diesel,Individual,Manual,2.0,26.0,1498 ,98.6,5.0,4
7827,551000,20000,Petrol,Individual,Manual,2.0,18.9,1197 ,81.86,5.0,3
7828,650000,49060,Diesel,Individual,Manual,1.0,22.0,1498 ,108.495,5.0,4
7829,600000,60000,Petrol,Individual,Manual,1.0,18.6,1197 ,81.83,5.0,6
7830,235000,18000,Petrol,Individual,Manual,1.0,22.74,796 ,47.3,5.0,8
7831,800000,37161,Diesel,Dealer,Manual,1.0,22.7,1498 ,89.84,5.0,3
7832,1050000,80000,Diesel,Individual,Manual,1.0,19.67,1582 ,126.2,5.0,5
7833,45000,28000,Petrol,Individual,Manual,2.0,25.4,624 ,37.5,4.0,9
7834,450000,100000,Petrol,Individual,Automatic,2.0,15.74,1591 ,121.3,5.0,8
7835,391000,120000,Diesel,Individual,Manual,2.0,20.14,1498 ,88.8,5.0,7
7836,380000,70000,Diesel,Individual,Manual,2.0,18.2,1248 ,73.8,7.0,8
7837,170000,90000,Petrol,Individual,Manual,2.0,18.9,1061 ,67,5.0,11
7838,250000,90000,Diesel,Individual,Manual,2.0,13.55,2179 ,118.35,7.0,10
7839,800000,60000,Diesel,Individual,Manual,1.0,12.8,2494 ,102,7.0,10
7840,1380000,150000,Diesel,Individual,Manual,1.0,13.0,2982 ,168.5,7.0,7
7841,700000,24000,Diesel,Individual,Manual,1.0,16.55,2498 ,105,6.0,7
7842,450000,100000,Diesel,Individual,Manual,2.0,24.2,1498 ,98.6,7.0,5
7843,650000,6000,Petrol,Individual,Manual,1.0,18.15,1198 ,82,6.0,3
7844,950000,49700,Diesel,Individual,Manual,1.0,15.1,2179 ,140,7.0,8
7845,626000,80000,Diesel,Individual,Manual,2.0,12.8,2494 ,102,7.0,14
7847,600000,10000,Petrol,Individual,Automatic,1.0,21.21,1197 ,81.80,5.0,2
7848,290000,21000,Petrol,Individual,Manual,1.0,25.17,799 ,53.3,5.0,2
7849,215000,25000,Petrol,Individual,Manual,1.0,20.92,998 ,67.1,5.0,8
7850,250000,22000,Petrol,Individual,Manual,1.0,25.17,799 ,53.3,5.0,5
7851,750000,50000,Diesel,Individual,Manual,1.0,24.52,1248 ,88.5,7.0,4
7852,250000,20000,Petrol,Individual,Manual,2.0,23.95,998 ,67.05,5.0,5
7853,950000,15000,Petrol,Individual,Automatic,1.0,15.4,1497 ,117.3,7.0,4
7854,793000,30000,Diesel,Individual,Manual,1.0,25.83,1498 ,99,5.0,3
7855,750000,74000,Diesel,Individual,Manual,1.0,19.67,1582 ,126.2,5.0,6
7856,725000,6550,Petrol,Individual,Automatic,1.0,18.2,1199 ,88.7,5.0,4
7857,480000,30000,Diesel,Individual,Manual,1.0,24.0,1120 ,70,5.0,5
7858,2711000,9000,Diesel,Dealer,Automatic,1.0,13.6,1999 ,177,5.0,4
7859,5150000,20000,Petrol,Dealer,Automatic,1.0,22.37,2487 ,214.56,5.0,2
7860,3200000,45000,Diesel,Dealer,Automatic,1.0,19.33,1999 ,177,5.0,4
7861,503000,110000,Diesel,Individual,Manual,1.0,14.1,2179 ,147.94,7.0,6
7862,3800000,20000,Diesel,Individual,Automatic,1.0,18.0,1969 ,190,5.0,2
7863,2000000,68089,Petrol,Trustmark Dealer,Automatic,1.0,19.16,2494 ,157.7,5.0,5
7864,225000,58343,Petrol,Trustmark Dealer,Manual,1.0,21.79,998 ,67.05,5.0,8
7865,740000,38817,Diesel,Dealer,Manual,1.0,27.39,1248 ,74,5.0,3
7866,550000,56494,Petrol,Trustmark Dealer,Manual,1.0,18.2,1199 ,88.7,5.0,5
7867,750000,79328,Diesel,Trustmark Dealer,Manual,2.0,12.99,2494 ,100.6,7.0,8
7868,650000,5621,Petrol,Trustmark Dealer,Automatic,1.0,22.0,1197 ,81.80,5.0,2
7869,625000,25538,Petrol,Trustmark Dealer,Manual,1.0,16.78,1496 ,88.73,5.0,4
7870,600000,69779,Petrol,Dealer,Automatic,1.0,22.0,1197 ,81.80,5.0,3
7871,450000,56290,Diesel,Dealer,Manual,1.0,24.0,1186 ,73.97,5.0,4
7872,5400000,7500,Diesel,Dealer,Automatic,1.0,16.78,1995 ,190,5.0,2
7873,5500000,8500,Diesel,Dealer,Automatic,1.0,16.78,1995 ,190,5.0,2
7874,779000,7032,Petrol,Trustmark Dealer,Automatic,1.0,19.0,1199 ,88.76,5.0,2
7875,645000,11000,Petrol,Dealer,Automatic,1.0,14.3,1598 ,103.5,5.0,5
7876,2475000,2000,Diesel,Dealer,Automatic,1.0,16.8,1984 ,150,5.0,3
7877,990000,20000,Petrol,Individual,Automatic,1.0,17.0,1591 ,121.3,5.0,4
7878,370000,68000,Diesel,Individual,Manual,1.0,23.4,1248 ,74,5.0,9
7879,300000,60175,Petrol,Individual,Manual,1.0,18.2,1199 ,82.5,5.0,7
7880,250000,25000,Petrol,Individual,Manual,1.0,21.1,814 ,55.2,5.0,9
7881,700000,49957,Diesel,Dealer,Manual,1.0,25.83,1498 ,99,5.0,4
7882,600000,43235,Diesel,Dealer,Manual,1.0,24.29,1498 ,99,5.0,4
7883,925000,50699,Diesel,Dealer,Manual,1.0,22.77,1498 ,98.59,5.0,3
7884,700000,111000,Diesel,Individual,Manual,2.0,21.19,1396 ,88.73,5.0,5
7885,700000,48000,Petrol,Individual,Manual,2.0,21.1,998 ,100.5,5.0,3
7886,185000,90000,Diesel,Individual,Manual,4.0,17.8,1248 ,75,5.0,14
7887,434999,80000,Diesel,Individual,Manual,1.0,15.3,2956 ,83.83,7.0,6
7888,400000,100000,Petrol,Individual,Manual,1.0,18.16,1196 ,86.8,5.0,4
7889,180000,90000,Diesel,Individual,Manual,3.0,20.0,1399 ,68,5.0,10
7890,600000,50000,Diesel,Individual,Manual,1.0,26.59,1248 ,74,5.0,6
7891,320000,90000,Diesel,Individual,Manual,3.0,23.59,1364 ,67.06,5.0,7
7892,1689999,120000,Diesel,Individual,Manual,1.0,13.68,2393 ,147.8,8.0,5
7893,250000,140000,Petrol,Individual,Automatic,2.0,14.4,1598 ,103.6,5.0,10
7894,650000,20000,Petrol,Individual,Manual,1.0,20.3,1199 ,83.81,5.0,2
7895,340000,82000,Petrol,Individual,Manual,2.0,14.53,1798 ,138,5.0,12
7896,200000,80000,Diesel,Individual,Manual,3.0,13.5,1995 ,52,5.0,13
7897,869999,40000,Diesel,Individual,Manual,1.0,24.3,1248 ,88.5,5.0,4
7898,795000,120000,Diesel,Individual,Manual,1.0,24.52,1248 ,88.5,7.0,4
7899,869999,60000,Diesel,Individual,Manual,1.0,24.3,1248 ,88.5,5.0,4
7900,200000,70000,Diesel,Individual,Manual,2.0,21.1,1248 ,73.9,5.0,11
7901,800000,45500,Diesel,Individual,Manual,2.0,23.9,1582 ,126.2,5.0,4
7902,1100000,120000,Diesel,Individual,Manual,1.0,12.99,2494 ,100.6,8.0,7
7903,114999,100000,Petrol,Individual,Manual,2.0,19.7,796 ,46.3,5.0,13
7904,500000,92000,Diesel,Individual,Manual,3.0,20.77,1248 ,88.76,7.0,8
7905,700000,141000,Diesel,Individual,Manual,4.0,25.2,1248 ,74,5.0,7
7906,1516000,120000,Diesel,Individual,Automatic,1.0,11.36,2755 ,171.5,7.0,5
7907,200000,35000,Petrol,Individual,Manual,1.0,22.7,799 ,53.64,5.0,5
7908,450000,50000,Petrol,Individual,Manual,1.0,17.8,1198 ,86.7,5.0,6
7909,850000,9500,Diesel,Individual,Manual,1.0,21.5,1497 ,108.5,5.0,3
7910,359000,5500,Petrol,Individual,Manual,1.0,15.37,1196 ,73,7.0,2
7911,320000,28000,Petrol,Individual,Manual,1.0,25.17,799 ,53.3,5.0,4
7912,110000,113000,Petrol,Individual,Manual,1.0,15.3,1193 ,65.3,5.0,12
7913,209000,1,CNG,Individual,Manual,4.0,15.1,1196 ,73,5.0,10
7914,169000,100000,Petrol,Individual,Manual,2.0,15.0,1368 ,90,5.0,11
7915,400000,50074,Diesel,Individual,Manual,1.0,24.0,1120 ,70,5.0,7
7916,600000,100000,Diesel,Individual,Manual,4.0,22.54,1396 ,88.73,5.0,7
7917,350000,35000,Petrol,Individual,Manual,1.0,15.37,1196 ,73,7.0,4
7918,990000,60000,Diesel,Individual,Manual,1.0,23.0,1498 ,98.96,5.0,3
7919,1600000,70000,Diesel,Individual,Automatic,1.0,14.21,2143 ,203,5.0,10
7920,1400000,70000,Diesel,Individual,Manual,1.0,17.6,2179 ,153.86,7.0,4
7921,745000,10000,Petrol,Individual,Automatic,1.0,21.4,1197 ,83.1,5.0,4
7922,2800000,40000,Diesel,Individual,Automatic,1.0,16.25,1968 ,148,7.0,3
7923,500000,35000,Diesel,Individual,Manual,1.0,25.2,1248 ,74,5.0,6
7924,540000,5000,Petrol,Individual,Automatic,1.0,20.52,1197 ,81.80,5.0,2
7925,1850000,33000,Diesel,Individual,Manual,1.0,13.68,2393 ,147.8,7.0,5
7926,600000,27000,Diesel,Individual,Manual,1.0,22.95,1248 ,74,5.0,4
7927,690000,25000,Petrol,Individual,Manual,1.0,19.0,1194 ,94.68,5.0,3
7928,630000,30154,Diesel,Individual,Manual,1.0,25.2,1248 ,74,5.0,5
7929,640000,20000,Petrol,Individual,Manual,1.0,20.14,1197 ,81.86,5.0,3
7930,5500000,17000,Diesel,Individual,Automatic,1.0,18.0,1969 ,190,5.0,2
7931,2100000,85000,Diesel,Individual,Automatic,2.0,12.62,2198 ,158,7.0,5
7932,500000,100000,Petrol,Individual,Manual,1.0,20.4,1197 ,81.80,5.0,5
7933,310000,54000,Petrol,Individual,Manual,1.0,24.7,796 ,47.3,5.0,4
7934,600000,80000,Diesel,Individual,Manual,1.0,18.49,1493 ,100,7.0,6
7935,40000,100000,Petrol,Individual,Manual,3.0,16.1,796 ,37,4.0,22
7936,620000,70000,Diesel,Individual,Manual,1.0,25.4,1186 ,73.97,5.0,3
7937,760000,50000,Diesel,Individual,Manual,1.0,27.39,1248 ,74,5.0,3
7938,1200000,40000,Diesel,Individual,Manual,1.0,22.0,1582 ,126.2,5.0,3
7939,760000,50000,Diesel,Individual,Manual,1.0,27.39,1248 ,74,5.0,3
7940,300000,45000,Petrol,Individual,Manual,1.0,20.36,1197 ,78.9,5.0,9
7941,500000,5000,Petrol,Individual,Manual,1.0,23.84,1199 ,84,5.0,2
7942,120000,70000,Petrol,Individual,Manual,3.0,18.6,1199 ,79.4,5.0,9
7943,350000,26263,Petrol,Individual,Manual,1.0,21.1,814 ,55.2,5.0,4
7944,350000,100000,Petrol,Individual,Manual,2.0,18.15,1198 ,82,5.0,5
7945,730000,250000,Diesel,Individual,Manual,1.0,12.99,2494 ,100,7.0,9
7946,1050000,18000,Diesel,Dealer,Manual,1.0,19.6,1461 ,108.45,5.0,3
7947,550000,80000,Diesel,Dealer,Manual,1.0,25.0,1493 ,113.42,5.0,8
7948,675000,108000,Diesel,Dealer,Manual,1.0,23.65,1248 ,88.5,5.0,5
7949,1400000,170000,Diesel,Individual,Manual,1.0,12.99,2494 ,100.6,7.0,6
7950,625000,25000,Petrol,Individual,Manual,1.0,22.0,1197 ,81.80,5.0,4
7951,1220000,11000,Petrol,Individual,Manual,1.0,15.8,1591 ,121.3,5.0,3
7952,475000,5000,Petrol,Individual,Automatic,1.0,21.7,998 ,67,5.0,2
7953,550000,105000,Diesel,Dealer,Manual,1.0,21.7,1498 ,98.96,5.0,7
7954,320000,40000,Petrol,Individual,Manual,1.0,18.5,1197 ,85.80,5.0,9
7955,530000,90000,Diesel,Individual,Manual,1.0,22.9,1248 ,74,5.0,7
7956,300000,30000,Petrol,Individual,Manual,1.0,24.7,796 ,47.3,5.0,3
7957,1180000,5500,Petrol,Individual,Manual,1.0,17.4,1497 ,117.6,5.0,3
7958,45957,90000,Petrol,Individual,Manual,2.0,19.7,796 ,46.3,5.0,21
7959,190000,65000,Petrol,Individual,Manual,1.0,21.1,814 ,55.2,5.0,9
7960,730000,60000,Diesel,Individual,Manual,1.0,22.32,1582 ,126.32,5.0,7
7961,530000,120000,Diesel,Individual,Manual,1.0,25.2,1248 ,74,5.0,6
7962,530000,9500,Petrol,Individual,Manual,1.0,18.16,1196 ,86.8,5.0,2
7963,1265000,12000,Diesel,Individual,Manual,1.0,20.37,1461 ,108.45,5.0,3
7964,1025000,32000,Diesel,Individual,Manual,1.0,28.09,1248 ,88.50,5.0,2
7965,130000,60000,Petrol,Individual,Manual,1.0,19.7,796 ,46.3,5.0,12
7966,735000,70000,Diesel,Individual,Manual,1.0,18.49,1493 ,100,7.0,4
7967,1500000,84925,Diesel,Individual,Automatic,1.0,16.07,1995 ,181,5.0,10
7968,120000,120000,Petrol,Individual,Manual,2.0,17.8,1086 ,63,5.0,14
7969,730000,250000,Diesel,Individual,Manual,1.0,12.99,2494 ,100,7.0,9
7970,1050000,18000,Diesel,Dealer,Manual,1.0,19.6,1461 ,108.45,5.0,3
7971,550000,80000,Diesel,Dealer,Manual,1.0,25.0,1493 ,113.42,5.0,8
7972,675000,108000,Diesel,Dealer,Manual,1.0,23.65,1248 ,88.5,5.0,5
7973,1400000,170000,Diesel,Individual,Manual,1.0,12.99,2494 ,100.6,7.0,6
7974,625000,25000,Petrol,Individual,Manual,1.0,22.0,1197 ,81.80,5.0,4
7975,1220000,11000,Petrol,Individual,Manual,1.0,15.8,1591 ,121.3,5.0,3
7976,475000,5000,Petrol,Individual,Automatic,1.0,21.7,998 ,67,5.0,2
7977,550000,105000,Diesel,Dealer,Manual,1.0,21.7,1498 ,98.96,5.0,7
7978,320000,40000,Petrol,Individual,Manual,1.0,18.5,1197 ,85.80,5.0,9
7979,530000,90000,Diesel,Individual,Manual,1.0,22.9,1248 ,74,5.0,7
7980,300000,30000,Petrol,Individual,Manual,1.0,24.7,796 ,47.3,5.0,3
7981,1180000,5500,Petrol,Individual,Manual,1.0,17.4,1497 ,117.6,5.0,3
7982,45957,90000,Petrol,Individual,Manual,2.0,19.7,796 ,46.3,5.0,21
7983,190000,65000,Petrol,Individual,Manual,1.0,21.1,814 ,55.2,5.0,9
7984,730000,60000,Diesel,Individual,Manual,1.0,22.32,1582 ,126.32,5.0,7
7985,530000,120000,Diesel,Individual,Manual,1.0,25.2,1248 ,74,5.0,6
7986,530000,9500,Petrol,Individual,Manual,1.0,18.16,1196 ,86.8,5.0,2
7987,1265000,12000,Diesel,Individual,Manual,1.0,20.37,1461 ,108.45,5.0,3
7988,1025000,32000,Diesel,Individual,Manual,1.0,28.09,1248 ,88.50,5.0,2
7989,470000,50000,Petrol,Individual,Manual,1.0,18.9,1197 ,82,5.0,4
7990,250000,50000,Diesel,Individual,Manual,2.0,25.0,1396 ,69.01,5.0,7
7991,430000,90000,Petrol,Individual,Manual,1.0,16.02,1373 ,93.7,7.0,8
7992,550000,93000,Diesel,Individual,Manual,1.0,20.77,1248 ,88.76,7.0,9
7993,500000,117000,Petrol,Individual,Manual,1.0,20.85,1197 ,83.14,5.0,6
7994,240000,90000,Petrol,Individual,Manual,2.0,17.7,1497 ,78,5.0,13
7995,170000,80000,Petrol,Individual,Manual,3.0,16.1,1298 ,88.2,5.0,13
7997,252000,30000,Petrol,Individual,Manual,1.0,22.74,796 ,47.3,5.0,5
7998,270000,35000,Petrol,Individual,Manual,1.0,24.7,796 ,47.3,5.0,4
7999,100000,40000,Petrol,Individual,Manual,1.0,19.7,796 ,46.3,5.0,17
8000,350000,46357,Petrol,Individual,Manual,2.0,20.51,998 ,67.04,5.0,6
8001,240000,80000,Petrol,Individual,Manual,2.0,16.6,1388 ,68,5.0,10
8002,620000,7000,Diesel,Dealer,Manual,1.0,21.04,1461 ,83.8,8.0,5
8003,600000,43000,Petrol,Dealer,Automatic,1.0,13.4,1997 ,135.1,5.0,10
8004,650000,85000,Diesel,Dealer,Manual,1.0,24.4,1499 ,98.96,5.0,5
8005,950000,70000,Diesel,Individual,Manual,1.0,22.0,1582 ,126.2,5.0,3
8006,660000,56000,Diesel,Individual,Manual,1.0,25.2,1248 ,74,5.0,4
8007,360000,90000,Diesel,Individual,Manual,2.0,21.9,1396 ,88.76,5.0,9
8008,382000,40000,Petrol,Individual,Manual,1.0,23.95,998 ,67.1,5.0,4
8010,270000,60000,Petrol,Individual,Manual,2.0,19.81,1086 ,68.05,5.0,10
8011,650000,70000,Diesel,Individual,Manual,1.0,22.54,1396 ,88.73,5.0,6
8012,200000,170000,Diesel,Individual,Manual,2.0,20.0,1399 ,68,5.0,10
8013,400000,95000,Diesel,Individual,Manual,1.0,27.62,793 ,47,5.0,6
8014,416000,90000,Diesel,Individual,Manual,2.0,22.9,1248 ,74,5.0,9
8015,750000,35000,Diesel,Individual,Manual,1.0,27.39,1248 ,74,5.0,3
8016,190000,120000,Diesel,Individual,Manual,2.0,22.3,1248 ,74,5.0,8
8017,60000,120000,Diesel,Individual,Manual,4.0,17.88,1396 ,52.8,5.0,13
8018,300000,175000,Diesel,Individual,Manual,2.0,13.93,2179 ,138.1,7.0,15
8019,300000,90000,Petrol,Individual,Manual,2.0,18.9,998 ,67.1,5.0,8
8020,65000,120000,Diesel,Individual,Manual,3.0,17.2,1396 ,53.5,5.0,14
8021,270000,108000,Diesel,Individual,Manual,2.0,17.8,1399 ,67,5.0,9
8022,600000,70000,Diesel,Individual,Manual,1.0,15.96,2523 ,62.1,7.0,7
8023,1200000,62000,Diesel,Individual,Automatic,2.0,11.72,2199 ,194.3,7.0,10
8024,195000,35000,Petrol,Individual,Manual,2.0,21.1,814 ,55.2,5.0,9
8025,35000,40000,Petrol,Individual,Manual,2.0,16.1,796 ,37,4.0,23
8026,100000,120000,Diesel,Individual,Manual,1.0,19.09,1396 ,69,5.0,13
8027,220000,67000,Petrol,Individual,Manual,2.0,20.36,1197 ,78.9,5.0,9
8028,320000,46737,Petrol,Individual,Manual,1.0,22.74,796 ,47.3,5.0,5
8029,240000,30000,Petrol,Individual,Manual,1.0,18.6,1199 ,76.8,5.0,7
8030,275000,300000,Diesel,Individual,Manual,1.0,15.3,2956 ,83.83,7.0,7
8031,275000,195000,Diesel,Individual,Manual,1.0,18.2,1248 ,73.8,7.0,7
8032,130000,70000,Petrol,Individual,Manual,2.0,16.5,1172 ,65,5.0,10
8033,450000,200000,Diesel,Individual,Manual,2.0,22.32,1582 ,126.32,5.0,9
8034,600000,160000,Diesel,Individual,Manual,1.0,19.01,1461 ,108.45,5.0,6
8035,310000,20000,Petrol,Individual,Manual,1.0,24.7,796 ,47.3,5.0,3
8036,432000,30000,Petrol,Individual,Manual,1.0,20.51,998 ,67.04,5.0,3
8037,175000,90000,Diesel,Individual,Manual,3.0,19.4,1405 ,70,5.0,9
8038,770000,100000,Diesel,Individual,Manual,2.0,24.52,1248 ,88.5,7.0,5
8039,135000,110048,Petrol,Individual,Manual,3.0,20.92,998 ,67.1,5.0,10
8040,680000,26000,Diesel,Individual,Manual,1.0,25.4,1186 ,73.97,5.0,3
8041,90000,110000,Petrol,Individual,Manual,4.0,18.9,1061 ,67,5.0,14
8042,300000,186388,Petrol,Individual,Manual,2.0,14.8,1298 ,80,8.0,24
8043,100000,60000,Petrol,Individual,Manual,3.0,14.7,1150 ,76,5.0,14
8044,120000,70000,Petrol,Individual,Manual,3.0,19.7,796 ,46.3,5.0,15
8045,750000,20171,Diesel,Dealer,Automatic,1.0,19.87,1461 ,108.5,5.0,4
8046,525000,37151,Diesel,Dealer,Manual,1.0,27.3,1498 ,98.6,5.0,4
8047,649000,39000,Petrol,Dealer,Manual,1.0,17.4,1497 ,117.3,5.0,6
8048,210000,44500,Petrol,Dealer,Manual,1.0,16.47,1198 ,74,5.0,11
8049,526000,15000,Petrol,Dealer,Manual,1.0,18.7,1199 ,88.7,5.0,5
8050,599000,39000,Petrol,Dealer,Manual,1.0,15.9,1496 ,120.69,5.0,5
8051,500000,58161,Petrol,Dealer,Manual,1.0,17.8,1497 ,117.3,5.0,6
8052,750000,50171,Petrol,Dealer,Automatic,1.0,11.1,2354 ,158.8,5.0,9
8053,325000,40000,Petrol,Dealer,Manual,1.0,17.4,1497 ,117.6,5.0,10
8054,575000,55161,Petrol,Dealer,Manual,1.0,17.8,1497 ,117.3,5.0,5
8055,245000,30000,Petrol,Dealer,Manual,1.0,18.5,1198 ,86.8,5.0,9
8056,625000,55000,Petrol,Dealer,Manual,1.0,17.8,1497 ,117.3,5.0,5
8057,580000,50000,Petrol,Dealer,Automatic,1.0,11.7,2354 ,177.6,5.0,8
8058,1689999,8000,Petrol,Dealer,Automatic,1.0,16.6,1798 ,177.5,5.0,4
8059,1175000,14000,Petrol,Dealer,Manual,1.0,15.8,1591 ,121.3,5.0,3
8060,575000,9599,Petrol,Dealer,Manual,1.0,17.8,1497 ,117.3,5.0,6
8061,600000,35000,Petrol,Dealer,Manual,1.0,17.0,1197 ,80,5.0,4
8062,750000,16151,Petrol,Dealer,Manual,1.0,17.8,1497 ,117.3,5.0,5
8063,890000,40000,Petrol,Dealer,Automatic,1.0,14.8,1591 ,121.3,5.0,5
8064,600000,28161,Petrol,Dealer,Manual,1.0,17.8,1497 ,117.3,5.0,6
8065,114999,60000,Petrol,Individual,Manual,2.0,18.0,995 ,62,5.0,11
8066,140000,60000,Petrol,Individual,Manual,2.0,18.0,995 ,62,5.0,11
8067,360000,100000,Diesel,Individual,Manual,4.0,13.5,2179 ,115,5.0,10
8069,500000,130000,Petrol,Individual,Manual,2.0,19.0,1197 ,85.8,5.0,4
8070,409999,60000,Diesel,Individual,Manual,1.0,25.8,1498 ,98.6,5.0,6
8071,425000,200000,Diesel,Individual,Manual,2.0,12.8,2494 ,102,7.0,11
8072,450000,82000,Diesel,Individual,Manual,2.0,20.45,1461 ,83.8,5.0,7
8073,400000,20000,Petrol,Individual,Manual,1.0,18.9,1197 ,82,5.0,7
8074,295000,60000,Petrol,Individual,Manual,3.0,16.51,1586 ,103.2,5.0,8
8075,560000,90000,Diesel,Individual,Manual,2.0,26.21,1248 ,88.5,5.0,7
8076,150000,50000,Petrol,Individual,Manual,3.0,14.0,1061 ,64,5.0,15
8077,550000,250000,Diesel,Individual,Manual,1.0,12.8,2494 ,102,7.0,12
8078,114999,100000,Petrol,Individual,Manual,2.0,18.0,995 ,62,5.0,10
8079,90177,129000,Diesel,Individual,Manual,3.0,17.0,1405 ,70,5.0,14
8080,300000,100000,Diesel,Individual,Manual,1.0,11.57,2179 ,138.1,7.0,11
8081,110000,100000,Petrol,Individual,Automatic,2.0,12.0,1493 ,100,5.0,16
8082,125000,110000,Diesel,Individual,Manual,3.0,17.8,1399 ,68,5.0,14
8083,300000,100000,Diesel,Individual,Manual,2.0,11.5,1991 ,147.9,7.0,13
8084,450000,20000,Petrol,Individual,Manual,1.0,18.9,1197 ,81.86,5.0,4
8085,300000,40000,Diesel,Individual,Manual,1.0,18.3,1991 ,147.9,5.0,10
8086,470000,30000,Petrol,Individual,Automatic,1.0,23.1,998 ,67.04,5.0,3
8087,330000,25000,Petrol,Individual,Manual,1.0,17.57,1193 ,88.7,5.0,6
8088,390000,25000,Petrol,Individual,Manual,2.0,20.51,998 ,67.04,5.0,3
8089,46000,25000,Petrol,Individual,Manual,2.0,26.0,624 ,35,4.0,10
8090,509999,170000,Diesel,Individual,Manual,1.0,20.45,1461 ,83.8,5.0,8
8091,125000,40000,Petrol,Individual,Manual,2.0,16.0,1368 ,90,5.0,11
8092,780000,28000,Diesel,Individual,Manual,1.0,22.54,1396 ,88.73,5.0,4
8093,450000,100000,Diesel,Individual,Manual,1.0,22.32,1582 ,126.3,5.0,10
8094,200000,80868,Petrol,Individual,Manual,3.0,13.7,1368 ,88.8,5.0,9
8095,260000,194000,Diesel,Individual,Manual,1.0,20.0,1399 ,68,5.0,9
8096,250000,151000,Diesel,Individual,Manual,2.0,17.8,1248 ,75,5.0,12
8097,880000,65000,Diesel,Individual,Manual,1.0,23.0,1498 ,98.96,5.0,3
8098,307000,100000,Diesel,Individual,Manual,2.0,17.8,1248 ,75,5.0,12
8099,750000,120000,Diesel,Individual,Manual,1.0,15.1,2179 ,140,7.0,8
8100,800000,85000,Diesel,Individual,Manual,2.0,21.5,1497 ,108.5,5.0,3
8101,450000,70000,Diesel,Individual,Manual,1.0,20.3,1248 ,75,5.0,9
8102,450000,128000,Diesel,Individual,Manual,2.0,22.32,1582 ,126.32,5.0,10
8104,160000,70000,Petrol,Individual,Manual,2.0,16.9,1497 ,100,5.0,15
8105,135000,120000,Petrol,Individual,Manual,2.0,13.0,1343 ,90,5.0,17
8106,450000,128000,Diesel,Individual,Manual,2.0,22.32,1582 ,126.32,5.0,9
8107,325000,100000,Diesel,Individual,Manual,3.0,20.45,1461 ,83.8,5.0,8
8108,1575000,20000,Diesel,Individual,Automatic,1.0,17.8,1493 ,113.4,5.0,2
8109,750000,24000,Diesel,Individual,Manual,1.0,24.4,1498 ,98.63,5.0,3
8110,425000,12000,Petrol,Individual,Manual,1.0,23.1,998 ,67.04,5.0,4
8111,425000,50000,Diesel,Individual,Manual,1.0,23.59,1364 ,67.06,5.0,7
8112,746000,24000,Diesel,Individual,Manual,1.0,24.4,1498 ,98.63,5.0,3
8113,425000,129000,Diesel,Individual,Manual,1.0,12.8,2494 ,102,8.0,11
8114,200000,73000,Petrol,Individual,Manual,1.0,19.7,796 ,46.3,5.0,10
8115,40000,120000,Petrol,Individual,Manual,1.0,16.1,796 ,37,4.0,24
8116,340000,45000,Petrol,Individual,Manual,1.0,23.95,998 ,67.1,5.0,4
8117,625000,50000,Diesel,Individual,Manual,1.0,26.59,1248 ,74,5.0,6
8118,380000,25000,Petrol,Individual,Manual,1.0,18.5,1197 ,82.85,5.0,8
8119,360000,80000,Petrol,Individual,Manual,1.0,20.51,998 ,67.04,5.0,4
8120,120000,191000,Petrol,Individual,Manual,1.0,17.92,1086 ,62.1,5.0,13
8121,260000,50000,Petrol,Individual,Manual,2.0,18.9,998 ,67.1,5.0,8
8122,475000,80000,Diesel,Individual,Manual,2.0,22.54,1396 ,88.73,5.0,7
8123,320000,110000,Petrol,Individual,Manual,1.0,18.5,1197 ,82.85,5.0,8
8124,135000,119000,Diesel,Individual,Manual,4.0,16.8,1493 ,110,5.0,14
8125,382000,120000,Diesel,Individual,Manual,1.0,19.3,1248 ,73.9,5.0,12
8126,290000,25000,Diesel,Individual,Manual,1.0,23.57,1396 ,70,5.0,8
8127,290000,25000,Diesel,Individual,Manual,1.0,23.57,1396 ,70,5.0,8
